city,source,entity_id,rows,first_timestamp_utc,last_timestamp_utc,observed_minutes,span_minutes,missing_minutes_internal,series_count
beida,frr_syslog_events,beida-br-1,22,2026-08-28T20:24:28Z,2026-09-01T18:00:14Z,7,5616,5609,0
beida,frr_syslog_events,beida-br-2,24,2026-08-21T03:17:51Z,2026-09-01T18:00:14Z,7,16723,16716,0
beida,frr_syslog_events,beida-cr-1,18,2026-08-28T20:24:28Z,2026-09-01T18:00:14Z,6,5616,5610,0
beida,frr_syslog_events,beida-cr-2,246,2026-08-28T20:23:58Z,2026-09-01T18:00:14Z,20,5617,5597,0
beida,interface_metrics,beida-br-1,201520,2026-08-19T04:00:00Z,2026-09-02T03:59:00Z,20152,20160,8,10
beida,interface_metrics,beida-br-2,201520,2026-08-19T04:00:00Z,2026-09-02T03:59:00Z,20152,20160,8,10
beida,interface_metrics,beida-cr-1,201590,2026-08-19T04:00:00Z,2026-09-02T03:59:00Z,20159,20160,1,10
beida,interface_metrics,beida-cr-2,201590,2026-08-19T04:00:00Z,2026-09-02T03:59:00Z,20159,20160,1,10
beida,interface_metrics,beida-fw,80636,2026-08-19T04:00:00Z,2026-09-02T03:59:00Z,20159,20160,1,4
beida,interface_metrics,beida-service-vm-1,80636,2026-08-19T04:00:00Z,2026-09-02T03:59:00Z,20159,20160,1,4
beida,interface_metrics,beida-service-vm-2,80636,2026-08-19T04:00:00Z,2026-09-02T03:59:00Z,20159,20160,1,4
beida,interface_metrics,beida-service-vm-3,80636,2026-08-19T04:00:00Z,2026-09-02T03:59:00Z,20159,20160,1,4
beida,interface_metrics,beida-traffic-vm,80636,2026-08-19T04:00:00Z,2026-09-02T03:59:00Z,20159,20160,1,4
beida,node_metrics,beida-br-1,20152,2026-08-19T04:00:00Z,2026-09-02T03:59:00Z,20152,20160,8,1
beida,node_metrics,beida-br-2,20152,2026-08-19T04:00:00Z,2026-09-02T03:59:00Z,20152,20160,8,1
beida,node_metrics,beida-cr-1,20159,2026-08-19T04:00:00Z,2026-09-02T03:59:00Z,20159,20160,1,1
beida,node_metrics,beida-cr-2,20159,2026-08-19T04:00:00Z,2026-09-02T03:59:00Z,20159,20160,1,1
beida,node_metrics,beida-fw,20159,2026-08-19T04:00:00Z,2026-09-02T03:59:00Z,20159,20160,1,1
beida,node_metrics,beida-service-vm-1,20159,2026-08-19T04:00:00Z,2026-09-02T03:59:00Z,20159,20160,1,1
beida,node_metrics,beida-service-vm-2,20159,2026-08-19T04:00:00Z,2026-09-02T03:59:00Z,20159,20160,1,1
beida,node_metrics,beida-service-vm-3,20159,2026-08-19T04:00:00Z,2026-09-02T03:59:00Z,20159,20160,1,1
beida,node_metrics,beida-traffic-vm,20159,2026-08-19T04:00:00Z,2026-09-02T03:59:00Z,20159,20160,1,1
beida,routing_metrics,beida-br-1,1390462,2026-08-19T04:00:00Z,2026-09-02T03:59:00Z,20152,20160,8,75
beida,routing_metrics,beida-br-2,1390478,2026-08-19T04:00:00Z,2026-09-02T03:59:00Z,20152,20160,8,75
beida,routing_metrics,beida-cr-1,1330562,2026-08-19T04:00:00Z,2026-09-02T03:59:00Z,20160,20160,0,67
beida,routing_metrics,beida-cr-2,1330556,2026-08-19T04:00:00Z,2026-09-02T03:59:00Z,20160,20160,0,67
beida,scrape_health,beida-br-1,40318,2026-08-19T04:00:00Z,2026-09-02T03:59:00Z,20159,20160,1,2
beida,scrape_health,beida-br-2,40318,2026-08-19T04:00:00Z,2026-09-02T03:59:00Z,20159,20160,1,2
beida,scrape_health,beida-cr-1,40318,2026-08-19T04:00:00Z,2026-09-02T03:59:00Z,20159,20160,1,2
beida,scrape_health,beida-cr-2,40318,2026-08-19T04:00:00Z,2026-09-02T03:59:00Z,20159,20160,1,2
beida,scrape_health,beida-fw,20159,2026-08-19T04:00:00Z,2026-09-02T03:59:00Z,20159,20160,1,1
beida,scrape_health,beida-service-vm-1,20159,2026-08-19T04:00:00Z,2026-09-02T03:59:00Z,20159,20160,1,1
beida,scrape_health,beida-service-vm-2,20159,2026-08-19T04:00:00Z,2026-09-02T03:59:00Z,20159,20160,1,1
beida,scrape_health,beida-service-vm-3,20159,2026-08-19T04:00:00Z,2026-09-02T03:59:00Z,20159,20160,1,1
beida,scrape_health,beida-traffic-vm,20159,2026-08-19T04:00:00Z,2026-09-02T03:59:00Z,20159,20160,1,1
beida,traffic_flow_metrics,beida-traffic-vm,52631,2026-08-19T04:00:00Z,2026-09-02T03:59:00Z,20152,20160,8,0
chengdu,frr_syslog_events,chengdu-br-1,25,2026-08-20T10:57:08Z,2026-09-01T16:57:08Z,11,17641,17630,0
chengdu,frr_syslog_events,chengdu-br-2,31,2026-08-19T04:57:08Z,2026-09-01T10:57:08Z,16,19081,19065,0
chengdu,frr_syslog_events,chengdu-cr-1,366,2026-08-20T12:27:08Z,2026-08-31T18:47:45Z,32,16221,16189,0
chengdu,frr_syslog_events,chengdu-cr-2,10,2026-08-31T18:20:05Z,2026-08-31T18:47:45Z,3,28,25,0
chengdu,interface_metrics,chengdu-br-1,201300,2026-08-19T04:00:00Z,2026-09-02T03:59:00Z,20130,20160,30,10
chengdu,interface_metrics,chengdu-br-2,201300,2026-08-19T04:00:00Z,2026-09-02T03:59:00Z,20130,20160,30,10
chengdu,interface_metrics,chengdu-cr-1,201470,2026-08-19T04:00:00Z,2026-09-02T03:59:00Z,20147,20160,13,10
chengdu,interface_metrics,chengdu-cr-2,201470,2026-08-19T04:00:00Z,2026-09-02T03:59:00Z,20147,20160,13,10
chengdu,interface_metrics,chengdu-fw,80588,2026-08-19T04:00:00Z,2026-09-02T03:59:00Z,20147,20160,13,4
chengdu,interface_metrics,chengdu-service-vm-1,80588,2026-08-19T04:00:00Z,2026-09-02T03:59:00Z,20147,20160,13,4
chengdu,interface_metrics,chengdu-service-vm-2,80588,2026-08-19T04:00:00Z,2026-09-02T03:59:00Z,20147,20160,13,4
chengdu,interface_metrics,chengdu-service-vm-3,80588,2026-08-19T04:00:00Z,2026-09-02T03:59:00Z,20147,20160,13,4
chengdu,interface_metrics,chengdu-traffic-vm,80588,2026-08-19T04:00:00Z,2026-09-02T03:59:00Z,20147,20160,13,4
chengdu,node_metrics,chengdu-br-1,20131,2026-08-19T04:00:00Z,2026-09-02T03:59:00Z,20131,20160,29,1
chengdu,node_metrics,chengdu-br-2,20131,2026-08-19T04:00:00Z,2026-09-02T03:59:00Z,20131,20160,29,1
chengdu,node_metrics,chengdu-cr-1,20147,2026-08-19T04:00:00Z,2026-09-02T03:59:00Z,20147,20160,13,1
chengdu,node_metrics,chengdu-cr-2,20147,2026-08-19T04:00:00Z,2026-09-02T03:59:00Z,20147,20160,13,1
chengdu,node_metrics,chengdu-fw,20147,2026-08-19T04:00:00Z,2026-09-02T03:59:00Z,20147,20160,13,1
chengdu,node_metrics,chengdu-service-vm-1,20147,2026-08-19T04:00:00Z,2026-09-02T03:59:00Z,20147,20160,13,1
chengdu,node_metrics,chengdu-service-vm-2,20147,2026-08-19T04:00:00Z,2026-09-02T03:59:00Z,20147,20160,13,1
chengdu,node_metrics,chengdu-service-vm-3,20147,2026-08-19T04:00:00Z,2026-09-02T03:59:00Z,20147,20160,13,1
chengdu,node_metrics,chengdu-traffic-vm,20147,2026-08-19T04:00:00Z,2026-09-02T03:59:00Z,20147,20160,13,1
chengdu,routing_metrics,chengdu-br-1,1228207,2026-08-19T04:00:00Z,2026-09-02T03:59:00Z,20135,20160,25,68
chengdu,routing_metrics,chengdu-br-2,1228228,2026-08-19T04:00:00Z,2026-09-02T03:59:00Z,20135,20160,25,65
chengdu,routing_metrics,chengdu-cr-1,1330034,2026-08-19T04:00:00Z,2026-09-02T03:59:00Z,20152,20160,8,67
chengdu,routing_metrics,chengdu-cr-2,1330038,2026-08-19T04:00:00Z,2026-09-02T03:59:00Z,20152,20160,8,67
chengdu,scrape_health,chengdu-br-1,40294,2026-08-19T04:00:00Z,2026-09-02T03:59:00Z,20147,20160,13,2
chengdu,scrape_health,chengdu-br-2,40294,2026-08-19T04:00:00Z,2026-09-02T03:59:00Z,20147,20160,13,2
chengdu,scrape_health,chengdu-cr-1,40294,2026-08-19T04:00:00Z,2026-09-02T03:59:00Z,20147,20160,13,2
chengdu,scrape_health,chengdu-cr-2,40294,2026-08-19T04:00:00Z,2026-09-02T03:59:00Z,20147,20160,13,2
chengdu,scrape_health,chengdu-fw,20147,2026-08-19T04:00:00Z,2026-09-02T03:59:00Z,20147,20160,13,1
chengdu,scrape_health,chengdu-service-vm-1,20147,2026-08-19T04:00:00Z,2026-09-02T03:59:00Z,20147,20160,13,1
chengdu,scrape_health,chengdu-service-vm-2,20147,2026-08-19T04:00:00Z,2026-09-02T03:59:00Z,20147,20160,13,1
chengdu,scrape_health,chengdu-service-vm-3,20147,2026-08-19T04:00:00Z,2026-09-02T03:59:00Z,20147,20160,13,1
chengdu,scrape_health,chengdu-traffic-vm,20147,2026-08-19T04:00:00Z,2026-09-02T03:59:00Z,20147,20160,13,1
chengdu,traffic_flow_metrics,chengdu-traffic-vm,52488,2026-08-19T04:00:00Z,2026-09-02T03:59:00Z,20090,20160,70,0
guangzhou,frr_syslog_events,guangzhou-br-1,54,2026-08-19T08:27:08Z,2026-09-01T10:48:33Z,24,18862,18838,0
guangzhou,frr_syslog_events,guangzhou-br-2,32,2026-08-20T04:48:23Z,2026-08-27T22:46:16Z,11,11158,11147,0
guangzhou,frr_syslog_events,guangzhou-cr-1,26,2026-08-21T16:02:07Z,2026-08-27T22:46:16Z,9,9045,9036,0
guangzhou,frr_syslog_events,guangzhou-cr-2,332,2026-08-21T16:02:07Z,2026-08-27T22:46:16Z,31,9045,9014,0
guangzhou,interface_metrics,guangzhou-br-1,201460,2026-08-19T04:00:00Z,2026-09-02T03:59:00Z,20146,20160,14,10
guangzhou,interface_metrics,guangzhou-br-2,201460,2026-08-19T04:00:00Z,2026-09-02T03:59:00Z,20146,20160,14,10
guangzhou,interface_metrics,guangzhou-cr-1,201600,2026-08-19T04:00:00Z,2026-09-02T03:59:00Z,20160,20160,0,10
guangzhou,interface_metrics,guangzhou-cr-2,201600,2026-08-19T04:00:00Z,2026-09-02T03:59:00Z,20160,20160,0,10
guangzhou,interface_metrics,guangzhou-fw,80640,2026-08-19T04:00:00Z,2026-09-02T03:59:00Z,20160,20160,0,4
guangzhou,interface_metrics,guangzhou-service-vm-1,80640,2026-08-19T04:00:00Z,2026-09-02T03:59:00Z,20160,20160,0,4
guangzhou,interface_metrics,guangzhou-service-vm-2,80640,2026-08-19T04:00:00Z,2026-09-02T03:59:00Z,20160,20160,0,4
guangzhou,interface_metrics,guangzhou-service-vm-3,80640,2026-08-19T04:00:00Z,2026-09-02T03:59:00Z,20160,20160,0,4
guangzhou,interface_metrics,guangzhou-traffic-vm,80640,2026-08-19T04:00:00Z,2026-09-02T03:59:00Z,20160,20160,0,4
guangzhou,node_metrics,guangzhou-br-1,20147,2026-08-19T04:00:00Z,2026-09-02T03:59:00Z,20147,20160,13,1
guangzhou,node_metrics,guangzhou-br-2,20147,2026-08-19T04:00:00Z,2026-09-02T03:59:00Z,20147,20160,13,1
guangzhou,node_metrics,guangzhou-cr-1,20160,2026-08-19T04:00:00Z,2026-09-02T03:59:00Z,20160,20160,0,1
guangzhou,node_metrics,guangzhou-cr-2,20160,2026-08-19T04:00:00Z,2026-09-02T03:59:00Z,20160,20160,0,1
guangzhou,node_metrics,guangzhou-fw,20160,2026-08-19T04:00:00Z,2026-09-02T03:59:00Z,20160,20160,0,1
guangzhou,node_metrics,guangzhou-service-vm-1,20160,2026-08-19T04:00:00Z,2026-09-02T03:59:00Z,20160,20160,0,1
guangzhou,node_metrics,guangzhou-service-vm-2,20160,2026-08-19T04:00:00Z,2026-09-02T03:59:00Z,20160,20160,0,1
guangzhou,node_metrics,guangzhou-service-vm-3,20160,2026-08-19T04:00:00Z,2026-09-02T03:59:00Z,20160,20160,0,1
guangzhou,node_metrics,guangzhou-traffic-vm,20160,2026-08-19T04:00:00Z,2026-09-02T03:59:00Z,20160,20160,0,1
guangzhou,routing_metrics,guangzhou-br-1,1228801,2026-08-19T04:00:00Z,2026-09-02T03:59:00Z,20145,20160,15,77
guangzhou,routing_metrics,guangzhou-br-2,1228809,2026-08-19T04:00:00Z,2026-09-02T03:59:00Z,20145,20160,15,74
guangzhou,routing_metrics,guangzhou-cr-1,1278327,2026-08-19T04:00:00Z,2026-09-02T03:59:00Z,20160,20160,0,66
guangzhou,routing_metrics,guangzhou-cr-2,1278340,2026-08-19T04:00:00Z,2026-09-02T03:59:00Z,20160,20160,0,71
guangzhou,scrape_health,guangzhou-br-1,40320,2026-08-19T04:00:00Z,2026-09-02T03:59:00Z,20160,20160,0,2
guangzhou,scrape_health,guangzhou-br-2,40320,2026-08-19T04:00:00Z,2026-09-02T03:59:00Z,20160,20160,0,2
guangzhou,scrape_health,guangzhou-cr-1,40320,2026-08-19T04:00:00Z,2026-09-02T03:59:00Z,20160,20160,0,2
guangzhou,scrape_health,guangzhou-cr-2,40320,2026-08-19T04:00:00Z,2026-09-02T03:59:00Z,20160,20160,0,2
guangzhou,scrape_health,guangzhou-fw,20160,2026-08-19T04:00:00Z,2026-09-02T03:59:00Z,20160,20160,0,1
guangzhou,scrape_health,guangzhou-service-vm-1,20160,2026-08-19T04:00:00Z,2026-09-02T03:59:00Z,20160,20160,0,1
guangzhou,scrape_health,guangzhou-service-vm-2,20160,2026-08-19T04:00:00Z,2026-09-02T03:59:00Z,20160,20160,0,1
guangzhou,scrape_health,guangzhou-service-vm-3,20160,2026-08-19T04:00:00Z,2026-09-02T03:59:00Z,20160,20160,0,1
guangzhou,scrape_health,guangzhou-traffic-vm,20160,2026-08-19T04:00:00Z,2026-09-02T03:59:00Z,20160,20160,0,1
guangzhou,traffic_flow_metrics,guangzhou-traffic-vm,52723,2026-08-19T04:00:00Z,2026-09-02T03:59:00Z,20153,20160,7,0
nanjing,frr_syslog_events,nanjing-br-1,31,2026-08-23T17:03:19Z,2026-09-02T00:27:08Z,11,13404,13393,0
nanjing,frr_syslog_events,nanjing-br-2,38,2026-08-23T10:57:07Z,2026-08-31T01:59:29Z,18,10983,10965,0
nanjing,frr_syslog_events,nanjing-cr-1,210,2026-08-23T17:02:49Z,2026-08-31T01:59:29Z,22,10617,10595,0
nanjing,frr_syslog_events,nanjing-cr-2,208,2026-08-23T17:03:19Z,2026-08-31T01:59:29Z,21,10617,10596,0
nanjing,interface_metrics,nanjing-br-1,201510,2026-08-19T04:00:00Z,2026-09-02T03:59:00Z,20151,20160,9,10
nanjing,interface_metrics,nanjing-br-2,201510,2026-08-19T04:00:00Z,2026-09-02T03:59:00Z,20151,20160,9,10
nanjing,interface_metrics,nanjing-cr-1,221760,2026-08-19T04:00:00Z,2026-09-02T03:59:00Z,20160,20160,0,11
nanjing,interface_metrics,nanjing-cr-2,201600,2026-08-19T04:00:00Z,2026-09-02T03:59:00Z,20160,20160,0,10
nanjing,interface_metrics,nanjing-fw,100800,2026-08-19T04:00:00Z,2026-09-02T03:59:00Z,20160,20160,0,5
nanjing,interface_metrics,nanjing-service-vm-1,80640,2026-08-19T04:00:00Z,2026-09-02T03:59:00Z,20160,20160,0,4
nanjing,interface_metrics,nanjing-service-vm-2,80640,2026-08-19T04:00:00Z,2026-09-02T03:59:00Z,20160,20160,0,4
nanjing,interface_metrics,nanjing-service-vm-3,80640,2026-08-19T04:00:00Z,2026-09-02T03:59:00Z,20160,20160,0,4
nanjing,interface_metrics,nanjing-traffic-vm,80640,2026-08-19T04:00:00Z,2026-09-02T03:59:00Z,20160,20160,0,4
nanjing,node_metrics,nanjing-br-1,20152,2026-08-19T04:00:00Z,2026-09-02T03:59:00Z,20152,20160,8,1
nanjing,node_metrics,nanjing-br-2,20152,2026-08-19T04:00:00Z,2026-09-02T03:59:00Z,20152,20160,8,1
nanjing,node_metrics,nanjing-cr-1,20160,2026-08-19T04:00:00Z,2026-09-02T03:59:00Z,20160,20160,0,1
nanjing,node_metrics,nanjing-cr-2,20160,2026-08-19T04:00:00Z,2026-09-02T03:59:00Z,20160,20160,0,1
nanjing,node_metrics,nanjing-fw,20160,2026-08-19T04:00:00Z,2026-09-02T03:59:00Z,20160,20160,0,1
nanjing,node_metrics,nanjing-service-vm-1,20160,2026-08-19T04:00:00Z,2026-09-02T03:59:00Z,20160,20160,0,1
nanjing,node_metrics,nanjing-service-vm-2,20160,2026-08-19T04:00:00Z,2026-09-02T03:59:00Z,20160,20160,0,1
nanjing,node_metrics,nanjing-service-vm-3,20160,2026-08-19T04:00:00Z,2026-09-02T03:59:00Z,20160,20160,0,1
nanjing,node_metrics,nanjing-traffic-vm,20160,2026-08-19T04:00:00Z,2026-09-02T03:59:00Z,20160,20160,0,1
nanjing,routing_metrics,nanjing-br-1,1229194,2026-08-19T04:00:00Z,2026-09-02T03:59:00Z,20151,20160,9,69
nanjing,routing_metrics,nanjing-br-2,1229167,2026-08-19T04:00:00Z,2026-09-02T03:59:00Z,20151,20160,9,74
nanjing,routing_metrics,nanjing-cr-1,1350690,2026-08-19T04:00:00Z,2026-09-02T03:59:00Z,20160,20160,0,67
nanjing,routing_metrics,nanjing-cr-2,1330548,2026-08-19T04:00:00Z,2026-09-02T03:59:00Z,20160,20160,0,67
nanjing,scrape_health,nanjing-br-1,40320,2026-08-19T04:00:00Z,2026-09-02T03:59:00Z,20160,20160,0,2
nanjing,scrape_health,nanjing-br-2,40320,2026-08-19T04:00:00Z,2026-09-02T03:59:00Z,20160,20160,0,2
nanjing,scrape_health,nanjing-cr-1,40320,2026-08-19T04:00:00Z,2026-09-02T03:59:00Z,20160,20160,0,2
nanjing,scrape_health,nanjing-cr-2,40320,2026-08-19T04:00:00Z,2026-09-02T03:59:00Z,20160,20160,0,2
nanjing,scrape_health,nanjing-fw,20160,2026-08-19T04:00:00Z,2026-09-02T03:59:00Z,20160,20160,0,1
nanjing,scrape_health,nanjing-service-vm-1,20160,2026-08-19T04:00:00Z,2026-09-02T03:59:00Z,20160,20160,0,1
nanjing,scrape_health,nanjing-service-vm-2,20160,2026-08-19T04:00:00Z,2026-09-02T03:59:00Z,20160,20160,0,1
nanjing,scrape_health,nanjing-service-vm-3,20160,2026-08-19T04:00:00Z,2026-09-02T03:59:00Z,20160,20160,0,1
nanjing,scrape_health,nanjing-traffic-vm,20160,2026-08-19T04:00:00Z,2026-09-02T03:59:00Z,20160,20160,0,1
nanjing,traffic_flow_metrics,nanjing-traffic-vm,52565,2026-08-19T04:00:00Z,2026-09-02T03:59:00Z,20154,20160,6,0
shanghai,frr_syslog_events,shanghai-br-1,26,2026-08-19T12:39:38Z,2026-09-01T10:48:33Z,11,18609,18598,0
shanghai,frr_syslog_events,shanghai-br-2,58,2026-08-19T06:45:48Z,2026-09-01T23:43:21Z,29,19738,19709,0
shanghai,frr_syslog_events,shanghai-cr-1,364,2026-08-19T12:39:08Z,2026-08-31T00:01:21Z,32,16523,16491,0
shanghai,frr_syslog_events,shanghai-cr-2,118,2026-08-19T12:39:38Z,2026-08-31T00:01:21Z,12,16522,16510,0
shanghai,interface_metrics,shanghai-br-1,201050,2026-08-19T04:00:00Z,2026-09-02T03:59:00Z,20105,20160,55,10
shanghai,interface_metrics,shanghai-br-2,201060,2026-08-19T04:00:00Z,2026-09-02T03:59:00Z,20106,20160,54,10
shanghai,interface_metrics,shanghai-cr-1,201600,2026-08-19T04:00:00Z,2026-09-02T03:59:00Z,20160,20160,0,10
shanghai,interface_metrics,shanghai-cr-2,201600,2026-08-19T04:00:00Z,2026-09-02T03:59:00Z,20160,20160,0,10
shanghai,interface_metrics,shanghai-fw,80640,2026-08-19T04:00:00Z,2026-09-02T03:59:00Z,20160,20160,0,4
shanghai,interface_metrics,shanghai-service-vm-1,80640,2026-08-19T04:00:00Z,2026-09-02T03:59:00Z,20160,20160,0,4
shanghai,interface_metrics,shanghai-service-vm-2,80640,2026-08-19T04:00:00Z,2026-09-02T03:59:00Z,20160,20160,0,4
shanghai,interface_metrics,shanghai-service-vm-3,80640,2026-08-19T04:00:00Z,2026-09-02T03:59:00Z,20160,20160,0,4
shanghai,interface_metrics,shanghai-traffic-vm,80640,2026-08-19T04:00:00Z,2026-09-02T03:59:00Z,20160,20160,0,4
shanghai,node_metrics,shanghai-br-1,20108,2026-08-19T04:00:00Z,2026-09-02T03:59:00Z,20108,20160,52,1
shanghai,node_metrics,shanghai-br-2,20108,2026-08-19T04:00:00Z,2026-09-02T03:59:00Z,20108,20160,52,1
shanghai,node_metrics,shanghai-cr-1,20160,2026-08-19T04:00:00Z,2026-09-02T03:59:00Z,20160,20160,0,1
shanghai,node_metrics,shanghai-cr-2,20160,2026-08-19T04:00:00Z,2026-09-02T03:59:00Z,20160,20160,0,1
shanghai,node_metrics,shanghai-fw,20160,2026-08-19T04:00:00Z,2026-09-02T03:59:00Z,20160,20160,0,1
shanghai,node_metrics,shanghai-service-vm-1,20160,2026-08-19T04:00:00Z,2026-09-02T03:59:00Z,20160,20160,0,1
shanghai,node_metrics,shanghai-service-vm-2,20160,2026-08-19T04:00:00Z,2026-09-02T03:59:00Z,20160,20160,0,1
shanghai,node_metrics,shanghai-service-vm-3,20160,2026-08-19T04:00:00Z,2026-09-02T03:59:00Z,20160,20160,0,1
shanghai,node_metrics,shanghai-traffic-vm,20160,2026-08-19T04:00:00Z,2026-09-02T03:59:00Z,20160,20160,0,1
shanghai,routing_metrics,shanghai-br-1,1467615,2026-08-19T04:00:00Z,2026-09-02T03:59:00Z,20105,20160,55,81
shanghai,routing_metrics,shanghai-br-2,1467703,2026-08-19T04:00:00Z,2026-09-02T03:59:00Z,20106,20160,54,85
shanghai,routing_metrics,shanghai-cr-1,1249884,2026-08-19T04:00:00Z,2026-09-02T03:59:00Z,20160,20160,0,62
shanghai,routing_metrics,shanghai-cr-2,1249884,2026-08-19T04:00:00Z,2026-09-02T03:59:00Z,20160,20160,0,62
shanghai,scrape_health,shanghai-br-1,40320,2026-08-19T04:00:00Z,2026-09-02T03:59:00Z,20160,20160,0,2
shanghai,scrape_health,shanghai-br-2,40320,2026-08-19T04:00:00Z,2026-09-02T03:59:00Z,20160,20160,0,2
shanghai,scrape_health,shanghai-cr-1,40320,2026-08-19T04:00:00Z,2026-09-02T03:59:00Z,20160,20160,0,2
shanghai,scrape_health,shanghai-cr-2,40320,2026-08-19T04:00:00Z,2026-09-02T03:59:00Z,20160,20160,0,2
shanghai,scrape_health,shanghai-fw,20160,2026-08-19T04:00:00Z,2026-09-02T03:59:00Z,20160,20160,0,1
shanghai,scrape_health,shanghai-service-vm-1,20160,2026-08-19T04:00:00Z,2026-09-02T03:59:00Z,20160,20160,0,1
shanghai,scrape_health,shanghai-service-vm-2,20160,2026-08-19T04:00:00Z,2026-09-02T03:59:00Z,20160,20160,0,1
shanghai,scrape_health,shanghai-service-vm-3,20160,2026-08-19T04:00:00Z,2026-09-02T03:59:00Z,20160,20160,0,1
shanghai,scrape_health,shanghai-traffic-vm,20160,2026-08-19T04:00:00Z,2026-09-02T03:59:00Z,20160,20160,0,1
shanghai,traffic_flow_metrics,shanghai-traffic-vm,52754,2026-08-19T04:00:00Z,2026-09-02T03:59:00Z,20134,20160,26,0
shenyang,frr_syslog_events,shenyang-br-1,12,2026-08-27T12:38:52Z,2026-08-31T01:02:42Z,4,5064,5060,0
shenyang,frr_syslog_events,shenyang-br-2,10,2026-08-31T00:38:52Z,2026-08-31T01:02:42Z,3,24,21,0
shenyang,frr_syslog_events,shenyang-cr-1,10,2026-08-31T00:38:52Z,2026-08-31T01:02:42Z,3,24,21,0
shenyang,frr_syslog_events,shenyang-cr-2,302,2026-08-31T00:38:22Z,2026-08-31T01:02:42Z,25,25,0,0
shenyang,interface_metrics,shenyang-br-1,201390,2026-08-19T04:00:00Z,2026-09-02T03:59:00Z,20139,20160,21,10
shenyang,interface_metrics,shenyang-br-2,201390,2026-08-19T04:00:00Z,2026-09-02T03:59:00Z,20139,20160,21,10
shenyang,interface_metrics,shenyang-cr-1,201600,2026-08-19T04:00:00Z,2026-09-02T03:59:00Z,20160,20160,0,10
shenyang,interface_metrics,shenyang-cr-2,201600,2026-08-19T04:00:00Z,2026-09-02T03:59:00Z,20160,20160,0,10
shenyang,interface_metrics,shenyang-fw,80640,2026-08-19T04:00:00Z,2026-09-02T03:59:00Z,20160,20160,0,4
shenyang,interface_metrics,shenyang-service-vm-1,80640,2026-08-19T04:00:00Z,2026-09-02T03:59:00Z,20160,20160,0,4
shenyang,interface_metrics,shenyang-service-vm-2,80640,2026-08-19T04:00:00Z,2026-09-02T03:59:00Z,20160,20160,0,4
shenyang,interface_metrics,shenyang-service-vm-3,80640,2026-08-19T04:00:00Z,2026-09-02T03:59:00Z,20160,20160,0,4
shenyang,interface_metrics,shenyang-traffic-vm,80536,2026-08-19T04:00:00Z,2026-09-02T03:59:00Z,20134,20160,26,4
shenyang,node_metrics,shenyang-br-1,20139,2026-08-19T04:00:00Z,2026-09-02T03:59:00Z,20139,20160,21,1
shenyang,node_metrics,shenyang-br-2,20139,2026-08-19T04:00:00Z,2026-09-02T03:59:00Z,20139,20160,21,1
shenyang,node_metrics,shenyang-cr-1,20160,2026-08-19T04:00:00Z,2026-09-02T03:59:00Z,20160,20160,0,1
shenyang,node_metrics,shenyang-cr-2,20160,2026-08-19T04:00:00Z,2026-09-02T03:59:00Z,20160,20160,0,1
shenyang,node_metrics,shenyang-fw,20160,2026-08-19T04:00:00Z,2026-09-02T03:59:00Z,20160,20160,0,1
shenyang,node_metrics,shenyang-service-vm-1,20160,2026-08-19T04:00:00Z,2026-09-02T03:59:00Z,20160,20160,0,1
shenyang,node_metrics,shenyang-service-vm-2,20160,2026-08-19T04:00:00Z,2026-09-02T03:59:00Z,20160,20160,0,1
shenyang,node_metrics,shenyang-service-vm-3,20160,2026-08-19T04:00:00Z,2026-09-02T03:59:00Z,20160,20160,0,1
shenyang,node_metrics,shenyang-traffic-vm,20134,2026-08-19T04:00:00Z,2026-09-02T03:59:00Z,20134,20160,26,1
shenyang,routing_metrics,shenyang-br-1,1228406,2026-08-19T04:00:00Z,2026-09-02T03:59:00Z,20138,20160,22,67
shenyang,routing_metrics,shenyang-br-2,1228392,2026-08-19T04:00:00Z,2026-09-02T03:59:00Z,20138,20160,22,67
shenyang,routing_metrics,shenyang-cr-1,1350720,2026-08-19T04:00:00Z,2026-09-02T03:59:00Z,20160,20160,0,68
shenyang,routing_metrics,shenyang-cr-2,1350696,2026-08-19T04:00:00Z,2026-09-02T03:59:00Z,20160,20160,0,67
shenyang,scrape_health,shenyang-br-1,40320,2026-08-19T04:00:00Z,2026-09-02T03:59:00Z,20160,20160,0,2
shenyang,scrape_health,shenyang-br-2,40320,2026-08-19T04:00:00Z,2026-09-02T03:59:00Z,20160,20160,0,2
shenyang,scrape_health,shenyang-cr-1,40320,2026-08-19T04:00:00Z,2026-09-02T03:59:00Z,20160,20160,0,2
shenyang,scrape_health,shenyang-cr-2,40320,2026-08-19T04:00:00Z,2026-09-02T03:59:00Z,20160,20160,0,2
shenyang,scrape_health,shenyang-fw,20160,2026-08-19T04:00:00Z,2026-09-02T03:59:00Z,20160,20160,0,1
shenyang,scrape_health,shenyang-service-vm-1,20160,2026-08-19T04:00:00Z,2026-09-02T03:59:00Z,20160,20160,0,1
shenyang,scrape_health,shenyang-service-vm-2,20160,2026-08-19T04:00:00Z,2026-09-02T03:59:00Z,20160,20160,0,1
shenyang,scrape_health,shenyang-service-vm-3,20160,2026-08-19T04:00:00Z,2026-09-02T03:59:00Z,20160,20160,0,1
shenyang,scrape_health,shenyang-traffic-vm,20160,2026-08-19T04:00:00Z,2026-09-02T03:59:00Z,20160,20160,0,1
shenyang,traffic_flow_metrics,shenyang-traffic-vm,52686,2026-08-19T04:00:00Z,2026-09-02T03:59:00Z,20132,20160,28,0
wuhan,frr_syslog_events,wuhan-br-1,44,2026-08-20T01:12:30Z,2026-09-01T16:12:11Z,17,18180,18163,0
wuhan,frr_syslog_events,wuhan-br-2,63,2026-08-20T01:12:30Z,2026-09-01T16:12:11Z,30,18180,18150,0
wuhan,frr_syslog_events,wuhan-cr-1,336,2026-08-20T01:12:30Z,2026-09-01T16:12:11Z,34,18180,18146,0
wuhan,frr_syslog_events,wuhan-cr-2,374,2026-08-20T01:12:00Z,2026-09-01T16:12:11Z,39,18181,18142,0
wuhan,interface_metrics,wuhan-br-1,201220,2026-08-19T04:00:00Z,2026-09-02T03:59:00Z,20122,20160,38,10
wuhan,interface_metrics,wuhan-br-2,201220,2026-08-19T04:00:00Z,2026-09-02T03:59:00Z,20122,20160,38,10
wuhan,interface_metrics,wuhan-cr-1,201600,2026-08-19T04:00:00Z,2026-09-02T03:59:00Z,20160,20160,0,10
wuhan,interface_metrics,wuhan-cr-2,201600,2026-08-19T04:00:00Z,2026-09-02T03:59:00Z,20160,20160,0,10
wuhan,interface_metrics,wuhan-fw,80640,2026-08-19T04:00:00Z,2026-09-02T03:59:00Z,20160,20160,0,4
wuhan,interface_metrics,wuhan-service-vm-1,80640,2026-08-19T04:00:00Z,2026-09-02T03:59:00Z,20160,20160,0,4
wuhan,interface_metrics,wuhan-service-vm-2,80640,2026-08-19T04:00:00Z,2026-09-02T03:59:00Z,20160,20160,0,4
wuhan,interface_metrics,wuhan-service-vm-3,80640,2026-08-19T04:00:00Z,2026-09-02T03:59:00Z,20160,20160,0,4
wuhan,interface_metrics,wuhan-traffic-vm,80640,2026-08-19T04:00:00Z,2026-09-02T03:59:00Z,20160,20160,0,4
wuhan,node_metrics,wuhan-br-1,20122,2026-08-19T04:00:00Z,2026-09-02T03:59:00Z,20122,20160,38,1
wuhan,node_metrics,wuhan-br-2,20122,2026-08-19T04:00:00Z,2026-09-02T03:59:00Z,20122,20160,38,1
wuhan,node_metrics,wuhan-cr-1,20160,2026-08-19T04:00:00Z,2026-09-02T03:59:00Z,20160,20160,0,1
wuhan,node_metrics,wuhan-cr-2,20160,2026-08-19T04:00:00Z,2026-09-02T03:59:00Z,20160,20160,0,1
wuhan,node_metrics,wuhan-fw,20160,2026-08-19T04:00:00Z,2026-09-02T03:59:00Z,20160,20160,0,1
wuhan,node_metrics,wuhan-service-vm-1,20160,2026-08-19T04:00:00Z,2026-09-02T03:59:00Z,20160,20160,0,1
wuhan,node_metrics,wuhan-service-vm-2,20160,2026-08-19T04:00:00Z,2026-09-02T03:59:00Z,20160,20160,0,1
wuhan,node_metrics,wuhan-service-vm-3,20160,2026-08-19T04:00:00Z,2026-09-02T03:59:00Z,20160,20160,0,1
wuhan,node_metrics,wuhan-traffic-vm,20160,2026-08-19T04:00:00Z,2026-09-02T03:59:00Z,20160,20160,0,1
wuhan,routing_metrics,wuhan-br-1,1549373,2026-08-19T04:00:00Z,2026-09-02T03:59:00Z,20122,20160,38,85
wuhan,routing_metrics,wuhan-br-2,1549323,2026-08-19T04:00:00Z,2026-09-02T03:59:00Z,20122,20160,38,85
wuhan,routing_metrics,wuhan-cr-1,1330515,2026-08-19T04:00:00Z,2026-09-02T03:59:00Z,20160,20160,0,67
wuhan,routing_metrics,wuhan-cr-2,1330509,2026-08-19T04:00:00Z,2026-09-02T03:59:00Z,20160,20160,0,66
wuhan,scrape_health,wuhan-br-1,40320,2026-08-19T04:00:00Z,2026-09-02T03:59:00Z,20160,20160,0,2
wuhan,scrape_health,wuhan-br-2,40320,2026-08-19T04:00:00Z,2026-09-02T03:59:00Z,20160,20160,0,2
wuhan,scrape_health,wuhan-cr-1,40320,2026-08-19T04:00:00Z,2026-09-02T03:59:00Z,20160,20160,0,2
wuhan,scrape_health,wuhan-cr-2,40320,2026-08-19T04:00:00Z,2026-09-02T03:59:00Z,20160,20160,0,2
wuhan,scrape_health,wuhan-fw,20160,2026-08-19T04:00:00Z,2026-09-02T03:59:00Z,20160,20160,0,1
wuhan,scrape_health,wuhan-service-vm-1,20160,2026-08-19T04:00:00Z,2026-09-02T03:59:00Z,20160,20160,0,1
wuhan,scrape_health,wuhan-service-vm-2,20160,2026-08-19T04:00:00Z,2026-09-02T03:59:00Z,20160,20160,0,1
wuhan,scrape_health,wuhan-service-vm-3,20160,2026-08-19T04:00:00Z,2026-09-02T03:59:00Z,20160,20160,0,1
wuhan,scrape_health,wuhan-traffic-vm,20160,2026-08-19T04:00:00Z,2026-09-02T03:59:00Z,20160,20160,0,1
wuhan,traffic_flow_metrics,wuhan-traffic-vm,52706,2026-08-19T04:00:00Z,2026-09-02T03:59:00Z,20156,20160,4,0
xian,frr_syslog_events,xian-br-1,31,2026-08-19T20:48:53Z,2026-08-31T13:08:20Z,22,16820,16798,0
xian,frr_syslog_events,xian-br-2,13,2026-08-23T23:28:20Z,2026-08-29T07:57:08Z,11,7709,7698,0
xian,frr_syslog_events,xian-cr-2,47,2026-08-19T10:27:08Z,2026-09-01T22:57:08Z,23,19471,19448,0
xian,interface_metrics,xian-br-1,201160,2026-08-19T04:00:00Z,2026-09-02T03:59:00Z,20116,20160,44,10
xian,interface_metrics,xian-br-2,201160,2026-08-19T04:00:00Z,2026-09-02T03:59:00Z,20116,20160,44,10
xian,interface_metrics,xian-cr-1,201600,2026-08-19T04:00:00Z,2026-09-02T03:59:00Z,20160,20160,0,10
xian,interface_metrics,xian-cr-2,201600,2026-08-19T04:00:00Z,2026-09-02T03:59:00Z,20160,20160,0,10
xian,interface_metrics,xian-fw,80640,2026-08-19T04:00:00Z,2026-09-02T03:59:00Z,20160,20160,0,4
xian,interface_metrics,xian-service-vm-1,80640,2026-08-19T04:00:00Z,2026-09-02T03:59:00Z,20160,20160,0,4
xian,interface_metrics,xian-service-vm-2,80640,2026-08-19T04:00:00Z,2026-09-02T03:59:00Z,20160,20160,0,4
xian,interface_metrics,xian-service-vm-3,80640,2026-08-19T04:00:00Z,2026-09-02T03:59:00Z,20160,20160,0,4
xian,interface_metrics,xian-traffic-vm,80640,2026-08-19T04:00:00Z,2026-09-02T03:59:00Z,20160,20160,0,4
xian,node_metrics,xian-br-1,20116,2026-08-19T04:00:00Z,2026-09-02T03:59:00Z,20116,20160,44,1
xian,node_metrics,xian-br-2,20116,2026-08-19T04:00:00Z,2026-09-02T03:59:00Z,20116,20160,44,1
xian,node_metrics,xian-cr-1,20160,2026-08-19T04:00:00Z,2026-09-02T03:59:00Z,20160,20160,0,1
xian,node_metrics,xian-cr-2,20160,2026-08-19T04:00:00Z,2026-09-02T03:59:00Z,20160,20160,0,1
xian,node_metrics,xian-fw,20160,2026-08-19T04:00:00Z,2026-09-02T03:59:00Z,20160,20160,0,1
xian,node_metrics,xian-service-vm-1,20160,2026-08-19T04:00:00Z,2026-09-02T03:59:00Z,20160,20160,0,1
xian,node_metrics,xian-service-vm-2,20160,2026-08-19T04:00:00Z,2026-09-02T03:59:00Z,20160,20160,0,1
xian,node_metrics,xian-service-vm-3,20160,2026-08-19T04:00:00Z,2026-09-02T03:59:00Z,20160,20160,0,1
xian,node_metrics,xian-traffic-vm,20160,2026-08-19T04:00:00Z,2026-09-02T03:59:00Z,20160,20160,0,1
xian,routing_metrics,xian-br-1,1287307,2026-08-19T04:00:00Z,2026-09-02T03:59:00Z,20115,20160,45,76
xian,routing_metrics,xian-br-2,1287343,2026-08-19T04:00:00Z,2026-09-02T03:59:00Z,20115,20160,45,73
xian,routing_metrics,xian-cr-1,1128980,2026-08-19T04:00:00Z,2026-09-02T03:59:00Z,20160,20160,0,57
xian,routing_metrics,xian-cr-2,1370880,2026-08-19T04:00:00Z,2026-09-02T03:59:00Z,20160,20160,0,68
xian,scrape_health,xian-br-1,40320,2026-08-19T04:00:00Z,2026-09-02T03:59:00Z,20160,20160,0,2
xian,scrape_health,xian-br-2,40320,2026-08-19T04:00:00Z,2026-09-02T03:59:00Z,20160,20160,0,2
xian,scrape_health,xian-cr-1,40320,2026-08-19T04:00:00Z,2026-09-02T03:59:00Z,20160,20160,0,2
xian,scrape_health,xian-cr-2,40320,2026-08-19T04:00:00Z,2026-09-02T03:59:00Z,20160,20160,0,2
xian,scrape_health,xian-fw,20160,2026-08-19T04:00:00Z,2026-09-02T03:59:00Z,20160,20160,0,1
xian,scrape_health,xian-service-vm-1,20160,2026-08-19T04:00:00Z,2026-09-02T03:59:00Z,20160,20160,0,1
xian,scrape_health,xian-service-vm-2,20160,2026-08-19T04:00:00Z,2026-09-02T03:59:00Z,20160,20160,0,1
xian,scrape_health,xian-service-vm-3,20160,2026-08-19T04:00:00Z,2026-09-02T03:59:00Z,20160,20160,0,1
xian,scrape_health,xian-traffic-vm,20160,2026-08-19T04:00:00Z,2026-09-02T03:59:00Z,20160,20160,0,1
xian,traffic_flow_metrics,xian-traffic-vm,52674,2026-08-19T04:00:00Z,2026-09-02T03:59:00Z,20158,20160,2,0
