city,source,storage,path,member,rows,first_timestamp_utc,last_timestamp_utc,span_minutes,observed_minutes,expected_minutes_global,missing_minutes_global,missing_minutes_internal,timestamp_parse_failures,malformed_rows,out_of_expected_range,backward_jumps,duplicate_exact_adjacent,duplicate_semantic_adjacent,entity_count,series_count
beida,frr_syslog_events,extracted,/Users/yuiii/Desktop/2026 AIOps挑战赛数据集/beida_20260819040000_20260902040000/beida_20260819040000_20260902040000_data/frr_syslog_events_20260819040000_20260902040000.csv,,310,2026-08-21T03:17:51Z,2026-09-01T18:00:14Z,16723,22,,,16701,0,0,0,0,0,1,4,5
beida,interface_metrics,extracted,/Users/yuiii/Desktop/2026 AIOps挑战赛数据集/beida_20260819040000_20260902040000/beida_20260819040000_20260902040000_data/interface_metrics_20260819040000_20260902040000.csv,,1209400,2026-08-19T04:00:00Z,2026-09-02T03:59:00Z,20160,20159,20160,1,1,0,0,0,0,0,0,9,60
beida,node_metrics,extracted,/Users/yuiii/Desktop/2026 AIOps挑战赛数据集/beida_20260819040000_20260902040000/beida_20260819040000_20260902040000_data/node_metrics_20260819040000_20260902040000.csv,,181417,2026-08-19T04:00:00Z,2026-09-02T03:59:00Z,20160,20159,20160,1,1,0,0,0,0,0,0,9,9
beida,routing_metrics,extracted,/Users/yuiii/Desktop/2026 AIOps挑战赛数据集/beida_20260819040000_20260902040000/beida_20260819040000_20260902040000_data/routing_metrics_20260819040000_20260902040000.csv,,5442058,2026-08-19T04:00:00Z,2026-09-02T03:59:00Z,20160,20160,20160,0,0,0,0,0,0,0,0,4,284
beida,scrape_health,extracted,/Users/yuiii/Desktop/2026 AIOps挑战赛数据集/beida_20260819040000_20260902040000/beida_20260819040000_20260902040000_data/scrape_health_20260819040000_20260902040000.csv,,262067,2026-08-19T04:00:00Z,2026-09-02T03:59:00Z,20160,20159,20160,1,1,0,0,0,0,0,0,9,13
beida,traffic_flow_metrics,extracted,/Users/yuiii/Desktop/2026 AIOps挑战赛数据集/beida_20260819040000_20260902040000/beida_20260819040000_20260902040000_data/traffic_flow_metrics.csv,,52631,2026-08-19T04:00:00Z,2026-09-02T03:59:00Z,20160,20152,20160,8,8,0,0,0,0,0,0,1,24
chengdu,frr_syslog_events,extracted,/Users/yuiii/Desktop/2026 AIOps挑战赛数据集/chengdu_20260819040000_20260902040000/chengdu_20260819040000_20260902040000_data/frr_syslog_events_20260819040000_20260902040000.csv,,432,2026-08-19T04:57:08Z,2026-09-01T16:57:08Z,19441,53,,,19388,0,0,0,0,0,9,4,6
chengdu,interface_metrics,extracted,/Users/yuiii/Desktop/2026 AIOps挑战赛数据集/chengdu_20260819040000_20260902040000/chengdu_20260819040000_20260902040000_data/interface_metrics_20260819040000_20260902040000.csv,,1208480,2026-08-19T04:00:00Z,2026-09-02T03:59:00Z,20160,20147,20160,13,13,0,0,0,0,0,0,9,60
chengdu,node_metrics,extracted,/Users/yuiii/Desktop/2026 AIOps挑战赛数据集/chengdu_20260819040000_20260902040000/chengdu_20260819040000_20260902040000_data/node_metrics_20260819040000_20260902040000.csv,,181291,2026-08-19T04:00:00Z,2026-09-02T03:59:00Z,20160,20147,20160,13,13,0,0,0,0,0,0,9,9
chengdu,routing_metrics,extracted,/Users/yuiii/Desktop/2026 AIOps挑战赛数据集/chengdu_20260819040000_20260902040000/chengdu_20260819040000_20260902040000_data/routing_metrics_20260819040000_20260902040000.csv,,5116507,2026-08-19T04:00:00Z,2026-09-02T03:59:00Z,20160,20152,20160,8,8,0,0,0,0,0,0,4,267
chengdu,scrape_health,extracted,/Users/yuiii/Desktop/2026 AIOps挑战赛数据集/chengdu_20260819040000_20260902040000/chengdu_20260819040000_20260902040000_data/scrape_health_20260819040000_20260902040000.csv,,261911,2026-08-19T04:00:00Z,2026-09-02T03:59:00Z,20160,20147,20160,13,13,0,0,0,0,0,0,9,13
chengdu,traffic_flow_metrics,extracted,/Users/yuiii/Desktop/2026 AIOps挑战赛数据集/chengdu_20260819040000_20260902040000/chengdu_20260819040000_20260902040000_data/traffic_flow_metrics.csv,,52488,2026-08-19T04:00:00Z,2026-09-02T03:59:00Z,20160,20090,20160,70,70,0,0,0,0,0,0,1,24
guangzhou,frr_syslog_events,extracted,/Users/yuiii/Desktop/2026 AIOps挑战赛数据集/guangzhou_20260819040000_20260902040000/guangzhou_20260819040000_20260902040000_data/frr_syslog_events_20260819040000_20260902040000.csv,,444,2026-08-19T08:27:08Z,2026-09-01T10:48:33Z,18862,48,,,18814,0,0,0,0,0,6,4,6
guangzhou,interface_metrics,extracted,/Users/yuiii/Desktop/2026 AIOps挑战赛数据集/guangzhou_20260819040000_20260902040000/guangzhou_20260819040000_20260902040000_data/interface_metrics_20260819040000_20260902040000.csv,,1209320,2026-08-19T04:00:00Z,2026-09-02T03:59:00Z,20160,20160,20160,0,0,0,0,0,0,0,0,9,60
guangzhou,node_metrics,extracted,/Users/yuiii/Desktop/2026 AIOps挑战赛数据集/guangzhou_20260819040000_20260902040000/guangzhou_20260819040000_20260902040000_data/node_metrics_20260819040000_20260902040000.csv,,181414,2026-08-19T04:00:00Z,2026-09-02T03:59:00Z,20160,20160,20160,0,0,0,0,0,0,0,0,9,9
guangzhou,routing_metrics,extracted,/Users/yuiii/Desktop/2026 AIOps挑战赛数据集/guangzhou_20260819040000_20260902040000/guangzhou_20260819040000_20260902040000_data/routing_metrics_20260819040000_20260902040000.csv,,5014277,2026-08-19T04:00:00Z,2026-09-02T03:59:00Z,20160,20160,20160,0,0,0,0,0,0,0,0,4,288
guangzhou,scrape_health,extracted,/Users/yuiii/Desktop/2026 AIOps挑战赛数据集/guangzhou_20260819040000_20260902040000/guangzhou_20260819040000_20260902040000_data/scrape_health_20260819040000_20260902040000.csv,,262080,2026-08-19T04:00:00Z,2026-09-02T03:59:00Z,20160,20160,20160,0,0,0,0,0,0,0,0,9,13
guangzhou,traffic_flow_metrics,extracted,/Users/yuiii/Desktop/2026 AIOps挑战赛数据集/guangzhou_20260819040000_20260902040000/guangzhou_20260819040000_20260902040000_data/traffic_flow_metrics.csv,,52723,2026-08-19T04:00:00Z,2026-09-02T03:59:00Z,20160,20153,20160,7,7,0,0,0,0,0,0,1,24
nanjing,frr_syslog_events,extracted,/Users/yuiii/Desktop/2026 AIOps挑战赛数据集/nanjing_20260819040000_20260902040000/nanjing_20260819040000_20260902040000_data/frr_syslog_events_20260819040000_20260902040000.csv,,487,2026-08-23T10:57:07Z,2026-09-02T00:27:08Z,13771,48,,,13723,0,0,0,0,0,3,4,6
nanjing,interface_metrics,extracted,/Users/yuiii/Desktop/2026 AIOps挑战赛数据集/nanjing_20260819040000_20260902040000/nanjing_20260819040000_20260902040000_data/interface_metrics_20260819040000_20260902040000.csv,,1249740,2026-08-19T04:00:00Z,2026-09-02T03:59:00Z,20160,20160,20160,0,0,0,0,0,0,0,0,9,62
nanjing,node_metrics,extracted,/Users/yuiii/Desktop/2026 AIOps挑战赛数据集/nanjing_20260819040000_20260902040000/nanjing_20260819040000_20260902040000_data/node_metrics_20260819040000_20260902040000.csv,,181424,2026-08-19T04:00:00Z,2026-09-02T03:59:00Z,20160,20160,20160,0,0,0,0,0,0,0,0,9,9
nanjing,routing_metrics,extracted,/Users/yuiii/Desktop/2026 AIOps挑战赛数据集/nanjing_20260819040000_20260902040000/nanjing_20260819040000_20260902040000_data/routing_metrics_20260819040000_20260902040000.csv,,5139599,2026-08-19T04:00:00Z,2026-09-02T03:59:00Z,20160,20160,20160,0,0,0,0,0,0,0,0,4,277
nanjing,scrape_health,extracted,/Users/yuiii/Desktop/2026 AIOps挑战赛数据集/nanjing_20260819040000_20260902040000/nanjing_20260819040000_20260902040000_data/scrape_health_20260819040000_20260902040000.csv,,262080,2026-08-19T04:00:00Z,2026-09-02T03:59:00Z,20160,20160,20160,0,0,0,0,0,0,0,0,9,13
nanjing,traffic_flow_metrics,extracted,/Users/yuiii/Desktop/2026 AIOps挑战赛数据集/nanjing_20260819040000_20260902040000/nanjing_20260819040000_20260902040000_data/traffic_flow_metrics.csv,,52565,2026-08-19T04:00:00Z,2026-09-02T03:59:00Z,20160,20154,20160,6,6,0,0,0,0,0,0,1,24
shanghai,frr_syslog_events,extracted,/Users/yuiii/Desktop/2026 AIOps挑战赛数据集/shanghai_20260819040000_20260902040000/shanghai_20260819040000_20260902040000_data/frr_syslog_events_20260819040000_20260902040000.csv,,566,2026-08-19T06:45:48Z,2026-09-01T23:43:21Z,19738,66,,,19672,0,0,0,0,0,8,4,6
shanghai,interface_metrics,extracted,/Users/yuiii/Desktop/2026 AIOps挑战赛数据集/shanghai_20260819040000_20260902040000/shanghai_20260819040000_20260902040000_data/interface_metrics_20260819040000_20260902040000.csv,,1208510,2026-08-19T04:00:00Z,2026-09-02T03:59:00Z,20160,20160,20160,0,0,0,0,0,0,0,0,9,60
shanghai,node_metrics,extracted,/Users/yuiii/Desktop/2026 AIOps挑战赛数据集/shanghai_20260819040000_20260902040000/shanghai_20260819040000_20260902040000_data/node_metrics_20260819040000_20260902040000.csv,,181336,2026-08-19T04:00:00Z,2026-09-02T03:59:00Z,20160,20160,20160,0,0,0,0,0,0,0,0,9,9
shanghai,routing_metrics,extracted,/Users/yuiii/Desktop/2026 AIOps挑战赛数据集/shanghai_20260819040000_20260902040000/shanghai_20260819040000_20260902040000_data/routing_metrics_20260819040000_20260902040000.csv,,5435086,2026-08-19T04:00:00Z,2026-09-02T03:59:00Z,20160,20160,20160,0,0,0,0,0,0,0,0,4,290
shanghai,scrape_health,extracted,/Users/yuiii/Desktop/2026 AIOps挑战赛数据集/shanghai_20260819040000_20260902040000/shanghai_20260819040000_20260902040000_data/scrape_health_20260819040000_20260902040000.csv,,262080,2026-08-19T04:00:00Z,2026-09-02T03:59:00Z,20160,20160,20160,0,0,0,0,0,0,0,0,9,13
shanghai,traffic_flow_metrics,extracted,/Users/yuiii/Desktop/2026 AIOps挑战赛数据集/shanghai_20260819040000_20260902040000/shanghai_20260819040000_20260902040000_data/traffic_flow_metrics.csv,,52754,2026-08-19T04:00:00Z,2026-09-02T03:59:00Z,20160,20134,20160,26,26,0,0,0,0,0,0,1,24
shenyang,frr_syslog_events,extracted,/Users/yuiii/Desktop/2026 AIOps挑战赛数据集/shenyang_20260819040000_20260902040000/shenyang_20260819040000_20260902040000_data/frr_syslog_events_20260819040000_20260902040000.csv,,334,2026-08-27T12:38:52Z,2026-08-31T01:02:42Z,5064,26,,,5038,0,0,0,0,0,1,4,5
shenyang,interface_metrics,extracted,/Users/yuiii/Desktop/2026 AIOps挑战赛数据集/shenyang_20260819040000_20260902040000/shenyang_20260819040000_20260902040000_data/interface_metrics_20260819040000_20260902040000.csv,,1209076,2026-08-19T04:00:00Z,2026-09-02T03:59:00Z,20160,20160,20160,0,0,0,0,0,0,0,0,9,60
shenyang,node_metrics,extracted,/Users/yuiii/Desktop/2026 AIOps挑战赛数据集/shenyang_20260819040000_20260902040000/shenyang_20260819040000_20260902040000_data/node_metrics_20260819040000_20260902040000.csv,,181372,2026-08-19T04:00:00Z,2026-09-02T03:59:00Z,20160,20160,20160,0,0,0,0,0,0,0,0,9,9
shenyang,routing_metrics,extracted,/Users/yuiii/Desktop/2026 AIOps挑战赛数据集/shenyang_20260819040000_20260902040000/shenyang_20260819040000_20260902040000_data/routing_metrics_20260819040000_20260902040000.csv,,5158214,2026-08-19T04:00:00Z,2026-09-02T03:59:00Z,20160,20160,20160,0,0,0,0,0,0,0,0,4,269
shenyang,scrape_health,extracted,/Users/yuiii/Desktop/2026 AIOps挑战赛数据集/shenyang_20260819040000_20260902040000/shenyang_20260819040000_20260902040000_data/scrape_health_20260819040000_20260902040000.csv,,262080,2026-08-19T04:00:00Z,2026-09-02T03:59:00Z,20160,20160,20160,0,0,0,0,0,0,0,0,9,13
shenyang,traffic_flow_metrics,extracted,/Users/yuiii/Desktop/2026 AIOps挑战赛数据集/shenyang_20260819040000_20260902040000/shenyang_20260819040000_20260902040000_data/traffic_flow_metrics.csv,,52686,2026-08-19T04:00:00Z,2026-09-02T03:59:00Z,20160,20132,20160,28,28,0,0,0,0,0,0,1,24
wuhan,frr_syslog_events,extracted,/Users/yuiii/Desktop/2026 AIOps挑战赛数据集/wuhan_20260819040000_20260902040000/wuhan_20260819040000_20260902040000_data/frr_syslog_events_20260819040000_20260902040000.csv,,817,2026-08-20T01:12:00Z,2026-09-01T16:12:11Z,18181,81,,,18100,0,0,0,0,0,4,4,6
wuhan,interface_metrics,extracted,/Users/yuiii/Desktop/2026 AIOps挑战赛数据集/wuhan_20260819040000_20260902040000/wuhan_20260819040000_20260902040000_data/interface_metrics_20260819040000_20260902040000.csv,,1208840,2026-08-19T04:00:00Z,2026-09-02T03:59:00Z,20160,20160,20160,0,0,0,0,0,0,0,0,9,60
wuhan,node_metrics,extracted,/Users/yuiii/Desktop/2026 AIOps挑战赛数据集/wuhan_20260819040000_20260902040000/wuhan_20260819040000_20260902040000_data/node_metrics_20260819040000_20260902040000.csv,,181364,2026-08-19T04:00:00Z,2026-09-02T03:59:00Z,20160,20160,20160,0,0,0,0,0,0,0,0,9,9
wuhan,routing_metrics,extracted,/Users/yuiii/Desktop/2026 AIOps挑战赛数据集/wuhan_20260819040000_20260902040000/wuhan_20260819040000_20260902040000_data/routing_metrics_20260819040000_20260902040000.csv,,5759720,2026-08-19T04:00:00Z,2026-09-02T03:59:00Z,20160,20160,20160,0,0,0,0,0,0,0,0,4,303
wuhan,scrape_health,extracted,/Users/yuiii/Desktop/2026 AIOps挑战赛数据集/wuhan_20260819040000_20260902040000/wuhan_20260819040000_20260902040000_data/scrape_health_20260819040000_20260902040000.csv,,262080,2026-08-19T04:00:00Z,2026-09-02T03:59:00Z,20160,20160,20160,0,0,0,0,0,0,0,0,9,13
wuhan,traffic_flow_metrics,extracted,/Users/yuiii/Desktop/2026 AIOps挑战赛数据集/wuhan_20260819040000_20260902040000/wuhan_20260819040000_20260902040000_data/traffic_flow_metrics.csv,,52706,2026-08-19T04:00:00Z,2026-09-02T03:59:00Z,20160,20156,20160,4,4,0,0,0,0,0,0,1,24
xian,frr_syslog_events,extracted,/Users/yuiii/Desktop/2026 AIOps挑战赛数据集/xian_20260819040000_20260902040000/xian_20260819040000_20260902040000_data/frr_syslog_events_20260819040000_20260902040000.csv,,91,2026-08-19T10:27:08Z,2026-09-01T22:57:08Z,19471,56,,,19415,0,0,0,0,0,10,3,5
xian,interface_metrics,extracted,/Users/yuiii/Desktop/2026 AIOps挑战赛数据集/xian_20260819040000_20260902040000/xian_20260819040000_20260902040000_data/interface_metrics_20260819040000_20260902040000.csv,,1208720,2026-08-19T04:00:00Z,2026-09-02T03:59:00Z,20160,20160,20160,0,0,0,0,0,0,0,0,9,60
xian,node_metrics,extracted,/Users/yuiii/Desktop/2026 AIOps挑战赛数据集/xian_20260819040000_20260902040000/xian_20260819040000_20260902040000_data/node_metrics_20260819040000_20260902040000.csv,,181352,2026-08-19T04:00:00Z,2026-09-02T03:59:00Z,20160,20160,20160,0,0,0,0,0,0,0,0,9,9
xian,routing_metrics,extracted,/Users/yuiii/Desktop/2026 AIOps挑战赛数据集/xian_20260819040000_20260902040000/xian_20260819040000_20260902040000_data/routing_metrics_20260819040000_20260902040000.csv,,5074510,2026-08-19T04:00:00Z,2026-09-02T03:59:00Z,20160,20160,20160,0,0,0,0,0,0,0,0,4,274
xian,scrape_health,extracted,/Users/yuiii/Desktop/2026 AIOps挑战赛数据集/xian_20260819040000_20260902040000/xian_20260819040000_20260902040000_data/scrape_health_20260819040000_20260902040000.csv,,262080,2026-08-19T04:00:00Z,2026-09-02T03:59:00Z,20160,20160,20160,0,0,0,0,0,0,0,0,9,13
xian,traffic_flow_metrics,extracted,/Users/yuiii/Desktop/2026 AIOps挑战赛数据集/xian_20260819040000_20260902040000/xian_20260819040000_20260902040000_data/traffic_flow_metrics.csv,,52674,2026-08-19T04:00:00Z,2026-09-02T03:59:00Z,20160,20158,20160,2,2,0,0,0,0,0,0,1,24
