source,field,semantic_kind,declared_unit,direction,transform,evidence_role,zero_semantics,missing_semantics,observed_min_across_files,observed_max_across_files,max_file_missing_ratio,semantic_status,review_note
node_metrics,cpu_usage,gauge,ratio_or_percent_to_verify,high,none_after_unit_validation,direct_resource_evidence,idle_or_valid_zero,no_observation,0.09444444414435793,100.0,2.757e-05,verified_from_schema_and_observed_values,cpu/disk ratio versus percent must be reconciled before thresholding
node_metrics,load1,gauge,load,high,none,direct_resource_evidence,valid_low_load,no_observation,0.0,64.32,1.655e-05,verified_from_schema_and_observed_values,
node_metrics,load5,gauge,load,high,none,direct_resource_evidence,valid_low_load,no_observation,0.0,63.89,1.655e-05,verified_from_schema_and_observed_values,
node_metrics,memory_available_ratio,gauge,ratio,low,none,direct_resource_evidence,possible_exhaustion,no_observation,0.6550979006476255,0.9360517746550305,1.655e-05,verified_from_schema_and_observed_values,
node_metrics,disk_io_util,gauge,ratio_or_percent_to_verify,high,none_after_unit_validation,direct_resource_evidence,idle_or_valid_zero,no_observation,0.0,297.49333333334005,2.757e-05,verified_from_schema_and_observed_values,cpu/disk ratio versus percent must be reconciled before thresholding
node_metrics,disk_read_rate,gauge,bytes_per_second,context_dependent,none,support_resource_evidence,no_read_traffic_or_unavailable_to_verify,no_observation,0.0,27482521.599999998,2.757e-05,verified_from_schema_and_observed_values,
node_metrics,disk_write_rate,gauge,bytes_per_second,context_dependent,none,support_resource_evidence,no_write_traffic_or_unavailable_to_verify,no_observation,0.0,196119301.68888888,2.757e-05,verified_from_schema_and_observed_values,
interface_metrics,rx_drop_rate,gauge,drops_per_second,high,none,direct_link_evidence,no_observed_drops,no_observation,0.0,0.044450371160599196,0.0,verified_from_schema_and_observed_values,
interface_metrics,tx_drop_rate,gauge,drops_per_second,high,none,direct_link_evidence,no_observed_drops,no_observation,0.0,0.0,0.0,verified_from_schema_and_observed_values,
interface_metrics,rx_error_rate,gauge,errors_per_second,high,none,direct_link_evidence,no_observed_errors,no_observation,0.0,0.0,0.0,verified_from_schema_and_observed_values,
interface_metrics,tx_error_rate,gauge,errors_per_second,high,none,direct_link_evidence,no_observed_errors,no_observation,0.0,0.0,0.0,verified_from_schema_and_observed_values,
interface_metrics,carrier_changes,count_or_counter_to_verify,count,high,difference_if_cumulative,link_stability_evidence,no_change,no_observation,0.0,0.0,0.0,verified_from_schema_and_observed_values,
routing_metrics,bgp_peer_up,state,boolean,low,state_transition,direct_routing_evidence,peer_down,no_observation_not_up,,,,contract_only_or_not_observed,
routing_metrics,bgp_peer_prefix_received,gauge,prefixes,low_or_change,preserve_label_dimensions,routing_evidence,no_prefixes_received,no_observation,,,,contract_only_or_not_observed,
routing_metrics,ipv6_route_change_total,counter,route_changes,high,difference_with_reset_detection,routing_evidence,no_change,no_observation,,,,contract_only_or_not_observed,
scrape_health,scrape_up,state_quality,boolean,low,quality_mask,observability_quality_signal,scrape_failed,no_observation,0.0,1.0,0.0,verified_from_schema_and_observed_values,
scrape_health,scrape_samples,gauge_quality,samples,low,quality_context,observability_quality_signal,no_samples,no_observation,0.0,1624.0,0.0,verified_from_schema_and_observed_values,
traffic_flow_metrics,*_latency_mean_seconds,gauge,seconds,high,none,service_symptom,zero_latency_or_not_applicable_to_verify,not_applicable_or_no_series,0.00019852006807923316,34.31577933905646,1.0,verified_from_schema_and_observed_values,
traffic_flow_metrics,*_latency_p95_seconds,gauge,seconds,high,none,service_symptom,zero_latency_or_not_applicable_to_verify,not_applicable_or_no_series,0.00022582074161618947,34.36917143734172,1.0,verified_from_schema_and_observed_values,
traffic_flow_metrics,*_loss_rate,gauge,ratio,high,none,service_or_link_symptom,no_observed_loss,not_applicable_or_no_series,0.0,0.029769158124019434,0.9884545,verified_from_schema_and_observed_values,
traffic_flow_metrics,*_failed_total,counter,count,high,difference_then_rate_or_ratio,service_symptom,no_failed_requests,not_applicable_or_no_series,0.0,1742.0,0.98590154,verified_from_schema_and_observed_values,
traffic_flow_metrics,*_timeout_total,counter,count,high,difference_then_rate_or_ratio,service_symptom,no_timeouts,not_applicable_or_no_series,0.0,1052.0,0.98590154,verified_from_schema_and_observed_values,
traffic_flow_metrics,*_requests_total,counter,count,context,difference_to_request_rate,denominator_context,no_requests,not_applicable_or_no_series,0.0,4125788.0,0.98590154,verified_from_schema_and_observed_values,
netflow_5tuple,packets,bucket_measure,packets_per_minute,context_dependent,aggregate_by_entity_interface_protocol,auxiliary_flow_evidence,no_packets_in_bucket,no_record,1.0,22499982.0,0.0,verified_from_schema_and_observed_values,
netflow_5tuple,bytes,bucket_measure,bytes_per_minute,context_dependent,aggregate_by_entity_interface_protocol,auxiliary_flow_evidence,no_bytes_in_bucket,no_record,48.0,4666005712.0,0.0,verified_from_schema_and_observed_values,
netflow_5tuple,flow_record_count,bucket_measure,records_per_minute,context_dependent,aggregate_by_entity_interface_protocol,auxiliary_flow_evidence,no_records,no_record,1.0,5.0,0.0,verified_from_schema_and_observed_values,
frr_syslog_events,event_time,event_time,UTC,n_a,join_key,routing_event_evidence,n_a,invalid_event_time,,,0.0,verified_from_schema_and_observed_values,
