source_city,observer_id,target_domain,target_city,source,raw_fields,provenance,confidence,reason
beida,beida-traffic-vm,auth01.wuhan.aiops.local,wuhan,traffic_flow_metrics,flow_type|protocol|source_region|target_domain|target_region,observed+derived,high,business probe source and target are explicit raw fields
beida,beida-traffic-vm,dns.beida.aiops.local,beida,traffic_flow_metrics,flow_type|protocol|source_region|target_domain|target_region,observed+derived,high,business probe source and target are explicit raw fields
beida,beida-traffic-vm,elephant01.chengdu.aiops.local,chengdu,traffic_flow_metrics,flow_type|protocol|source_region|target_domain|target_region,observed+derived,high,business probe source and target are explicit raw fields
beida,beida-traffic-vm,elephant01.guangzhou.aiops.local,guangzhou,traffic_flow_metrics,flow_type|protocol|source_region|target_domain|target_region,observed+derived,high,business probe source and target are explicit raw fields
beida,beida-traffic-vm,elephant01.nanjing.aiops.local,nanjing,traffic_flow_metrics,flow_type|protocol|source_region|target_domain|target_region,observed+derived,high,business probe source and target are explicit raw fields
beida,beida-traffic-vm,elephant01.shenyang.aiops.local,shenyang,traffic_flow_metrics,flow_type|protocol|source_region|target_domain|target_region,observed+derived,high,business probe source and target are explicit raw fields
beida,beida-traffic-vm,elephant01.xian.aiops.local,xian,traffic_flow_metrics,flow_type|protocol|source_region|target_domain|target_region,observed+derived,high,business probe source and target are explicit raw fields
beida,beida-traffic-vm,elephant02.beida.aiops.local,beida,traffic_flow_metrics,flow_type|protocol|source_region|target_domain|target_region,observed+derived,high,business probe source and target are explicit raw fields
beida,beida-traffic-vm,elephant02.chengdu.aiops.local,chengdu,traffic_flow_metrics,flow_type|protocol|source_region|target_domain|target_region,observed+derived,high,business probe source and target are explicit raw fields
beida,beida-traffic-vm,elephant02.guangzhou.aiops.local,guangzhou,traffic_flow_metrics,flow_type|protocol|source_region|target_domain|target_region,observed+derived,high,business probe source and target are explicit raw fields
beida,beida-traffic-vm,elephant02.nanjing.aiops.local,nanjing,traffic_flow_metrics,flow_type|protocol|source_region|target_domain|target_region,observed+derived,high,business probe source and target are explicit raw fields
beida,beida-traffic-vm,elephant02.shanghai.aiops.local,shanghai,traffic_flow_metrics,flow_type|protocol|source_region|target_domain|target_region,observed+derived,high,business probe source and target are explicit raw fields
beida,beida-traffic-vm,elephant02.shenyang.aiops.local,shenyang,traffic_flow_metrics,flow_type|protocol|source_region|target_domain|target_region,observed+derived,high,business probe source and target are explicit raw fields
beida,beida-traffic-vm,elephant02.wuhan.aiops.local,wuhan,traffic_flow_metrics,flow_type|protocol|source_region|target_domain|target_region,observed+derived,high,business probe source and target are explicit raw fields
beida,beida-traffic-vm,elephant02.xian.aiops.local,xian,traffic_flow_metrics,flow_type|protocol|source_region|target_domain|target_region,observed+derived,high,business probe source and target are explicit raw fields
beida,beida-traffic-vm,elephant03.beida.aiops.local,beida,traffic_flow_metrics,flow_type|protocol|source_region|target_domain|target_region,observed+derived,high,business probe source and target are explicit raw fields
beida,beida-traffic-vm,elephant03.chengdu.aiops.local,chengdu,traffic_flow_metrics,flow_type|protocol|source_region|target_domain|target_region,observed+derived,high,business probe source and target are explicit raw fields
beida,beida-traffic-vm,elephant03.guangzhou.aiops.local,guangzhou,traffic_flow_metrics,flow_type|protocol|source_region|target_domain|target_region,observed+derived,high,business probe source and target are explicit raw fields
beida,beida-traffic-vm,elephant03.nanjing.aiops.local,nanjing,traffic_flow_metrics,flow_type|protocol|source_region|target_domain|target_region,observed+derived,high,business probe source and target are explicit raw fields
beida,beida-traffic-vm,elephant03.shanghai.aiops.local,shanghai,traffic_flow_metrics,flow_type|protocol|source_region|target_domain|target_region,observed+derived,high,business probe source and target are explicit raw fields
beida,beida-traffic-vm,elephant03.shenyang.aiops.local,shenyang,traffic_flow_metrics,flow_type|protocol|source_region|target_domain|target_region,observed+derived,high,business probe source and target are explicit raw fields
beida,beida-traffic-vm,elephant03.wuhan.aiops.local,wuhan,traffic_flow_metrics,flow_type|protocol|source_region|target_domain|target_region,observed+derived,high,business probe source and target are explicit raw fields
beida,beida-traffic-vm,elephant03.xian.aiops.local,xian,traffic_flow_metrics,flow_type|protocol|source_region|target_domain|target_region,observed+derived,high,business probe source and target are explicit raw fields
beida,beida-traffic-vm,web01.shanghai.aiops.local,shanghai,traffic_flow_metrics,flow_type|protocol|source_region|target_domain|target_region,observed+derived,high,business probe source and target are explicit raw fields
chengdu,chengdu-traffic-vm,auth01.wuhan.aiops.local,wuhan,traffic_flow_metrics,flow_type|protocol|source_region|target_domain|target_region,observed+derived,high,business probe source and target are explicit raw fields
chengdu,chengdu-traffic-vm,dns.beida.aiops.local,beida,traffic_flow_metrics,flow_type|protocol|source_region|target_domain|target_region,observed+derived,high,business probe source and target are explicit raw fields
chengdu,chengdu-traffic-vm,elephant01.chengdu.aiops.local,chengdu,traffic_flow_metrics,flow_type|protocol|source_region|target_domain|target_region,observed+derived,high,business probe source and target are explicit raw fields
chengdu,chengdu-traffic-vm,elephant01.guangzhou.aiops.local,guangzhou,traffic_flow_metrics,flow_type|protocol|source_region|target_domain|target_region,observed+derived,high,business probe source and target are explicit raw fields
chengdu,chengdu-traffic-vm,elephant01.nanjing.aiops.local,nanjing,traffic_flow_metrics,flow_type|protocol|source_region|target_domain|target_region,observed+derived,high,business probe source and target are explicit raw fields
chengdu,chengdu-traffic-vm,elephant01.shenyang.aiops.local,shenyang,traffic_flow_metrics,flow_type|protocol|source_region|target_domain|target_region,observed+derived,high,business probe source and target are explicit raw fields
chengdu,chengdu-traffic-vm,elephant01.xian.aiops.local,xian,traffic_flow_metrics,flow_type|protocol|source_region|target_domain|target_region,observed+derived,high,business probe source and target are explicit raw fields
chengdu,chengdu-traffic-vm,elephant02.beida.aiops.local,beida,traffic_flow_metrics,flow_type|protocol|source_region|target_domain|target_region,observed+derived,high,business probe source and target are explicit raw fields
chengdu,chengdu-traffic-vm,elephant02.chengdu.aiops.local,chengdu,traffic_flow_metrics,flow_type|protocol|source_region|target_domain|target_region,observed+derived,high,business probe source and target are explicit raw fields
chengdu,chengdu-traffic-vm,elephant02.guangzhou.aiops.local,guangzhou,traffic_flow_metrics,flow_type|protocol|source_region|target_domain|target_region,observed+derived,high,business probe source and target are explicit raw fields
chengdu,chengdu-traffic-vm,elephant02.nanjing.aiops.local,nanjing,traffic_flow_metrics,flow_type|protocol|source_region|target_domain|target_region,observed+derived,high,business probe source and target are explicit raw fields
chengdu,chengdu-traffic-vm,elephant02.shanghai.aiops.local,shanghai,traffic_flow_metrics,flow_type|protocol|source_region|target_domain|target_region,observed+derived,high,business probe source and target are explicit raw fields
chengdu,chengdu-traffic-vm,elephant02.shenyang.aiops.local,shenyang,traffic_flow_metrics,flow_type|protocol|source_region|target_domain|target_region,observed+derived,high,business probe source and target are explicit raw fields
chengdu,chengdu-traffic-vm,elephant02.wuhan.aiops.local,wuhan,traffic_flow_metrics,flow_type|protocol|source_region|target_domain|target_region,observed+derived,high,business probe source and target are explicit raw fields
chengdu,chengdu-traffic-vm,elephant02.xian.aiops.local,xian,traffic_flow_metrics,flow_type|protocol|source_region|target_domain|target_region,observed+derived,high,business probe source and target are explicit raw fields
chengdu,chengdu-traffic-vm,elephant03.beida.aiops.local,beida,traffic_flow_metrics,flow_type|protocol|source_region|target_domain|target_region,observed+derived,high,business probe source and target are explicit raw fields
chengdu,chengdu-traffic-vm,elephant03.chengdu.aiops.local,chengdu,traffic_flow_metrics,flow_type|protocol|source_region|target_domain|target_region,observed+derived,high,business probe source and target are explicit raw fields
chengdu,chengdu-traffic-vm,elephant03.guangzhou.aiops.local,guangzhou,traffic_flow_metrics,flow_type|protocol|source_region|target_domain|target_region,observed+derived,high,business probe source and target are explicit raw fields
chengdu,chengdu-traffic-vm,elephant03.nanjing.aiops.local,nanjing,traffic_flow_metrics,flow_type|protocol|source_region|target_domain|target_region,observed+derived,high,business probe source and target are explicit raw fields
chengdu,chengdu-traffic-vm,elephant03.shanghai.aiops.local,shanghai,traffic_flow_metrics,flow_type|protocol|source_region|target_domain|target_region,observed+derived,high,business probe source and target are explicit raw fields
chengdu,chengdu-traffic-vm,elephant03.shenyang.aiops.local,shenyang,traffic_flow_metrics,flow_type|protocol|source_region|target_domain|target_region,observed+derived,high,business probe source and target are explicit raw fields
chengdu,chengdu-traffic-vm,elephant03.wuhan.aiops.local,wuhan,traffic_flow_metrics,flow_type|protocol|source_region|target_domain|target_region,observed+derived,high,business probe source and target are explicit raw fields
chengdu,chengdu-traffic-vm,elephant03.xian.aiops.local,xian,traffic_flow_metrics,flow_type|protocol|source_region|target_domain|target_region,observed+derived,high,business probe source and target are explicit raw fields
chengdu,chengdu-traffic-vm,web01.shanghai.aiops.local,shanghai,traffic_flow_metrics,flow_type|protocol|source_region|target_domain|target_region,observed+derived,high,business probe source and target are explicit raw fields
guangzhou,guangzhou-traffic-vm,auth01.wuhan.aiops.local,wuhan,traffic_flow_metrics,flow_type|protocol|source_region|target_domain|target_region,observed+derived,high,business probe source and target are explicit raw fields
guangzhou,guangzhou-traffic-vm,dns.beida.aiops.local,beida,traffic_flow_metrics,flow_type|protocol|source_region|target_domain|target_region,observed+derived,high,business probe source and target are explicit raw fields
guangzhou,guangzhou-traffic-vm,elephant01.chengdu.aiops.local,chengdu,traffic_flow_metrics,flow_type|protocol|source_region|target_domain|target_region,observed+derived,high,business probe source and target are explicit raw fields
guangzhou,guangzhou-traffic-vm,elephant01.guangzhou.aiops.local,guangzhou,traffic_flow_metrics,flow_type|protocol|source_region|target_domain|target_region,observed+derived,high,business probe source and target are explicit raw fields
guangzhou,guangzhou-traffic-vm,elephant01.nanjing.aiops.local,nanjing,traffic_flow_metrics,flow_type|protocol|source_region|target_domain|target_region,observed+derived,high,business probe source and target are explicit raw fields
guangzhou,guangzhou-traffic-vm,elephant01.shenyang.aiops.local,shenyang,traffic_flow_metrics,flow_type|protocol|source_region|target_domain|target_region,observed+derived,high,business probe source and target are explicit raw fields
guangzhou,guangzhou-traffic-vm,elephant01.xian.aiops.local,xian,traffic_flow_metrics,flow_type|protocol|source_region|target_domain|target_region,observed+derived,high,business probe source and target are explicit raw fields
guangzhou,guangzhou-traffic-vm,elephant02.beida.aiops.local,beida,traffic_flow_metrics,flow_type|protocol|source_region|target_domain|target_region,observed+derived,high,business probe source and target are explicit raw fields
guangzhou,guangzhou-traffic-vm,elephant02.chengdu.aiops.local,chengdu,traffic_flow_metrics,flow_type|protocol|source_region|target_domain|target_region,observed+derived,high,business probe source and target are explicit raw fields
guangzhou,guangzhou-traffic-vm,elephant02.guangzhou.aiops.local,guangzhou,traffic_flow_metrics,flow_type|protocol|source_region|target_domain|target_region,observed+derived,high,business probe source and target are explicit raw fields
guangzhou,guangzhou-traffic-vm,elephant02.nanjing.aiops.local,nanjing,traffic_flow_metrics,flow_type|protocol|source_region|target_domain|target_region,observed+derived,high,business probe source and target are explicit raw fields
guangzhou,guangzhou-traffic-vm,elephant02.shanghai.aiops.local,shanghai,traffic_flow_metrics,flow_type|protocol|source_region|target_domain|target_region,observed+derived,high,business probe source and target are explicit raw fields
guangzhou,guangzhou-traffic-vm,elephant02.shenyang.aiops.local,shenyang,traffic_flow_metrics,flow_type|protocol|source_region|target_domain|target_region,observed+derived,high,business probe source and target are explicit raw fields
guangzhou,guangzhou-traffic-vm,elephant02.wuhan.aiops.local,wuhan,traffic_flow_metrics,flow_type|protocol|source_region|target_domain|target_region,observed+derived,high,business probe source and target are explicit raw fields
guangzhou,guangzhou-traffic-vm,elephant02.xian.aiops.local,xian,traffic_flow_metrics,flow_type|protocol|source_region|target_domain|target_region,observed+derived,high,business probe source and target are explicit raw fields
guangzhou,guangzhou-traffic-vm,elephant03.beida.aiops.local,beida,traffic_flow_metrics,flow_type|protocol|source_region|target_domain|target_region,observed+derived,high,business probe source and target are explicit raw fields
guangzhou,guangzhou-traffic-vm,elephant03.chengdu.aiops.local,chengdu,traffic_flow_metrics,flow_type|protocol|source_region|target_domain|target_region,observed+derived,high,business probe source and target are explicit raw fields
guangzhou,guangzhou-traffic-vm,elephant03.guangzhou.aiops.local,guangzhou,traffic_flow_metrics,flow_type|protocol|source_region|target_domain|target_region,observed+derived,high,business probe source and target are explicit raw fields
guangzhou,guangzhou-traffic-vm,elephant03.nanjing.aiops.local,nanjing,traffic_flow_metrics,flow_type|protocol|source_region|target_domain|target_region,observed+derived,high,business probe source and target are explicit raw fields
guangzhou,guangzhou-traffic-vm,elephant03.shanghai.aiops.local,shanghai,traffic_flow_metrics,flow_type|protocol|source_region|target_domain|target_region,observed+derived,high,business probe source and target are explicit raw fields
guangzhou,guangzhou-traffic-vm,elephant03.shenyang.aiops.local,shenyang,traffic_flow_metrics,flow_type|protocol|source_region|target_domain|target_region,observed+derived,high,business probe source and target are explicit raw fields
guangzhou,guangzhou-traffic-vm,elephant03.wuhan.aiops.local,wuhan,traffic_flow_metrics,flow_type|protocol|source_region|target_domain|target_region,observed+derived,high,business probe source and target are explicit raw fields
guangzhou,guangzhou-traffic-vm,elephant03.xian.aiops.local,xian,traffic_flow_metrics,flow_type|protocol|source_region|target_domain|target_region,observed+derived,high,business probe source and target are explicit raw fields
guangzhou,guangzhou-traffic-vm,web01.shanghai.aiops.local,shanghai,traffic_flow_metrics,flow_type|protocol|source_region|target_domain|target_region,observed+derived,high,business probe source and target are explicit raw fields
nanjing,nanjing-traffic-vm,auth01.wuhan.aiops.local,wuhan,traffic_flow_metrics,flow_type|protocol|source_region|target_domain|target_region,observed+derived,high,business probe source and target are explicit raw fields
nanjing,nanjing-traffic-vm,dns.beida.aiops.local,beida,traffic_flow_metrics,flow_type|protocol|source_region|target_domain|target_region,observed+derived,high,business probe source and target are explicit raw fields
nanjing,nanjing-traffic-vm,elephant01.chengdu.aiops.local,chengdu,traffic_flow_metrics,flow_type|protocol|source_region|target_domain|target_region,observed+derived,high,business probe source and target are explicit raw fields
nanjing,nanjing-traffic-vm,elephant01.guangzhou.aiops.local,guangzhou,traffic_flow_metrics,flow_type|protocol|source_region|target_domain|target_region,observed+derived,high,business probe source and target are explicit raw fields
nanjing,nanjing-traffic-vm,elephant01.nanjing.aiops.local,nanjing,traffic_flow_metrics,flow_type|protocol|source_region|target_domain|target_region,observed+derived,high,business probe source and target are explicit raw fields
nanjing,nanjing-traffic-vm,elephant01.shenyang.aiops.local,shenyang,traffic_flow_metrics,flow_type|protocol|source_region|target_domain|target_region,observed+derived,high,business probe source and target are explicit raw fields
nanjing,nanjing-traffic-vm,elephant01.xian.aiops.local,xian,traffic_flow_metrics,flow_type|protocol|source_region|target_domain|target_region,observed+derived,high,business probe source and target are explicit raw fields
nanjing,nanjing-traffic-vm,elephant02.beida.aiops.local,beida,traffic_flow_metrics,flow_type|protocol|source_region|target_domain|target_region,observed+derived,high,business probe source and target are explicit raw fields
nanjing,nanjing-traffic-vm,elephant02.chengdu.aiops.local,chengdu,traffic_flow_metrics,flow_type|protocol|source_region|target_domain|target_region,observed+derived,high,business probe source and target are explicit raw fields
nanjing,nanjing-traffic-vm,elephant02.guangzhou.aiops.local,guangzhou,traffic_flow_metrics,flow_type|protocol|source_region|target_domain|target_region,observed+derived,high,business probe source and target are explicit raw fields
nanjing,nanjing-traffic-vm,elephant02.nanjing.aiops.local,nanjing,traffic_flow_metrics,flow_type|protocol|source_region|target_domain|target_region,observed+derived,high,business probe source and target are explicit raw fields
nanjing,nanjing-traffic-vm,elephant02.shanghai.aiops.local,shanghai,traffic_flow_metrics,flow_type|protocol|source_region|target_domain|target_region,observed+derived,high,business probe source and target are explicit raw fields
nanjing,nanjing-traffic-vm,elephant02.shenyang.aiops.local,shenyang,traffic_flow_metrics,flow_type|protocol|source_region|target_domain|target_region,observed+derived,high,business probe source and target are explicit raw fields
nanjing,nanjing-traffic-vm,elephant02.wuhan.aiops.local,wuhan,traffic_flow_metrics,flow_type|protocol|source_region|target_domain|target_region,observed+derived,high,business probe source and target are explicit raw fields
nanjing,nanjing-traffic-vm,elephant02.xian.aiops.local,xian,traffic_flow_metrics,flow_type|protocol|source_region|target_domain|target_region,observed+derived,high,business probe source and target are explicit raw fields
nanjing,nanjing-traffic-vm,elephant03.beida.aiops.local,beida,traffic_flow_metrics,flow_type|protocol|source_region|target_domain|target_region,observed+derived,high,business probe source and target are explicit raw fields
nanjing,nanjing-traffic-vm,elephant03.chengdu.aiops.local,chengdu,traffic_flow_metrics,flow_type|protocol|source_region|target_domain|target_region,observed+derived,high,business probe source and target are explicit raw fields
nanjing,nanjing-traffic-vm,elephant03.guangzhou.aiops.local,guangzhou,traffic_flow_metrics,flow_type|protocol|source_region|target_domain|target_region,observed+derived,high,business probe source and target are explicit raw fields
nanjing,nanjing-traffic-vm,elephant03.nanjing.aiops.local,nanjing,traffic_flow_metrics,flow_type|protocol|source_region|target_domain|target_region,observed+derived,high,business probe source and target are explicit raw fields
nanjing,nanjing-traffic-vm,elephant03.shanghai.aiops.local,shanghai,traffic_flow_metrics,flow_type|protocol|source_region|target_domain|target_region,observed+derived,high,business probe source and target are explicit raw fields
nanjing,nanjing-traffic-vm,elephant03.shenyang.aiops.local,shenyang,traffic_flow_metrics,flow_type|protocol|source_region|target_domain|target_region,observed+derived,high,business probe source and target are explicit raw fields
nanjing,nanjing-traffic-vm,elephant03.wuhan.aiops.local,wuhan,traffic_flow_metrics,flow_type|protocol|source_region|target_domain|target_region,observed+derived,high,business probe source and target are explicit raw fields
nanjing,nanjing-traffic-vm,elephant03.xian.aiops.local,xian,traffic_flow_metrics,flow_type|protocol|source_region|target_domain|target_region,observed+derived,high,business probe source and target are explicit raw fields
nanjing,nanjing-traffic-vm,web01.shanghai.aiops.local,shanghai,traffic_flow_metrics,flow_type|protocol|source_region|target_domain|target_region,observed+derived,high,business probe source and target are explicit raw fields
shanghai,shanghai-traffic-vm,auth01.wuhan.aiops.local,wuhan,traffic_flow_metrics,flow_type|protocol|source_region|target_domain|target_region,observed+derived,high,business probe source and target are explicit raw fields
shanghai,shanghai-traffic-vm,dns.beida.aiops.local,beida,traffic_flow_metrics,flow_type|protocol|source_region|target_domain|target_region,observed+derived,high,business probe source and target are explicit raw fields
shanghai,shanghai-traffic-vm,elephant01.chengdu.aiops.local,chengdu,traffic_flow_metrics,flow_type|protocol|source_region|target_domain|target_region,observed+derived,high,business probe source and target are explicit raw fields
shanghai,shanghai-traffic-vm,elephant01.guangzhou.aiops.local,guangzhou,traffic_flow_metrics,flow_type|protocol|source_region|target_domain|target_region,observed+derived,high,business probe source and target are explicit raw fields
shanghai,shanghai-traffic-vm,elephant01.nanjing.aiops.local,nanjing,traffic_flow_metrics,flow_type|protocol|source_region|target_domain|target_region,observed+derived,high,business probe source and target are explicit raw fields
shanghai,shanghai-traffic-vm,elephant01.shenyang.aiops.local,shenyang,traffic_flow_metrics,flow_type|protocol|source_region|target_domain|target_region,observed+derived,high,business probe source and target are explicit raw fields
shanghai,shanghai-traffic-vm,elephant01.xian.aiops.local,xian,traffic_flow_metrics,flow_type|protocol|source_region|target_domain|target_region,observed+derived,high,business probe source and target are explicit raw fields
shanghai,shanghai-traffic-vm,elephant02.beida.aiops.local,beida,traffic_flow_metrics,flow_type|protocol|source_region|target_domain|target_region,observed+derived,high,business probe source and target are explicit raw fields
shanghai,shanghai-traffic-vm,elephant02.chengdu.aiops.local,chengdu,traffic_flow_metrics,flow_type|protocol|source_region|target_domain|target_region,observed+derived,high,business probe source and target are explicit raw fields
shanghai,shanghai-traffic-vm,elephant02.guangzhou.aiops.local,guangzhou,traffic_flow_metrics,flow_type|protocol|source_region|target_domain|target_region,observed+derived,high,business probe source and target are explicit raw fields
shanghai,shanghai-traffic-vm,elephant02.nanjing.aiops.local,nanjing,traffic_flow_metrics,flow_type|protocol|source_region|target_domain|target_region,observed+derived,high,business probe source and target are explicit raw fields
shanghai,shanghai-traffic-vm,elephant02.shanghai.aiops.local,shanghai,traffic_flow_metrics,flow_type|protocol|source_region|target_domain|target_region,observed+derived,high,business probe source and target are explicit raw fields
shanghai,shanghai-traffic-vm,elephant02.shenyang.aiops.local,shenyang,traffic_flow_metrics,flow_type|protocol|source_region|target_domain|target_region,observed+derived,high,business probe source and target are explicit raw fields
shanghai,shanghai-traffic-vm,elephant02.wuhan.aiops.local,wuhan,traffic_flow_metrics,flow_type|protocol|source_region|target_domain|target_region,observed+derived,high,business probe source and target are explicit raw fields
shanghai,shanghai-traffic-vm,elephant02.xian.aiops.local,xian,traffic_flow_metrics,flow_type|protocol|source_region|target_domain|target_region,observed+derived,high,business probe source and target are explicit raw fields
shanghai,shanghai-traffic-vm,elephant03.beida.aiops.local,beida,traffic_flow_metrics,flow_type|protocol|source_region|target_domain|target_region,observed+derived,high,business probe source and target are explicit raw fields
shanghai,shanghai-traffic-vm,elephant03.chengdu.aiops.local,chengdu,traffic_flow_metrics,flow_type|protocol|source_region|target_domain|target_region,observed+derived,high,business probe source and target are explicit raw fields
shanghai,shanghai-traffic-vm,elephant03.guangzhou.aiops.local,guangzhou,traffic_flow_metrics,flow_type|protocol|source_region|target_domain|target_region,observed+derived,high,business probe source and target are explicit raw fields
shanghai,shanghai-traffic-vm,elephant03.nanjing.aiops.local,nanjing,traffic_flow_metrics,flow_type|protocol|source_region|target_domain|target_region,observed+derived,high,business probe source and target are explicit raw fields
shanghai,shanghai-traffic-vm,elephant03.shanghai.aiops.local,shanghai,traffic_flow_metrics,flow_type|protocol|source_region|target_domain|target_region,observed+derived,high,business probe source and target are explicit raw fields
shanghai,shanghai-traffic-vm,elephant03.shenyang.aiops.local,shenyang,traffic_flow_metrics,flow_type|protocol|source_region|target_domain|target_region,observed+derived,high,business probe source and target are explicit raw fields
shanghai,shanghai-traffic-vm,elephant03.wuhan.aiops.local,wuhan,traffic_flow_metrics,flow_type|protocol|source_region|target_domain|target_region,observed+derived,high,business probe source and target are explicit raw fields
shanghai,shanghai-traffic-vm,elephant03.xian.aiops.local,xian,traffic_flow_metrics,flow_type|protocol|source_region|target_domain|target_region,observed+derived,high,business probe source and target are explicit raw fields
shanghai,shanghai-traffic-vm,web01.shanghai.aiops.local,shanghai,traffic_flow_metrics,flow_type|protocol|source_region|target_domain|target_region,observed+derived,high,business probe source and target are explicit raw fields
shenyang,shenyang-traffic-vm,auth01.wuhan.aiops.local,wuhan,traffic_flow_metrics,flow_type|protocol|source_region|target_domain|target_region,observed+derived,high,business probe source and target are explicit raw fields
shenyang,shenyang-traffic-vm,dns.beida.aiops.local,beida,traffic_flow_metrics,flow_type|protocol|source_region|target_domain|target_region,observed+derived,high,business probe source and target are explicit raw fields
shenyang,shenyang-traffic-vm,elephant01.chengdu.aiops.local,chengdu,traffic_flow_metrics,flow_type|protocol|source_region|target_domain|target_region,observed+derived,high,business probe source and target are explicit raw fields
shenyang,shenyang-traffic-vm,elephant01.guangzhou.aiops.local,guangzhou,traffic_flow_metrics,flow_type|protocol|source_region|target_domain|target_region,observed+derived,high,business probe source and target are explicit raw fields
shenyang,shenyang-traffic-vm,elephant01.nanjing.aiops.local,nanjing,traffic_flow_metrics,flow_type|protocol|source_region|target_domain|target_region,observed+derived,high,business probe source and target are explicit raw fields
shenyang,shenyang-traffic-vm,elephant01.shenyang.aiops.local,shenyang,traffic_flow_metrics,flow_type|protocol|source_region|target_domain|target_region,observed+derived,high,business probe source and target are explicit raw fields
shenyang,shenyang-traffic-vm,elephant01.xian.aiops.local,xian,traffic_flow_metrics,flow_type|protocol|source_region|target_domain|target_region,observed+derived,high,business probe source and target are explicit raw fields
shenyang,shenyang-traffic-vm,elephant02.beida.aiops.local,beida,traffic_flow_metrics,flow_type|protocol|source_region|target_domain|target_region,observed+derived,high,business probe source and target are explicit raw fields
shenyang,shenyang-traffic-vm,elephant02.chengdu.aiops.local,chengdu,traffic_flow_metrics,flow_type|protocol|source_region|target_domain|target_region,observed+derived,high,business probe source and target are explicit raw fields
shenyang,shenyang-traffic-vm,elephant02.guangzhou.aiops.local,guangzhou,traffic_flow_metrics,flow_type|protocol|source_region|target_domain|target_region,observed+derived,high,business probe source and target are explicit raw fields
shenyang,shenyang-traffic-vm,elephant02.nanjing.aiops.local,nanjing,traffic_flow_metrics,flow_type|protocol|source_region|target_domain|target_region,observed+derived,high,business probe source and target are explicit raw fields
shenyang,shenyang-traffic-vm,elephant02.shanghai.aiops.local,shanghai,traffic_flow_metrics,flow_type|protocol|source_region|target_domain|target_region,observed+derived,high,business probe source and target are explicit raw fields
shenyang,shenyang-traffic-vm,elephant02.shenyang.aiops.local,shenyang,traffic_flow_metrics,flow_type|protocol|source_region|target_domain|target_region,observed+derived,high,business probe source and target are explicit raw fields
shenyang,shenyang-traffic-vm,elephant02.wuhan.aiops.local,wuhan,traffic_flow_metrics,flow_type|protocol|source_region|target_domain|target_region,observed+derived,high,business probe source and target are explicit raw fields
shenyang,shenyang-traffic-vm,elephant02.xian.aiops.local,xian,traffic_flow_metrics,flow_type|protocol|source_region|target_domain|target_region,observed+derived,high,business probe source and target are explicit raw fields
shenyang,shenyang-traffic-vm,elephant03.beida.aiops.local,beida,traffic_flow_metrics,flow_type|protocol|source_region|target_domain|target_region,observed+derived,high,business probe source and target are explicit raw fields
shenyang,shenyang-traffic-vm,elephant03.chengdu.aiops.local,chengdu,traffic_flow_metrics,flow_type|protocol|source_region|target_domain|target_region,observed+derived,high,business probe source and target are explicit raw fields
shenyang,shenyang-traffic-vm,elephant03.guangzhou.aiops.local,guangzhou,traffic_flow_metrics,flow_type|protocol|source_region|target_domain|target_region,observed+derived,high,business probe source and target are explicit raw fields
shenyang,shenyang-traffic-vm,elephant03.nanjing.aiops.local,nanjing,traffic_flow_metrics,flow_type|protocol|source_region|target_domain|target_region,observed+derived,high,business probe source and target are explicit raw fields
shenyang,shenyang-traffic-vm,elephant03.shanghai.aiops.local,shanghai,traffic_flow_metrics,flow_type|protocol|source_region|target_domain|target_region,observed+derived,high,business probe source and target are explicit raw fields
shenyang,shenyang-traffic-vm,elephant03.shenyang.aiops.local,shenyang,traffic_flow_metrics,flow_type|protocol|source_region|target_domain|target_region,observed+derived,high,business probe source and target are explicit raw fields
shenyang,shenyang-traffic-vm,elephant03.wuhan.aiops.local,wuhan,traffic_flow_metrics,flow_type|protocol|source_region|target_domain|target_region,observed+derived,high,business probe source and target are explicit raw fields
shenyang,shenyang-traffic-vm,elephant03.xian.aiops.local,xian,traffic_flow_metrics,flow_type|protocol|source_region|target_domain|target_region,observed+derived,high,business probe source and target are explicit raw fields
shenyang,shenyang-traffic-vm,web01.shanghai.aiops.local,shanghai,traffic_flow_metrics,flow_type|protocol|source_region|target_domain|target_region,observed+derived,high,business probe source and target are explicit raw fields
wuhan,wuhan-traffic-vm,auth01.wuhan.aiops.local,wuhan,traffic_flow_metrics,flow_type|protocol|source_region|target_domain|target_region,observed+derived,high,business probe source and target are explicit raw fields
wuhan,wuhan-traffic-vm,dns.beida.aiops.local,beida,traffic_flow_metrics,flow_type|protocol|source_region|target_domain|target_region,observed+derived,high,business probe source and target are explicit raw fields
wuhan,wuhan-traffic-vm,elephant01.chengdu.aiops.local,chengdu,traffic_flow_metrics,flow_type|protocol|source_region|target_domain|target_region,observed+derived,high,business probe source and target are explicit raw fields
wuhan,wuhan-traffic-vm,elephant01.guangzhou.aiops.local,guangzhou,traffic_flow_metrics,flow_type|protocol|source_region|target_domain|target_region,observed+derived,high,business probe source and target are explicit raw fields
wuhan,wuhan-traffic-vm,elephant01.nanjing.aiops.local,nanjing,traffic_flow_metrics,flow_type|protocol|source_region|target_domain|target_region,observed+derived,high,business probe source and target are explicit raw fields
wuhan,wuhan-traffic-vm,elephant01.shenyang.aiops.local,shenyang,traffic_flow_metrics,flow_type|protocol|source_region|target_domain|target_region,observed+derived,high,business probe source and target are explicit raw fields
wuhan,wuhan-traffic-vm,elephant01.xian.aiops.local,xian,traffic_flow_metrics,flow_type|protocol|source_region|target_domain|target_region,observed+derived,high,business probe source and target are explicit raw fields
wuhan,wuhan-traffic-vm,elephant02.beida.aiops.local,beida,traffic_flow_metrics,flow_type|protocol|source_region|target_domain|target_region,observed+derived,high,business probe source and target are explicit raw fields
wuhan,wuhan-traffic-vm,elephant02.chengdu.aiops.local,chengdu,traffic_flow_metrics,flow_type|protocol|source_region|target_domain|target_region,observed+derived,high,business probe source and target are explicit raw fields
wuhan,wuhan-traffic-vm,elephant02.guangzhou.aiops.local,guangzhou,traffic_flow_metrics,flow_type|protocol|source_region|target_domain|target_region,observed+derived,high,business probe source and target are explicit raw fields
wuhan,wuhan-traffic-vm,elephant02.nanjing.aiops.local,nanjing,traffic_flow_metrics,flow_type|protocol|source_region|target_domain|target_region,observed+derived,high,business probe source and target are explicit raw fields
wuhan,wuhan-traffic-vm,elephant02.shanghai.aiops.local,shanghai,traffic_flow_metrics,flow_type|protocol|source_region|target_domain|target_region,observed+derived,high,business probe source and target are explicit raw fields
wuhan,wuhan-traffic-vm,elephant02.shenyang.aiops.local,shenyang,traffic_flow_metrics,flow_type|protocol|source_region|target_domain|target_region,observed+derived,high,business probe source and target are explicit raw fields
wuhan,wuhan-traffic-vm,elephant02.wuhan.aiops.local,wuhan,traffic_flow_metrics,flow_type|protocol|source_region|target_domain|target_region,observed+derived,high,business probe source and target are explicit raw fields
wuhan,wuhan-traffic-vm,elephant02.xian.aiops.local,xian,traffic_flow_metrics,flow_type|protocol|source_region|target_domain|target_region,observed+derived,high,business probe source and target are explicit raw fields
wuhan,wuhan-traffic-vm,elephant03.beida.aiops.local,beida,traffic_flow_metrics,flow_type|protocol|source_region|target_domain|target_region,observed+derived,high,business probe source and target are explicit raw fields
wuhan,wuhan-traffic-vm,elephant03.chengdu.aiops.local,chengdu,traffic_flow_metrics,flow_type|protocol|source_region|target_domain|target_region,observed+derived,high,business probe source and target are explicit raw fields
wuhan,wuhan-traffic-vm,elephant03.guangzhou.aiops.local,guangzhou,traffic_flow_metrics,flow_type|protocol|source_region|target_domain|target_region,observed+derived,high,business probe source and target are explicit raw fields
wuhan,wuhan-traffic-vm,elephant03.nanjing.aiops.local,nanjing,traffic_flow_metrics,flow_type|protocol|source_region|target_domain|target_region,observed+derived,high,business probe source and target are explicit raw fields
wuhan,wuhan-traffic-vm,elephant03.shanghai.aiops.local,shanghai,traffic_flow_metrics,flow_type|protocol|source_region|target_domain|target_region,observed+derived,high,business probe source and target are explicit raw fields
wuhan,wuhan-traffic-vm,elephant03.shenyang.aiops.local,shenyang,traffic_flow_metrics,flow_type|protocol|source_region|target_domain|target_region,observed+derived,high,business probe source and target are explicit raw fields
wuhan,wuhan-traffic-vm,elephant03.wuhan.aiops.local,wuhan,traffic_flow_metrics,flow_type|protocol|source_region|target_domain|target_region,observed+derived,high,business probe source and target are explicit raw fields
wuhan,wuhan-traffic-vm,elephant03.xian.aiops.local,xian,traffic_flow_metrics,flow_type|protocol|source_region|target_domain|target_region,observed+derived,high,business probe source and target are explicit raw fields
wuhan,wuhan-traffic-vm,web01.shanghai.aiops.local,shanghai,traffic_flow_metrics,flow_type|protocol|source_region|target_domain|target_region,observed+derived,high,business probe source and target are explicit raw fields
xian,xian-traffic-vm,auth01.wuhan.aiops.local,wuhan,traffic_flow_metrics,flow_type|protocol|source_region|target_domain|target_region,observed+derived,high,business probe source and target are explicit raw fields
xian,xian-traffic-vm,dns.beida.aiops.local,beida,traffic_flow_metrics,flow_type|protocol|source_region|target_domain|target_region,observed+derived,high,business probe source and target are explicit raw fields
xian,xian-traffic-vm,elephant01.chengdu.aiops.local,chengdu,traffic_flow_metrics,flow_type|protocol|source_region|target_domain|target_region,observed+derived,high,business probe source and target are explicit raw fields
xian,xian-traffic-vm,elephant01.guangzhou.aiops.local,guangzhou,traffic_flow_metrics,flow_type|protocol|source_region|target_domain|target_region,observed+derived,high,business probe source and target are explicit raw fields
xian,xian-traffic-vm,elephant01.nanjing.aiops.local,nanjing,traffic_flow_metrics,flow_type|protocol|source_region|target_domain|target_region,observed+derived,high,business probe source and target are explicit raw fields
xian,xian-traffic-vm,elephant01.shenyang.aiops.local,shenyang,traffic_flow_metrics,flow_type|protocol|source_region|target_domain|target_region,observed+derived,high,business probe source and target are explicit raw fields
xian,xian-traffic-vm,elephant01.xian.aiops.local,xian,traffic_flow_metrics,flow_type|protocol|source_region|target_domain|target_region,observed+derived,high,business probe source and target are explicit raw fields
xian,xian-traffic-vm,elephant02.beida.aiops.local,beida,traffic_flow_metrics,flow_type|protocol|source_region|target_domain|target_region,observed+derived,high,business probe source and target are explicit raw fields
xian,xian-traffic-vm,elephant02.chengdu.aiops.local,chengdu,traffic_flow_metrics,flow_type|protocol|source_region|target_domain|target_region,observed+derived,high,business probe source and target are explicit raw fields
xian,xian-traffic-vm,elephant02.guangzhou.aiops.local,guangzhou,traffic_flow_metrics,flow_type|protocol|source_region|target_domain|target_region,observed+derived,high,business probe source and target are explicit raw fields
xian,xian-traffic-vm,elephant02.nanjing.aiops.local,nanjing,traffic_flow_metrics,flow_type|protocol|source_region|target_domain|target_region,observed+derived,high,business probe source and target are explicit raw fields
xian,xian-traffic-vm,elephant02.shanghai.aiops.local,shanghai,traffic_flow_metrics,flow_type|protocol|source_region|target_domain|target_region,observed+derived,high,business probe source and target are explicit raw fields
xian,xian-traffic-vm,elephant02.shenyang.aiops.local,shenyang,traffic_flow_metrics,flow_type|protocol|source_region|target_domain|target_region,observed+derived,high,business probe source and target are explicit raw fields
xian,xian-traffic-vm,elephant02.wuhan.aiops.local,wuhan,traffic_flow_metrics,flow_type|protocol|source_region|target_domain|target_region,observed+derived,high,business probe source and target are explicit raw fields
xian,xian-traffic-vm,elephant02.xian.aiops.local,xian,traffic_flow_metrics,flow_type|protocol|source_region|target_domain|target_region,observed+derived,high,business probe source and target are explicit raw fields
xian,xian-traffic-vm,elephant03.beida.aiops.local,beida,traffic_flow_metrics,flow_type|protocol|source_region|target_domain|target_region,observed+derived,high,business probe source and target are explicit raw fields
xian,xian-traffic-vm,elephant03.chengdu.aiops.local,chengdu,traffic_flow_metrics,flow_type|protocol|source_region|target_domain|target_region,observed+derived,high,business probe source and target are explicit raw fields
xian,xian-traffic-vm,elephant03.guangzhou.aiops.local,guangzhou,traffic_flow_metrics,flow_type|protocol|source_region|target_domain|target_region,observed+derived,high,business probe source and target are explicit raw fields
xian,xian-traffic-vm,elephant03.nanjing.aiops.local,nanjing,traffic_flow_metrics,flow_type|protocol|source_region|target_domain|target_region,observed+derived,high,business probe source and target are explicit raw fields
xian,xian-traffic-vm,elephant03.shanghai.aiops.local,shanghai,traffic_flow_metrics,flow_type|protocol|source_region|target_domain|target_region,observed+derived,high,business probe source and target are explicit raw fields
xian,xian-traffic-vm,elephant03.shenyang.aiops.local,shenyang,traffic_flow_metrics,flow_type|protocol|source_region|target_domain|target_region,observed+derived,high,business probe source and target are explicit raw fields
xian,xian-traffic-vm,elephant03.wuhan.aiops.local,wuhan,traffic_flow_metrics,flow_type|protocol|source_region|target_domain|target_region,observed+derived,high,business probe source and target are explicit raw fields
xian,xian-traffic-vm,elephant03.xian.aiops.local,xian,traffic_flow_metrics,flow_type|protocol|source_region|target_domain|target_region,observed+derived,high,business probe source and target are explicit raw fields
xian,xian-traffic-vm,web01.shanghai.aiops.local,shanghai,traffic_flow_metrics,flow_type|protocol|source_region|target_domain|target_region,observed+derived,high,business probe source and target are explicit raw fields
