city,source,path,filename,size_bytes,rows,columns,timestamp_field,first_timestamp_utc,last_timestamp_utc,malformed_rows
beida,frr_syslog_events,/Users/yuiii/Desktop/2026 AIOps挑战赛数据集/beida_20260819040000_20260902040000/beida_20260819040000_20260902040000_data/frr_syslog_events_20260819040000_20260902040000.csv,frr_syslog_events_20260819040000_20260902040000.csv,82739,310,15,event_time,2026-08-21T03:17:51Z,2026-09-01T18:00:14Z,0
beida,interface_metrics,/Users/yuiii/Desktop/2026 AIOps挑战赛数据集/beida_20260819040000_20260902040000/beida_20260819040000_20260902040000_data/interface_metrics_20260819040000_20260902040000.csv,interface_metrics_20260819040000_20260902040000.csv,121195314,1209400,15,timestamp,2026-08-19T04:00:00Z,2026-09-02T03:59:00Z,0
beida,node_metrics,/Users/yuiii/Desktop/2026 AIOps挑战赛数据集/beida_20260819040000_20260902040000/beida_20260819040000_20260902040000_data/node_metrics_20260819040000_20260902040000.csv,node_metrics_20260819040000_20260902040000.csv,38800944,181417,16,timestamp,2026-08-19T04:00:00Z,2026-09-02T03:59:00Z,0
beida,routing_metrics,/Users/yuiii/Desktop/2026 AIOps挑战赛数据集/beida_20260819040000_20260902040000/beida_20260819040000_20260902040000_data/routing_metrics_20260819040000_20260902040000.csv,routing_metrics_20260819040000_20260902040000.csv,669625648,5442058,7,timestamp,2026-08-19T04:00:00Z,2026-09-02T03:59:00Z,0
beida,scrape_health,/Users/yuiii/Desktop/2026 AIOps挑战赛数据集/beida_20260819040000_20260902040000/beida_20260819040000_20260902040000_data/scrape_health_20260819040000_20260902040000.csv,scrape_health_20260819040000_20260902040000.csv,27206256,262067,9,timestamp,2026-08-19T04:00:00Z,2026-09-02T03:59:00Z,0
beida,traffic_flow_metrics,/Users/yuiii/Desktop/2026 AIOps挑战赛数据集/beida_20260819040000_20260902040000/beida_20260819040000_20260902040000_data/traffic_flow_metrics.csv,traffic_flow_metrics.csv,38653580,52631,126,timestamp_utc,2026-08-19T04:00:00Z,2026-09-02T03:59:00Z,0
chengdu,frr_syslog_events,/Users/yuiii/Desktop/2026 AIOps挑战赛数据集/chengdu_20260819040000_20260902040000/chengdu_20260819040000_20260902040000_data/frr_syslog_events_20260819040000_20260902040000.csv,frr_syslog_events_20260819040000_20260902040000.csv,116362,432,15,event_time,2026-08-19T04:57:08Z,2026-09-01T16:57:08Z,0
chengdu,interface_metrics,/Users/yuiii/Desktop/2026 AIOps挑战赛数据集/chengdu_20260819040000_20260902040000/chengdu_20260819040000_20260902040000_data/interface_metrics_20260819040000_20260902040000.csv,interface_metrics_20260819040000_20260902040000.csv,119993948,1208480,15,timestamp,2026-08-19T04:00:00Z,2026-09-02T03:59:00Z,0
chengdu,node_metrics,/Users/yuiii/Desktop/2026 AIOps挑战赛数据集/chengdu_20260819040000_20260902040000/chengdu_20260819040000_20260902040000_data/node_metrics_20260819040000_20260902040000.csv,node_metrics_20260819040000_20260902040000.csv,38588545,181291,16,timestamp,2026-08-19T04:00:00Z,2026-09-02T03:59:00Z,0
chengdu,routing_metrics,/Users/yuiii/Desktop/2026 AIOps挑战赛数据集/chengdu_20260819040000_20260902040000/chengdu_20260819040000_20260902040000_data/routing_metrics_20260819040000_20260902040000.csv,routing_metrics_20260819040000_20260902040000.csv,626380342,5116507,7,timestamp,2026-08-19T04:00:00Z,2026-09-02T03:59:00Z,0
chengdu,scrape_health,/Users/yuiii/Desktop/2026 AIOps挑战赛数据集/chengdu_20260819040000_20260902040000/chengdu_20260819040000_20260902040000_data/scrape_health_20260819040000_20260902040000.csv,scrape_health_20260819040000_20260902040000.csv,27190221,261911,9,timestamp,2026-08-19T04:00:00Z,2026-09-02T03:59:00Z,0
chengdu,traffic_flow_metrics,/Users/yuiii/Desktop/2026 AIOps挑战赛数据集/chengdu_20260819040000_20260902040000/chengdu_20260819040000_20260902040000_data/traffic_flow_metrics.csv,traffic_flow_metrics.csv,38346065,52488,126,timestamp_utc,2026-08-19T04:00:00Z,2026-09-02T03:59:00Z,0
guangzhou,frr_syslog_events,/Users/yuiii/Desktop/2026 AIOps挑战赛数据集/guangzhou_20260819040000_20260902040000/guangzhou_20260819040000_20260902040000_data/frr_syslog_events_20260819040000_20260902040000.csv,frr_syslog_events_20260819040000_20260902040000.csv,121666,444,15,event_time,2026-08-19T08:27:08Z,2026-09-01T10:48:33Z,0
guangzhou,interface_metrics,/Users/yuiii/Desktop/2026 AIOps挑战赛数据集/guangzhou_20260819040000_20260902040000/guangzhou_20260819040000_20260902040000_data/interface_metrics_20260819040000_20260902040000.csv,interface_metrics_20260819040000_20260902040000.csv,121555335,1209320,15,timestamp,2026-08-19T04:00:00Z,2026-09-02T03:59:00Z,0
guangzhou,node_metrics,/Users/yuiii/Desktop/2026 AIOps挑战赛数据集/guangzhou_20260819040000_20260902040000/guangzhou_20260819040000_20260902040000_data/node_metrics_20260819040000_20260902040000.csv,node_metrics_20260819040000_20260902040000.csv,38601065,181414,16,timestamp,2026-08-19T04:00:00Z,2026-09-02T03:59:00Z,0
guangzhou,routing_metrics,/Users/yuiii/Desktop/2026 AIOps挑战赛数据集/guangzhou_20260819040000_20260902040000/guangzhou_20260819040000_20260902040000_data/routing_metrics_20260819040000_20260902040000.csv,routing_metrics_20260819040000_20260902040000.csv,605388039,5014277,7,timestamp,2026-08-19T04:00:00Z,2026-09-02T03:59:00Z,0
guangzhou,scrape_health,/Users/yuiii/Desktop/2026 AIOps挑战赛数据集/guangzhou_20260819040000_20260902040000/guangzhou_20260819040000_20260902040000_data/scrape_health_20260819040000_20260902040000.csv,scrape_health_20260819040000_20260902040000.csv,27207242,262080,9,timestamp,2026-08-19T04:00:00Z,2026-09-02T03:59:00Z,0
guangzhou,traffic_flow_metrics,/Users/yuiii/Desktop/2026 AIOps挑战赛数据集/guangzhou_20260819040000_20260902040000/guangzhou_20260819040000_20260902040000_data/traffic_flow_metrics.csv,traffic_flow_metrics.csv,38670107,52723,126,timestamp_utc,2026-08-19T04:00:00Z,2026-09-02T03:59:00Z,0
nanjing,frr_syslog_events,/Users/yuiii/Desktop/2026 AIOps挑战赛数据集/nanjing_20260819040000_20260902040000/nanjing_20260819040000_20260902040000_data/frr_syslog_events_20260819040000_20260902040000.csv,frr_syslog_events_20260819040000_20260902040000.csv,131561,487,15,event_time,2026-08-23T10:57:07Z,2026-09-02T00:27:08Z,0
nanjing,interface_metrics,/Users/yuiii/Desktop/2026 AIOps挑战赛数据集/nanjing_20260819040000_20260902040000/nanjing_20260819040000_20260902040000_data/interface_metrics_20260819040000_20260902040000.csv,interface_metrics_20260819040000_20260902040000.csv,124266605,1249740,15,timestamp,2026-08-19T04:00:00Z,2026-09-02T03:59:00Z,0
nanjing,node_metrics,/Users/yuiii/Desktop/2026 AIOps挑战赛数据集/nanjing_20260819040000_20260902040000/nanjing_20260819040000_20260902040000_data/node_metrics_20260819040000_20260902040000.csv,node_metrics_20260819040000_20260902040000.csv,38567235,181424,16,timestamp,2026-08-19T04:00:00Z,2026-09-02T03:59:00Z,0
nanjing,routing_metrics,/Users/yuiii/Desktop/2026 AIOps挑战赛数据集/nanjing_20260819040000_20260902040000/nanjing_20260819040000_20260902040000_data/routing_metrics_20260819040000_20260902040000.csv,routing_metrics_20260819040000_20260902040000.csv,628789374,5139599,7,timestamp,2026-08-19T04:00:00Z,2026-09-02T03:59:00Z,0
nanjing,scrape_health,/Users/yuiii/Desktop/2026 AIOps挑战赛数据集/nanjing_20260819040000_20260902040000/nanjing_20260819040000_20260902040000_data/scrape_health_20260819040000_20260902040000.csv,scrape_health_20260819040000_20260902040000.csv,27207486,262080,9,timestamp,2026-08-19T04:00:00Z,2026-09-02T03:59:00Z,0
nanjing,traffic_flow_metrics,/Users/yuiii/Desktop/2026 AIOps挑战赛数据集/nanjing_20260819040000_20260902040000/nanjing_20260819040000_20260902040000_data/traffic_flow_metrics.csv,traffic_flow_metrics.csv,38724302,52565,126,timestamp_utc,2026-08-19T04:00:00Z,2026-09-02T03:59:00Z,0
shanghai,frr_syslog_events,/Users/yuiii/Desktop/2026 AIOps挑战赛数据集/shanghai_20260819040000_20260902040000/shanghai_20260819040000_20260902040000_data/frr_syslog_events_20260819040000_20260902040000.csv,frr_syslog_events_20260819040000_20260902040000.csv,153466,566,15,event_time,2026-08-19T06:45:48Z,2026-09-01T23:43:21Z,0
shanghai,interface_metrics,/Users/yuiii/Desktop/2026 AIOps挑战赛数据集/shanghai_20260819040000_20260902040000/shanghai_20260819040000_20260902040000_data/interface_metrics_20260819040000_20260902040000.csv,interface_metrics_20260819040000_20260902040000.csv,120892179,1208510,15,timestamp,2026-08-19T04:00:00Z,2026-09-02T03:59:00Z,0
shanghai,node_metrics,/Users/yuiii/Desktop/2026 AIOps挑战赛数据集/shanghai_20260819040000_20260902040000/shanghai_20260819040000_20260902040000_data/node_metrics_20260819040000_20260902040000.csv,node_metrics_20260819040000_20260902040000.csv,38895792,181336,16,timestamp,2026-08-19T04:00:00Z,2026-09-02T03:59:00Z,0
shanghai,routing_metrics,/Users/yuiii/Desktop/2026 AIOps挑战赛数据集/shanghai_20260819040000_20260902040000/shanghai_20260819040000_20260902040000_data/routing_metrics_20260819040000_20260902040000.csv,routing_metrics_20260819040000_20260902040000.csv,659981311,5435086,7,timestamp,2026-08-19T04:00:00Z,2026-09-02T03:59:00Z,0
shanghai,scrape_health,/Users/yuiii/Desktop/2026 AIOps挑战赛数据集/shanghai_20260819040000_20260902040000/shanghai_20260819040000_20260902040000_data/scrape_health_20260819040000_20260902040000.csv,scrape_health_20260819040000_20260902040000.csv,27208651,262080,9,timestamp,2026-08-19T04:00:00Z,2026-09-02T03:59:00Z,0
shanghai,traffic_flow_metrics,/Users/yuiii/Desktop/2026 AIOps挑战赛数据集/shanghai_20260819040000_20260902040000/shanghai_20260819040000_20260902040000_data/traffic_flow_metrics.csv,traffic_flow_metrics.csv,39044228,52754,126,timestamp_utc,2026-08-19T04:00:00Z,2026-09-02T03:59:00Z,0
shenyang,frr_syslog_events,/Users/yuiii/Desktop/2026 AIOps挑战赛数据集/shenyang_20260819040000_20260902040000/shenyang_20260819040000_20260902040000_data/frr_syslog_events_20260819040000_20260902040000.csv,frr_syslog_events_20260819040000_20260902040000.csv,90825,334,15,event_time,2026-08-27T12:38:52Z,2026-08-31T01:02:42Z,0
shenyang,interface_metrics,/Users/yuiii/Desktop/2026 AIOps挑战赛数据集/shenyang_20260819040000_20260902040000/shenyang_20260819040000_20260902040000_data/interface_metrics_20260819040000_20260902040000.csv,interface_metrics_20260819040000_20260902040000.csv,120491650,1209076,15,timestamp,2026-08-19T04:00:00Z,2026-09-02T03:59:00Z,0
shenyang,node_metrics,/Users/yuiii/Desktop/2026 AIOps挑战赛数据集/shenyang_20260819040000_20260902040000/shenyang_20260819040000_20260902040000_data/node_metrics_20260819040000_20260902040000.csv,node_metrics_20260819040000_20260902040000.csv,36556492,181372,16,timestamp,2026-08-19T04:00:00Z,2026-09-02T03:59:00Z,0
shenyang,routing_metrics,/Users/yuiii/Desktop/2026 AIOps挑战赛数据集/shenyang_20260819040000_20260902040000/shenyang_20260819040000_20260902040000_data/routing_metrics_20260819040000_20260902040000.csv,routing_metrics_20260819040000_20260902040000.csv,634513912,5158214,7,timestamp,2026-08-19T04:00:00Z,2026-09-02T03:59:00Z,0
shenyang,scrape_health,/Users/yuiii/Desktop/2026 AIOps挑战赛数据集/shenyang_20260819040000_20260902040000/shenyang_20260819040000_20260902040000_data/scrape_health_20260819040000_20260902040000.csv,scrape_health_20260819040000_20260902040000.csv,27207865,262080,9,timestamp,2026-08-19T04:00:00Z,2026-09-02T03:59:00Z,0
shenyang,traffic_flow_metrics,/Users/yuiii/Desktop/2026 AIOps挑战赛数据集/shenyang_20260819040000_20260902040000/shenyang_20260819040000_20260902040000_data/traffic_flow_metrics.csv,traffic_flow_metrics.csv,38627468,52686,126,timestamp_utc,2026-08-19T04:00:00Z,2026-09-02T03:59:00Z,0
wuhan,frr_syslog_events,/Users/yuiii/Desktop/2026 AIOps挑战赛数据集/wuhan_20260819040000_20260902040000/wuhan_20260819040000_20260902040000_data/frr_syslog_events_20260819040000_20260902040000.csv,frr_syslog_events_20260819040000_20260902040000.csv,218452,817,15,event_time,2026-08-20T01:12:00Z,2026-09-01T16:12:11Z,0
wuhan,interface_metrics,/Users/yuiii/Desktop/2026 AIOps挑战赛数据集/wuhan_20260819040000_20260902040000/wuhan_20260819040000_20260902040000_data/interface_metrics_20260819040000_20260902040000.csv,interface_metrics_20260819040000_20260902040000.csv,120628404,1208840,15,timestamp,2026-08-19T04:00:00Z,2026-09-02T03:59:00Z,0
wuhan,node_metrics,/Users/yuiii/Desktop/2026 AIOps挑战赛数据集/wuhan_20260819040000_20260902040000/wuhan_20260819040000_20260902040000_data/node_metrics_20260819040000_20260902040000.csv,node_metrics_20260819040000_20260902040000.csv,38818620,181364,16,timestamp,2026-08-19T04:00:00Z,2026-09-02T03:59:00Z,0
wuhan,routing_metrics,/Users/yuiii/Desktop/2026 AIOps挑战赛数据集/wuhan_20260819040000_20260902040000/wuhan_20260819040000_20260902040000_data/routing_metrics_20260819040000_20260902040000.csv,routing_metrics_20260819040000_20260902040000.csv,715566253,5759720,7,timestamp,2026-08-19T04:00:00Z,2026-09-02T03:59:00Z,0
wuhan,scrape_health,/Users/yuiii/Desktop/2026 AIOps挑战赛数据集/wuhan_20260819040000_20260902040000/wuhan_20260819040000_20260902040000_data/scrape_health_20260819040000_20260902040000.csv,scrape_health_20260819040000_20260902040000.csv,27205548,262080,9,timestamp,2026-08-19T04:00:00Z,2026-09-02T03:59:00Z,0
wuhan,traffic_flow_metrics,/Users/yuiii/Desktop/2026 AIOps挑战赛数据集/wuhan_20260819040000_20260902040000/wuhan_20260819040000_20260902040000_data/traffic_flow_metrics.csv,traffic_flow_metrics.csv,38842092,52706,126,timestamp_utc,2026-08-19T04:00:00Z,2026-09-02T03:59:00Z,0
xian,frr_syslog_events,/Users/yuiii/Desktop/2026 AIOps挑战赛数据集/xian_20260819040000_20260902040000/xian_20260819040000_20260902040000_data/frr_syslog_events_20260819040000_20260902040000.csv,frr_syslog_events_20260819040000_20260902040000.csv,25439,91,15,event_time,2026-08-19T10:27:08Z,2026-09-01T22:57:08Z,0
xian,interface_metrics,/Users/yuiii/Desktop/2026 AIOps挑战赛数据集/xian_20260819040000_20260902040000/xian_20260819040000_20260902040000_data/interface_metrics_20260819040000_20260902040000.csv,interface_metrics_20260819040000_20260902040000.csv,120933407,1208720,15,timestamp,2026-08-19T04:00:00Z,2026-09-02T03:59:00Z,0
xian,node_metrics,/Users/yuiii/Desktop/2026 AIOps挑战赛数据集/xian_20260819040000_20260902040000/xian_20260819040000_20260902040000_data/node_metrics_20260819040000_20260902040000.csv,node_metrics_20260819040000_20260902040000.csv,38496326,181352,16,timestamp,2026-08-19T04:00:00Z,2026-09-02T03:59:00Z,0
xian,routing_metrics,/Users/yuiii/Desktop/2026 AIOps挑战赛数据集/xian_20260819040000_20260902040000/xian_20260819040000_20260902040000_data/routing_metrics_20260819040000_20260902040000.csv,routing_metrics_20260819040000_20260902040000.csv,615324172,5074510,7,timestamp,2026-08-19T04:00:00Z,2026-09-02T03:59:00Z,0
xian,scrape_health,/Users/yuiii/Desktop/2026 AIOps挑战赛数据集/xian_20260819040000_20260902040000/xian_20260819040000_20260902040000_data/scrape_health_20260819040000_20260902040000.csv,scrape_health_20260819040000_20260902040000.csv,27208367,262080,9,timestamp,2026-08-19T04:00:00Z,2026-09-02T03:59:00Z,0
xian,traffic_flow_metrics,/Users/yuiii/Desktop/2026 AIOps挑战赛数据集/xian_20260819040000_20260902040000/xian_20260819040000_20260902040000_data/traffic_flow_metrics.csv,traffic_flow_metrics.csv,38374463,52674,126,timestamp_utc,2026-08-19T04:00:00Z,2026-09-02T03:59:00Z,0
