entity_type,entity_id,city,role,sources,raw_aliases,provenance
network_element,beida-br-1,beida,br-1,netflow_5tuple,BR-1-ccf-aiops-北大|br1|ens4|ens5,derived_from_raw_identifier
network_element,beida-br-2,beida,br-2,netflow_5tuple,BR-2-ccf-aiops-北大|br2|ens4|ens5,derived_from_raw_identifier
network_element,beida-cr-1,beida,cr-1,netflow_5tuple,CR-1-ccf-aiops-北大|cr1|ens4|ens5,derived_from_raw_identifier
network_element,beida-cr-2,beida,cr-2,netflow_5tuple,CR-2-ccf-aiops-北大|cr2|ens4|ens5,derived_from_raw_identifier
network_element,chengdu-br-1,chengdu,br-1,netflow_5tuple,BR-1-ccf-aiops-成都|br1|ens4|ens5,derived_from_raw_identifier
network_element,chengdu-br-2,chengdu,br-2,netflow_5tuple,BR-2-ccf-aiops-成都|br2|ens4|ens5,derived_from_raw_identifier
network_element,chengdu-cr-1,chengdu,cr-1,netflow_5tuple,CR-1-ccf-aiops-成都|cr1|ens4|ens5,derived_from_raw_identifier
network_element,chengdu-cr-2,chengdu,cr-2,netflow_5tuple,CR-2-ccf-aiops-成都|cr2|ens4|ens5,derived_from_raw_identifier
network_element,guangzhou-br-1,guangzhou,br-1,netflow_5tuple,BR-1-ccf-aiops-广州|br1|ens4|ens5,derived_from_raw_identifier
network_element,guangzhou-br-2,guangzhou,br-2,netflow_5tuple,BR-2-ccf-aiops-广州|br2|ens4|ens5,derived_from_raw_identifier
network_element,guangzhou-cr-1,guangzhou,cr-1,netflow_5tuple,CR-1-ccf-aiops-广州|cr1|ens4|ens5,derived_from_raw_identifier
network_element,guangzhou-cr-2,guangzhou,cr-2,netflow_5tuple,CR-2-ccf-aiops-广州|cr2|ens4|ens5,derived_from_raw_identifier
network_element,nanjing-br-1,nanjing,br-1,netflow_5tuple,BR-1-ccf-aiops-南京|br1|ens4|ens5,derived_from_raw_identifier
network_element,nanjing-br-2,nanjing,br-2,netflow_5tuple,BR-2-ccf-aiops-南京|br2|ens4|ens5,derived_from_raw_identifier
network_element,nanjing-cr-1,nanjing,cr-1,netflow_5tuple,CR-1-ccf-aiops-南京|cr1|ens4|ens5,derived_from_raw_identifier
network_element,nanjing-cr-2,nanjing,cr-2,netflow_5tuple,CR-2-ccf-aiops-南京|cr2|ens4|ens5,derived_from_raw_identifier
network_element,shanghai-br-1,shanghai,br-1,netflow_5tuple,BR-1-ccf-aiops-上海|br1|ens4|ens5,derived_from_raw_identifier
network_element,shanghai-br-2,shanghai,br-2,netflow_5tuple,BR-2-ccf-aiops-上海|br2|ens4|ens5,derived_from_raw_identifier
network_element,shanghai-cr-1,shanghai,cr-1,netflow_5tuple,CR-1-ccf-aiops-上海|cr1|ens4|ens5,derived_from_raw_identifier
network_element,shanghai-cr-2,shanghai,cr-2,netflow_5tuple,CR-2-ccf-aiops-上海|cr2|ens4|ens5,derived_from_raw_identifier
network_element,shenyang-br-1,shenyang,br-1,netflow_5tuple,BR-1-ccf-aiops-沈阳|br1|ens4|ens5,derived_from_raw_identifier
network_element,shenyang-br-2,shenyang,br-2,netflow_5tuple,BR-2-ccf-aiops-沈阳|br2|ens4|ens5,derived_from_raw_identifier
network_element,shenyang-cr-1,shenyang,cr-1,netflow_5tuple,CR-1-ccf-aiops-沈阳|cr1|ens4|ens5,derived_from_raw_identifier
network_element,shenyang-cr-2,shenyang,cr-2,netflow_5tuple,CR-2-ccf-aiops-沈阳|cr2|ens4|ens5,derived_from_raw_identifier
network_element,wuhan-br-1,wuhan,br-1,netflow_5tuple,BR-1-ccf-aiops-武汉|br1|ens4|ens5,derived_from_raw_identifier
network_element,wuhan-br-2,wuhan,br-2,netflow_5tuple,BR-2-ccf-aiops-武汉|br2|ens4|ens5,derived_from_raw_identifier
network_element,wuhan-cr-1,wuhan,cr-1,netflow_5tuple,CR-1-ccf-aiops-武汉|cr1|ens4|ens5,derived_from_raw_identifier
network_element,wuhan-cr-2,wuhan,cr-2,netflow_5tuple,CR-2-ccf-aiops-武汉|cr2|ens4|ens5,derived_from_raw_identifier
network_element,xian-br-1,xian,br-1,netflow_5tuple,BR-1-ccf-aiops-西安|br1|ens4|ens5,derived_from_raw_identifier
network_element,xian-br-2,xian,br-2,netflow_5tuple,BR-2-ccf-aiops-西安|br2|ens4|ens5,derived_from_raw_identifier
network_element,xian-cr-1,xian,cr-1,netflow_5tuple,CR-1-ccf-aiops-西安|cr1|ens4|ens5,derived_from_raw_identifier
network_element,xian-cr-2,xian,cr-2,netflow_5tuple,CR-2-ccf-aiops-西安|cr2|ens4|ens5,derived_from_raw_identifier
