city,source,field,rows,missing,missing_ratio,numeric,zero,zero_ratio_nonmissing_numeric,invalid_numeric,minimum,maximum,numeric_field_expected
beida,netflow_5tuple,minute_utc,109490525,0,0.0,0,0,,0,,,False
beida,netflow_5tuple,region_code,109490525,0,0.0,0,0,,0,,,False
beida,netflow_5tuple,region,109490525,0,0.0,0,0,,0,,,False
beida,netflow_5tuple,node_key,109490525,0,0.0,0,0,,0,,,False
beida,netflow_5tuple,node,109490525,0,0.0,0,0,,0,,,False
beida,netflow_5tuple,node_type,109490525,0,0.0,0,0,,0,,,False
beida,netflow_5tuple,interface_id,109490525,0,0.0,0,0,,0,,,False
beida,netflow_5tuple,if_role,109490525,109490525,1.0,0,0,,0,,,False
beida,netflow_5tuple,collector_port,109490525,0,0.0,109490525,0,0.0,0,2055.0,2062.0,True
beida,netflow_5tuple,protocol,109490525,0,0.0,109490525,12,1.1e-07,0,0.0,255.0,True
beida,netflow_5tuple,src_addr,109490525,0,0.0,0,0,,0,,,False
beida,netflow_5tuple,src_port,109490525,0,0.0,109490525,2348585,0.02145012,0,0.0,63853.0,True
beida,netflow_5tuple,dst_addr,109490525,0,0.0,0,0,,0,,,False
beida,netflow_5tuple,dst_port,109490525,0,0.0,109490525,2348585,0.02145012,0,0.0,63853.0,True
beida,netflow_5tuple,packets,109490525,0,0.0,109490525,0,0.0,0,1.0,14129256.0,True
beida,netflow_5tuple,bytes,109490525,0,0.0,109490525,0,0.0,0,48.0,4295293572.0,True
beida,netflow_5tuple,flow_record_count,109490525,0,0.0,109490525,0,0.0,0,1.0,5.0,True
beida,netflow_5tuple,first_seen,109490525,0,0.0,0,0,,0,,,False
beida,netflow_5tuple,last_seen,109490525,0,0.0,0,0,,0,,,False
chengdu,netflow_5tuple,minute_utc,32956265,0,0.0,0,0,,0,,,False
chengdu,netflow_5tuple,region_code,32956265,0,0.0,0,0,,0,,,False
chengdu,netflow_5tuple,region,32956265,0,0.0,0,0,,0,,,False
chengdu,netflow_5tuple,node_key,32956265,0,0.0,0,0,,0,,,False
chengdu,netflow_5tuple,node,32956265,0,0.0,0,0,,0,,,False
chengdu,netflow_5tuple,node_type,32956265,0,0.0,0,0,,0,,,False
chengdu,netflow_5tuple,interface_id,32956265,0,0.0,0,0,,0,,,False
chengdu,netflow_5tuple,if_role,32956265,32956265,1.0,0,0,,0,,,False
chengdu,netflow_5tuple,collector_port,32956265,0,0.0,32956265,0,0.0,0,2055.0,2062.0,True
chengdu,netflow_5tuple,protocol,32956265,0,0.0,32956265,0,0.0,0,6.0,255.0,True
chengdu,netflow_5tuple,src_addr,32956265,0,0.0,0,0,,0,,,False
chengdu,netflow_5tuple,src_port,32956265,0,0.0,32956265,1831847,0.05558418,0,0.0,61996.0,True
chengdu,netflow_5tuple,dst_addr,32956265,0,0.0,0,0,,0,,,False
chengdu,netflow_5tuple,dst_port,32956265,0,0.0,32956265,1831847,0.05558418,0,0.0,60999.0,True
chengdu,netflow_5tuple,packets,32956265,0,0.0,32956265,0,0.0,0,1.0,14129794.0,True
chengdu,netflow_5tuple,bytes,32956265,0,0.0,32956265,0,0.0,0,52.0,4295457124.0,True
chengdu,netflow_5tuple,flow_record_count,32956265,0,0.0,32956265,0,0.0,0,1.0,4.0,True
chengdu,netflow_5tuple,first_seen,32956265,0,0.0,0,0,,0,,,False
chengdu,netflow_5tuple,last_seen,32956265,0,0.0,0,0,,0,,,False
guangzhou,netflow_5tuple,minute_utc,33812982,0,0.0,0,0,,0,,,False
guangzhou,netflow_5tuple,region_code,33812982,0,0.0,0,0,,0,,,False
guangzhou,netflow_5tuple,region,33812982,0,0.0,0,0,,0,,,False
guangzhou,netflow_5tuple,node_key,33812982,0,0.0,0,0,,0,,,False
guangzhou,netflow_5tuple,node,33812982,0,0.0,0,0,,0,,,False
guangzhou,netflow_5tuple,node_type,33812982,0,0.0,0,0,,0,,,False
guangzhou,netflow_5tuple,interface_id,33812982,0,0.0,0,0,,0,,,False
guangzhou,netflow_5tuple,if_role,33812982,33812982,1.0,0,0,,0,,,False
guangzhou,netflow_5tuple,collector_port,33812982,0,0.0,33812982,0,0.0,0,2055.0,2062.0,True
guangzhou,netflow_5tuple,protocol,33812982,0,0.0,33812982,0,0.0,0,6.0,255.0,True
guangzhou,netflow_5tuple,src_addr,33812982,0,0.0,0,0,,0,,,False
guangzhou,netflow_5tuple,src_port,33812982,0,0.0,33812982,1953395,0.05777056,0,0.0,60999.0,True
guangzhou,netflow_5tuple,dst_addr,33812982,0,0.0,0,0,,0,,,False
guangzhou,netflow_5tuple,dst_port,33812982,0,0.0,33812982,1953395,0.05777056,0,0.0,60999.0,True
guangzhou,netflow_5tuple,packets,33812982,0,0.0,33812982,0,0.0,0,1.0,22499982.0,True
guangzhou,netflow_5tuple,bytes,33812982,0,0.0,33812982,0,0.0,0,52.0,2519997984.0,True
guangzhou,netflow_5tuple,flow_record_count,33812982,0,0.0,33812982,0,0.0,0,1.0,4.0,True
guangzhou,netflow_5tuple,first_seen,33812982,0,0.0,0,0,,0,,,False
guangzhou,netflow_5tuple,last_seen,33812982,0,0.0,0,0,,0,,,False
nanjing,netflow_5tuple,minute_utc,34484309,0,0.0,0,0,,0,,,False
nanjing,netflow_5tuple,region_code,34484309,0,0.0,0,0,,0,,,False
nanjing,netflow_5tuple,region,34484309,0,0.0,0,0,,0,,,False
nanjing,netflow_5tuple,node_key,34484309,0,0.0,0,0,,0,,,False
nanjing,netflow_5tuple,node,34484309,0,0.0,0,0,,0,,,False
nanjing,netflow_5tuple,node_type,34484309,0,0.0,0,0,,0,,,False
nanjing,netflow_5tuple,interface_id,34484309,0,0.0,0,0,,0,,,False
nanjing,netflow_5tuple,if_role,34484309,34484309,1.0,0,0,,0,,,False
nanjing,netflow_5tuple,collector_port,34484309,0,0.0,34484309,0,0.0,0,2055.0,2062.0,True
nanjing,netflow_5tuple,protocol,34484309,0,0.0,34484309,0,0.0,0,6.0,255.0,True
nanjing,netflow_5tuple,src_addr,34484309,0,0.0,0,0,,0,,,False
nanjing,netflow_5tuple,src_port,34484309,0,0.0,34484309,1852115,0.05370892,0,0.0,60999.0,True
nanjing,netflow_5tuple,dst_addr,34484309,0,0.0,0,0,,0,,,False
nanjing,netflow_5tuple,dst_port,34484309,0,0.0,34484309,1852115,0.05370892,0,0.0,60999.0,True
nanjing,netflow_5tuple,packets,34484309,0,0.0,34484309,0,0.0,0,1.0,15202803.0,True
nanjing,netflow_5tuple,bytes,34484309,0,0.0,34484309,0,0.0,0,52.0,4479601424.0,True
nanjing,netflow_5tuple,flow_record_count,34484309,0,0.0,34484309,0,0.0,0,1.0,4.0,True
nanjing,netflow_5tuple,first_seen,34484309,0,0.0,0,0,,0,,,False
nanjing,netflow_5tuple,last_seen,34484309,0,0.0,0,0,,0,,,False
shanghai,netflow_5tuple,minute_utc,121624072,0,0.0,0,0,,0,,,False
shanghai,netflow_5tuple,region_code,121624072,0,0.0,0,0,,0,,,False
shanghai,netflow_5tuple,region,121624072,0,0.0,0,0,,0,,,False
shanghai,netflow_5tuple,node_key,121624072,0,0.0,0,0,,0,,,False
shanghai,netflow_5tuple,node,121624072,0,0.0,0,0,,0,,,False
shanghai,netflow_5tuple,node_type,121624072,0,0.0,0,0,,0,,,False
shanghai,netflow_5tuple,interface_id,121624072,0,0.0,0,0,,0,,,False
shanghai,netflow_5tuple,if_role,121624072,121624072,1.0,0,0,,0,,,False
shanghai,netflow_5tuple,collector_port,121624072,0,0.0,121624072,0,0.0,0,2055.0,2062.0,True
shanghai,netflow_5tuple,protocol,121624072,0,0.0,121624072,0,0.0,0,6.0,255.0,True
shanghai,netflow_5tuple,src_addr,121624072,0,0.0,0,0,,0,,,False
shanghai,netflow_5tuple,src_port,121624072,0,0.0,121624072,2412528,0.01983594,0,0.0,60999.0,True
shanghai,netflow_5tuple,dst_addr,121624072,0,0.0,0,0,,0,,,False
shanghai,netflow_5tuple,dst_port,121624072,0,0.0,121624072,2412528,0.01983594,0,0.0,60999.0,True
shanghai,netflow_5tuple,packets,121624072,0,0.0,121624072,0,0.0,0,1.0,22424693.0,True
shanghai,netflow_5tuple,bytes,121624072,0,0.0,121624072,0,0.0,0,52.0,4666005712.0,True
shanghai,netflow_5tuple,flow_record_count,121624072,0,0.0,121624072,0,0.0,0,1.0,5.0,True
shanghai,netflow_5tuple,first_seen,121624072,0,0.0,0,0,,0,,,False
shanghai,netflow_5tuple,last_seen,121624072,0,0.0,0,0,,0,,,False
shenyang,netflow_5tuple,minute_utc,34595845,0,0.0,0,0,,0,,,False
shenyang,netflow_5tuple,region_code,34595845,0,0.0,0,0,,0,,,False
shenyang,netflow_5tuple,region,34595845,0,0.0,0,0,,0,,,False
shenyang,netflow_5tuple,node_key,34595845,0,0.0,0,0,,0,,,False
shenyang,netflow_5tuple,node,34595845,0,0.0,0,0,,0,,,False
shenyang,netflow_5tuple,node_type,34595845,0,0.0,0,0,,0,,,False
shenyang,netflow_5tuple,interface_id,34595845,0,0.0,0,0,,0,,,False
shenyang,netflow_5tuple,if_role,34595845,34595845,1.0,0,0,,0,,,False
shenyang,netflow_5tuple,collector_port,34595845,0,0.0,34595845,0,0.0,0,2055.0,2062.0,True
shenyang,netflow_5tuple,protocol,34595845,0,0.0,34595845,0,0.0,0,6.0,255.0,True
shenyang,netflow_5tuple,src_addr,34595845,0,0.0,0,0,,0,,,False
shenyang,netflow_5tuple,src_port,34595845,0,0.0,34595845,2165019,0.06258032,0,0.0,60999.0,True
shenyang,netflow_5tuple,dst_addr,34595845,0,0.0,0,0,,0,,,False
shenyang,netflow_5tuple,dst_port,34595845,0,0.0,34595845,2165019,0.06258032,0,0.0,60999.0,True
shenyang,netflow_5tuple,packets,34595845,0,0.0,34595845,0,0.0,0,1.0,8050161.0,True
shenyang,netflow_5tuple,bytes,34595845,0,0.0,34595845,0,0.0,0,52.0,1550409640.0,True
shenyang,netflow_5tuple,flow_record_count,34595845,0,0.0,34595845,0,0.0,0,1.0,5.0,True
shenyang,netflow_5tuple,first_seen,34595845,0,0.0,0,0,,0,,,False
shenyang,netflow_5tuple,last_seen,34595845,0,0.0,0,0,,0,,,False
wuhan,netflow_5tuple,minute_utc,63067603,0,0.0,0,0,,0,,,False
wuhan,netflow_5tuple,region_code,63067603,0,0.0,0,0,,0,,,False
wuhan,netflow_5tuple,region,63067603,0,0.0,0,0,,0,,,False
wuhan,netflow_5tuple,node_key,63067603,0,0.0,0,0,,0,,,False
wuhan,netflow_5tuple,node,63067603,0,0.0,0,0,,0,,,False
wuhan,netflow_5tuple,node_type,63067603,0,0.0,0,0,,0,,,False
wuhan,netflow_5tuple,interface_id,63067603,0,0.0,0,0,,0,,,False
wuhan,netflow_5tuple,if_role,63067603,63067603,1.0,0,0,,0,,,False
wuhan,netflow_5tuple,collector_port,63067603,0,0.0,63067603,0,0.0,0,2055.0,2062.0,True
wuhan,netflow_5tuple,protocol,63067603,0,0.0,63067603,0,0.0,0,6.0,255.0,True
wuhan,netflow_5tuple,src_addr,63067603,0,0.0,0,0,,0,,,False
wuhan,netflow_5tuple,src_port,63067603,0,0.0,63067603,2537694,0.04023768,0,0.0,60999.0,True
wuhan,netflow_5tuple,dst_addr,63067603,0,0.0,0,0,,0,,,False
wuhan,netflow_5tuple,dst_port,63067603,0,0.0,63067603,2537694,0.04023768,0,0.0,60999.0,True
wuhan,netflow_5tuple,packets,63067603,0,0.0,63067603,0,0.0,0,1.0,13432070.0,True
wuhan,netflow_5tuple,bytes,63067603,0,0.0,63067603,0,0.0,0,52.0,3100816328.0,True
wuhan,netflow_5tuple,flow_record_count,63067603,0,0.0,63067603,0,0.0,0,1.0,5.0,True
wuhan,netflow_5tuple,first_seen,63067603,0,0.0,0,0,,0,,,False
wuhan,netflow_5tuple,last_seen,63067603,0,0.0,0,0,,0,,,False
xian,netflow_5tuple,minute_utc,35635775,0,0.0,0,0,,0,,,False
xian,netflow_5tuple,region_code,35635775,0,0.0,0,0,,0,,,False
xian,netflow_5tuple,region,35635775,0,0.0,0,0,,0,,,False
xian,netflow_5tuple,node_key,35635775,0,0.0,0,0,,0,,,False
xian,netflow_5tuple,node,35635775,0,0.0,0,0,,0,,,False
xian,netflow_5tuple,node_type,35635775,0,0.0,0,0,,0,,,False
xian,netflow_5tuple,interface_id,35635775,0,0.0,0,0,,0,,,False
xian,netflow_5tuple,if_role,35635775,35635775,1.0,0,0,,0,,,False
xian,netflow_5tuple,collector_port,35635775,0,0.0,35635775,0,0.0,0,2055.0,2062.0,True
xian,netflow_5tuple,protocol,35635775,0,0.0,35635775,0,0.0,0,6.0,255.0,True
xian,netflow_5tuple,src_addr,35635775,0,0.0,0,0,,0,,,False
xian,netflow_5tuple,src_port,35635775,0,0.0,35635775,2261529,0.06346232,0,0.0,63580.0,True
xian,netflow_5tuple,dst_addr,35635775,0,0.0,0,0,,0,,,False
xian,netflow_5tuple,dst_port,35635775,0,0.0,35635775,2261529,0.06346232,0,0.0,63580.0,True
xian,netflow_5tuple,packets,35635775,0,0.0,35635775,0,0.0,0,1.0,14129644.0,True
xian,netflow_5tuple,bytes,35635775,0,0.0,35635775,0,0.0,0,52.0,4295411524.0,True
xian,netflow_5tuple,flow_record_count,35635775,0,0.0,35635775,0,0.0,0,1.0,5.0,True
xian,netflow_5tuple,first_seen,35635775,0,0.0,0,0,,0,,,False
xian,netflow_5tuple,last_seen,35635775,0,0.0,0,0,,0,,,False
