city,source,series_key,missing_minutes,gap_runs,max_single_gap_minutes
beida,netflow_5tuple,beida-br-1|ens4,877,877,1
beida,netflow_5tuple,beida-br-1|ens5,303,303,1
beida,netflow_5tuple,beida-br-2|ens4,939,939,1
beida,netflow_5tuple,beida-br-2|ens5,225,225,1
beida,netflow_5tuple,beida-cr-1|ens4,242,242,1
beida,netflow_5tuple,beida-cr-1|ens5,253,253,1
beida,netflow_5tuple,beida-cr-2|ens4,261,261,1
beida,netflow_5tuple,beida-cr-2|ens5,223,223,1
chengdu,netflow_5tuple,chengdu-br-1|ens4,1123,1123,1
chengdu,netflow_5tuple,chengdu-br-1|ens5,605,605,1
chengdu,netflow_5tuple,chengdu-br-2|ens4,1451,1451,1
chengdu,netflow_5tuple,chengdu-br-2|ens5,565,565,1
chengdu,netflow_5tuple,chengdu-cr-1|ens4,679,679,1
chengdu,netflow_5tuple,chengdu-cr-1|ens5,468,468,1
chengdu,netflow_5tuple,chengdu-cr-2|ens4,542,542,1
chengdu,netflow_5tuple,chengdu-cr-2|ens5,530,530,1
guangzhou,netflow_5tuple,guangzhou-br-1|ens4,1370,1370,1
guangzhou,netflow_5tuple,guangzhou-br-1|ens5,417,417,1
guangzhou,netflow_5tuple,guangzhou-br-2|ens4,1200,1200,1
guangzhou,netflow_5tuple,guangzhou-br-2|ens5,248,248,1
guangzhou,netflow_5tuple,guangzhou-cr-1|ens4,192,192,1
guangzhou,netflow_5tuple,guangzhou-cr-1|ens5,215,215,1
guangzhou,netflow_5tuple,guangzhou-cr-2|ens4,300,300,1
guangzhou,netflow_5tuple,guangzhou-cr-2|ens5,1016,1016,1
nanjing,netflow_5tuple,nanjing-br-1|ens4,1188,1188,1
nanjing,netflow_5tuple,nanjing-br-1|ens5,357,357,1
nanjing,netflow_5tuple,nanjing-br-2|ens4,1495,1495,1
nanjing,netflow_5tuple,nanjing-br-2|ens5,533,533,1
nanjing,netflow_5tuple,nanjing-cr-1|ens4,435,435,1
nanjing,netflow_5tuple,nanjing-cr-1|ens5,559,559,1
nanjing,netflow_5tuple,nanjing-cr-2|ens4,360,360,1
nanjing,netflow_5tuple,nanjing-cr-2|ens5,418,418,1
shanghai,netflow_5tuple,shanghai-br-1|ens4,388,388,1
shanghai,netflow_5tuple,shanghai-br-1|ens5,136,136,1
shanghai,netflow_5tuple,shanghai-br-2|ens4,243,243,1
shanghai,netflow_5tuple,shanghai-br-2|ens5,131,131,1
shanghai,netflow_5tuple,shanghai-cr-1|ens4,159,159,1
shanghai,netflow_5tuple,shanghai-cr-1|ens5,127,127,1
shanghai,netflow_5tuple,shanghai-cr-2|ens4,170,170,1
shanghai,netflow_5tuple,shanghai-cr-2|ens5,153,153,1
shenyang,netflow_5tuple,shenyang-br-1|ens4,1208,1208,1
shenyang,netflow_5tuple,shenyang-br-1|ens5,390,390,1
shenyang,netflow_5tuple,shenyang-br-2|ens4,1649,1649,1
shenyang,netflow_5tuple,shenyang-br-2|ens5,546,546,1
shenyang,netflow_5tuple,shenyang-cr-1|ens4,456,456,1
shenyang,netflow_5tuple,shenyang-cr-1|ens5,419,419,1
shenyang,netflow_5tuple,shenyang-cr-2|ens4,510,510,1
shenyang,netflow_5tuple,shenyang-cr-2|ens5,421,421,1
wuhan,netflow_5tuple,wuhan-br-1|ens4,387,387,1
wuhan,netflow_5tuple,wuhan-br-1|ens5,347,347,1
wuhan,netflow_5tuple,wuhan-br-2|ens4,747,747,1
wuhan,netflow_5tuple,wuhan-br-2|ens5,418,418,1
wuhan,netflow_5tuple,wuhan-cr-1|ens4,336,336,1
wuhan,netflow_5tuple,wuhan-cr-1|ens5,331,331,1
wuhan,netflow_5tuple,wuhan-cr-2|ens4,397,397,1
wuhan,netflow_5tuple,wuhan-cr-2|ens5,372,372,1
xian,netflow_5tuple,xian-br-1|ens4,1125,1125,1
xian,netflow_5tuple,xian-br-1|ens5,590,590,1
xian,netflow_5tuple,xian-br-2|ens4,1120,1120,1
xian,netflow_5tuple,xian-br-2|ens5,526,526,1
xian,netflow_5tuple,xian-cr-1|ens4,686,686,1
xian,netflow_5tuple,xian-cr-1|ens5,537,537,1
xian,netflow_5tuple,xian-cr-2|ens4,419,419,1
xian,netflow_5tuple,xian-cr-2|ens5,442,442,1
