source,node_id,metric,dimensions,counter_semantics,observed_minutes,positive_steps,unchanged_steps,decrease_steps,uncompared_gap_pairs,first_decrease_time,reset_signal_minutes
routing,beida-br-1,routing.ipv6_default_route_changed_total,{},raw_cumulative,20152,0,20150,0,1,,
routing,beida-br-1,routing.ipv6_route_change_total,"{""prefix"": ""::/0""}",raw_cumulative,20152,0,20150,0,1,,
routing,beida-br-1,routing.ipv6_route_change_total,"{""prefix"": ""fd00:1:40::/64""}",raw_cumulative,20152,0,20150,0,1,,
routing,beida-br-1,routing.ipv6_route_change_total,"{""prefix"": ""fd00:2:40::/64""}",raw_cumulative,20152,0,20150,0,1,,
routing,beida-br-1,routing.ipv6_route_change_total,"{""prefix"": ""fd00:3:40::/64""}",raw_cumulative,20152,6,20144,0,1,,
routing,beida-br-1,routing.ipv6_route_change_total,"{""prefix"": ""fd00:4:40::/64""}",raw_cumulative,20152,0,20150,0,1,,
routing,beida-br-1,routing.ipv6_route_change_total,"{""prefix"": ""fd00:5:40::/64""}",raw_cumulative,20152,0,20150,0,1,,
routing,beida-br-1,routing.ipv6_route_change_total,"{""prefix"": ""fd00:6:40::/64""}",raw_cumulative,20152,0,20150,0,1,,
routing,beida-br-1,routing.ipv6_route_change_total,"{""prefix"": ""fd00:7:40::/64""}",raw_cumulative,20152,1,20149,0,1,,
routing,beida-br-1,routing.ipv6_route_change_total,"{""prefix"": ""fd00:8:40::/64""}",raw_cumulative,20152,2,20148,0,1,,
routing,beida-br-2,routing.ipv6_default_route_changed_total,{},raw_cumulative,20152,0,20150,0,1,,
routing,beida-br-2,routing.ipv6_route_change_total,"{""prefix"": ""::/0""}",raw_cumulative,20152,0,20150,0,1,,
routing,beida-br-2,routing.ipv6_route_change_total,"{""prefix"": ""fd00:1:40::/64""}",raw_cumulative,20152,0,20150,0,1,,
routing,beida-br-2,routing.ipv6_route_change_total,"{""prefix"": ""fd00:2:40::/64""}",raw_cumulative,20152,0,20150,0,1,,
routing,beida-br-2,routing.ipv6_route_change_total,"{""prefix"": ""fd00:3:40::/64""}",raw_cumulative,20152,8,20142,0,1,,
routing,beida-br-2,routing.ipv6_route_change_total,"{""prefix"": ""fd00:4:40::/64""}",raw_cumulative,20152,0,20150,0,1,,
routing,beida-br-2,routing.ipv6_route_change_total,"{""prefix"": ""fd00:5:40::/64""}",raw_cumulative,20152,0,20150,0,1,,
routing,beida-br-2,routing.ipv6_route_change_total,"{""prefix"": ""fd00:6:40::/64""}",raw_cumulative,20152,0,20150,0,1,,
routing,beida-br-2,routing.ipv6_route_change_total,"{""prefix"": ""fd00:7:40::/64""}",raw_cumulative,20152,2,20148,0,1,,
routing,beida-br-2,routing.ipv6_route_change_total,"{""prefix"": ""fd00:8:40::/64""}",raw_cumulative,20152,3,20147,0,1,,
routing,beida-cr-1,routing.ipv6_default_route_changed_total,{},raw_cumulative,20160,0,20159,0,0,,
routing,beida-cr-1,routing.ipv6_route_change_total,"{""prefix"": ""::/0""}",raw_cumulative,20160,0,20159,0,0,,
routing,beida-cr-1,routing.ipv6_route_change_total,"{""prefix"": ""fd00:1:40::/64""}",raw_cumulative,20160,0,20159,0,0,,
routing,beida-cr-1,routing.ipv6_route_change_total,"{""prefix"": ""fd00:2:40::/64""}",raw_cumulative,20160,0,20159,0,0,,
routing,beida-cr-1,routing.ipv6_route_change_total,"{""prefix"": ""fd00:3:40::/64""}",raw_cumulative,20160,0,20159,0,0,,
routing,beida-cr-1,routing.ipv6_route_change_total,"{""prefix"": ""fd00:4:40::/64""}",raw_cumulative,20160,0,20159,0,0,,
routing,beida-cr-1,routing.ipv6_route_change_total,"{""prefix"": ""fd00:5:40::/64""}",raw_cumulative,20160,0,20159,0,0,,
routing,beida-cr-1,routing.ipv6_route_change_total,"{""prefix"": ""fd00:6:40::/64""}",raw_cumulative,20160,0,20159,0,0,,
routing,beida-cr-1,routing.ipv6_route_change_total,"{""prefix"": ""fd00:7:40::/64""}",raw_cumulative,20160,0,20159,0,0,,
routing,beida-cr-1,routing.ipv6_route_change_total,"{""prefix"": ""fd00:8:40::/64""}",raw_cumulative,20160,0,20159,0,0,,
routing,beida-cr-2,routing.ipv6_default_route_changed_total,{},raw_cumulative,20160,0,20159,0,0,,
routing,beida-cr-2,routing.ipv6_route_change_total,"{""prefix"": ""::/0""}",raw_cumulative,20160,0,20159,0,0,,
routing,beida-cr-2,routing.ipv6_route_change_total,"{""prefix"": ""fd00:1:40::/64""}",raw_cumulative,20160,0,20159,0,0,,
routing,beida-cr-2,routing.ipv6_route_change_total,"{""prefix"": ""fd00:2:40::/64""}",raw_cumulative,20160,0,20159,0,0,,
routing,beida-cr-2,routing.ipv6_route_change_total,"{""prefix"": ""fd00:3:40::/64""}",raw_cumulative,20160,0,20159,0,0,,
routing,beida-cr-2,routing.ipv6_route_change_total,"{""prefix"": ""fd00:4:40::/64""}",raw_cumulative,20160,0,20159,0,0,,
routing,beida-cr-2,routing.ipv6_route_change_total,"{""prefix"": ""fd00:5:40::/64""}",raw_cumulative,20160,0,20159,0,0,,
routing,beida-cr-2,routing.ipv6_route_change_total,"{""prefix"": ""fd00:6:40::/64""}",raw_cumulative,20160,0,20159,0,0,,
routing,beida-cr-2,routing.ipv6_route_change_total,"{""prefix"": ""fd00:7:40::/64""}",raw_cumulative,20160,0,20159,0,0,,
routing,beida-cr-2,routing.ipv6_route_change_total,"{""prefix"": ""fd00:8:40::/64""}",raw_cumulative,20160,0,20159,0,0,,
routing,chengdu-br-1,routing.ipv6_default_route_changed_total,{},raw_cumulative,20135,0,20126,0,8,,
routing,chengdu-br-1,routing.ipv6_route_change_total,"{""prefix"": ""::/0""}",raw_cumulative,20135,0,20126,0,8,,
routing,chengdu-br-1,routing.ipv6_route_change_total,"{""prefix"": ""fd00:1:40::/64""}",raw_cumulative,20135,0,20126,0,8,,
routing,chengdu-br-1,routing.ipv6_route_change_total,"{""prefix"": ""fd00:2:40::/64""}",raw_cumulative,20135,0,20126,0,8,,
routing,chengdu-br-1,routing.ipv6_route_change_total,"{""prefix"": ""fd00:3:40::/64""}",raw_cumulative,20135,14,20112,0,8,,
routing,chengdu-br-1,routing.ipv6_route_change_total,"{""prefix"": ""fd00:4:40::/64""}",raw_cumulative,20135,0,20126,0,8,,
routing,chengdu-br-1,routing.ipv6_route_change_total,"{""prefix"": ""fd00:5:40::/64""}",raw_cumulative,20135,0,20126,0,8,,
routing,chengdu-br-1,routing.ipv6_route_change_total,"{""prefix"": ""fd00:6:40::/64""}",raw_cumulative,20135,0,20126,0,8,,
routing,chengdu-br-1,routing.ipv6_route_change_total,"{""prefix"": ""fd00:7:40::/64""}",raw_cumulative,20135,0,20126,0,8,,
routing,chengdu-br-1,routing.ipv6_route_change_total,"{""prefix"": ""fd00:8:40::/64""}",raw_cumulative,20135,0,20126,0,8,,
routing,chengdu-br-2,routing.ipv6_default_route_changed_total,{},raw_cumulative,20135,0,20126,0,8,,
routing,chengdu-br-2,routing.ipv6_route_change_total,"{""prefix"": ""::/0""}",raw_cumulative,20135,0,20126,0,8,,
routing,chengdu-br-2,routing.ipv6_route_change_total,"{""prefix"": ""fd00:1:40::/64""}",raw_cumulative,20135,0,20126,0,8,,
routing,chengdu-br-2,routing.ipv6_route_change_total,"{""prefix"": ""fd00:2:40::/64""}",raw_cumulative,20135,0,20126,0,8,,
routing,chengdu-br-2,routing.ipv6_route_change_total,"{""prefix"": ""fd00:3:40::/64""}",raw_cumulative,20135,8,20118,0,8,,
routing,chengdu-br-2,routing.ipv6_route_change_total,"{""prefix"": ""fd00:4:40::/64""}",raw_cumulative,20135,0,20126,0,8,,
routing,chengdu-br-2,routing.ipv6_route_change_total,"{""prefix"": ""fd00:5:40::/64""}",raw_cumulative,20135,0,20126,0,8,,
routing,chengdu-br-2,routing.ipv6_route_change_total,"{""prefix"": ""fd00:6:40::/64""}",raw_cumulative,20135,0,20126,0,8,,
routing,chengdu-br-2,routing.ipv6_route_change_total,"{""prefix"": ""fd00:7:40::/64""}",raw_cumulative,20135,0,20126,0,8,,
routing,chengdu-br-2,routing.ipv6_route_change_total,"{""prefix"": ""fd00:8:40::/64""}",raw_cumulative,20135,0,20126,0,8,,
routing,chengdu-cr-1,routing.ipv6_default_route_changed_total,{},raw_cumulative,20152,0,20146,0,5,,
routing,chengdu-cr-1,routing.ipv6_route_change_total,"{""prefix"": ""::/0""}",raw_cumulative,20152,0,20146,0,5,,
routing,chengdu-cr-1,routing.ipv6_route_change_total,"{""prefix"": ""fd00:1:40::/64""}",raw_cumulative,20152,0,20146,0,5,,
routing,chengdu-cr-1,routing.ipv6_route_change_total,"{""prefix"": ""fd00:2:40::/64""}",raw_cumulative,20152,0,20146,0,5,,
routing,chengdu-cr-1,routing.ipv6_route_change_total,"{""prefix"": ""fd00:3:40::/64""}",raw_cumulative,20152,0,20146,0,5,,
routing,chengdu-cr-1,routing.ipv6_route_change_total,"{""prefix"": ""fd00:4:40::/64""}",raw_cumulative,20152,0,20146,0,5,,
routing,chengdu-cr-1,routing.ipv6_route_change_total,"{""prefix"": ""fd00:5:40::/64""}",raw_cumulative,20152,0,20146,0,5,,
routing,chengdu-cr-1,routing.ipv6_route_change_total,"{""prefix"": ""fd00:6:40::/64""}",raw_cumulative,20152,0,20146,0,5,,
routing,chengdu-cr-1,routing.ipv6_route_change_total,"{""prefix"": ""fd00:7:40::/64""}",raw_cumulative,20152,0,20146,0,5,,
routing,chengdu-cr-1,routing.ipv6_route_change_total,"{""prefix"": ""fd00:8:40::/64""}",raw_cumulative,20152,0,20146,0,5,,
routing,chengdu-cr-2,routing.ipv6_default_route_changed_total,{},raw_cumulative,20152,0,20146,0,5,,
routing,chengdu-cr-2,routing.ipv6_route_change_total,"{""prefix"": ""::/0""}",raw_cumulative,20152,0,20146,0,5,,
routing,chengdu-cr-2,routing.ipv6_route_change_total,"{""prefix"": ""fd00:1:40::/64""}",raw_cumulative,20152,0,20146,0,5,,
routing,chengdu-cr-2,routing.ipv6_route_change_total,"{""prefix"": ""fd00:2:40::/64""}",raw_cumulative,20152,0,20146,0,5,,
routing,chengdu-cr-2,routing.ipv6_route_change_total,"{""prefix"": ""fd00:3:40::/64""}",raw_cumulative,20152,0,20146,0,5,,
routing,chengdu-cr-2,routing.ipv6_route_change_total,"{""prefix"": ""fd00:4:40::/64""}",raw_cumulative,20152,0,20146,0,5,,
routing,chengdu-cr-2,routing.ipv6_route_change_total,"{""prefix"": ""fd00:5:40::/64""}",raw_cumulative,20152,0,20146,0,5,,
routing,chengdu-cr-2,routing.ipv6_route_change_total,"{""prefix"": ""fd00:6:40::/64""}",raw_cumulative,20152,0,20146,0,5,,
routing,chengdu-cr-2,routing.ipv6_route_change_total,"{""prefix"": ""fd00:7:40::/64""}",raw_cumulative,20152,0,20146,0,5,,
routing,chengdu-cr-2,routing.ipv6_route_change_total,"{""prefix"": ""fd00:8:40::/64""}",raw_cumulative,20152,0,20146,0,5,,
routing,guangzhou-br-1,routing.ipv6_default_route_changed_total,{},raw_cumulative,20145,0,20142,0,2,,
routing,guangzhou-br-1,routing.ipv6_route_change_total,"{""prefix"": ""::/0""}",raw_cumulative,20145,0,20142,0,2,,
routing,guangzhou-br-1,routing.ipv6_route_change_total,"{""prefix"": ""fd00:1:40::/64""}",raw_cumulative,20145,2,20140,0,2,,
routing,guangzhou-br-1,routing.ipv6_route_change_total,"{""prefix"": ""fd00:2:40::/64""}",raw_cumulative,20145,4,20138,0,2,,
routing,guangzhou-br-1,routing.ipv6_route_change_total,"{""prefix"": ""fd00:3:40::/64""}",raw_cumulative,20145,8,20134,0,2,,
routing,guangzhou-br-1,routing.ipv6_route_change_total,"{""prefix"": ""fd00:4:40::/64""}",raw_cumulative,20145,8,20134,0,2,,
routing,guangzhou-br-1,routing.ipv6_route_change_total,"{""prefix"": ""fd00:5:40::/64""}",raw_cumulative,20145,8,20134,0,2,,
routing,guangzhou-br-1,routing.ipv6_route_change_total,"{""prefix"": ""fd00:6:40::/64""}",raw_cumulative,20145,4,20138,0,2,,
routing,guangzhou-br-1,routing.ipv6_route_change_total,"{""prefix"": ""fd00:7:40::/64""}",raw_cumulative,20145,2,20140,0,2,,
routing,guangzhou-br-1,routing.ipv6_route_change_total,"{""prefix"": ""fd00:8:40::/64""}",raw_cumulative,20145,0,20142,0,2,,
routing,guangzhou-br-2,routing.ipv6_default_route_changed_total,{},raw_cumulative,20145,0,20142,0,2,,
routing,guangzhou-br-2,routing.ipv6_route_change_total,"{""prefix"": ""::/0""}",raw_cumulative,20145,0,20142,0,2,,
routing,guangzhou-br-2,routing.ipv6_route_change_total,"{""prefix"": ""fd00:1:40::/64""}",raw_cumulative,20145,3,20139,0,2,,
routing,guangzhou-br-2,routing.ipv6_route_change_total,"{""prefix"": ""fd00:2:40::/64""}",raw_cumulative,20145,8,20134,0,2,,
routing,guangzhou-br-2,routing.ipv6_route_change_total,"{""prefix"": ""fd00:3:40::/64""}",raw_cumulative,20145,4,20138,0,2,,
routing,guangzhou-br-2,routing.ipv6_route_change_total,"{""prefix"": ""fd00:4:40::/64""}",raw_cumulative,20145,4,20138,0,2,,
routing,guangzhou-br-2,routing.ipv6_route_change_total,"{""prefix"": ""fd00:5:40::/64""}",raw_cumulative,20145,4,20138,0,2,,
routing,guangzhou-br-2,routing.ipv6_route_change_total,"{""prefix"": ""fd00:6:40::/64""}",raw_cumulative,20145,8,20134,0,2,,
routing,guangzhou-br-2,routing.ipv6_route_change_total,"{""prefix"": ""fd00:7:40::/64""}",raw_cumulative,20145,5,20137,0,2,,
routing,guangzhou-br-2,routing.ipv6_route_change_total,"{""prefix"": ""fd00:8:40::/64""}",raw_cumulative,20145,0,20142,0,2,,
routing,guangzhou-cr-1,routing.ipv6_default_route_changed_total,{},raw_cumulative,20160,0,20159,0,0,,
routing,guangzhou-cr-1,routing.ipv6_route_change_total,"{""prefix"": ""::/0""}",raw_cumulative,20160,0,20159,0,0,,
routing,guangzhou-cr-1,routing.ipv6_route_change_total,"{""prefix"": ""fd00:1:40::/64""}",raw_cumulative,20160,1,20158,0,0,,
routing,guangzhou-cr-1,routing.ipv6_route_change_total,"{""prefix"": ""fd00:2:40::/64""}",raw_cumulative,20160,0,20159,0,0,,
routing,guangzhou-cr-1,routing.ipv6_route_change_total,"{""prefix"": ""fd00:3:40::/64""}",raw_cumulative,20160,0,20159,0,0,,
routing,guangzhou-cr-1,routing.ipv6_route_change_total,"{""prefix"": ""fd00:4:40::/64""}",raw_cumulative,20160,1,20158,0,0,,
routing,guangzhou-cr-1,routing.ipv6_route_change_total,"{""prefix"": ""fd00:5:40::/64""}",raw_cumulative,20160,1,20158,0,0,,
routing,guangzhou-cr-1,routing.ipv6_route_change_total,"{""prefix"": ""fd00:6:40::/64""}",raw_cumulative,20160,1,20158,0,0,,
routing,guangzhou-cr-1,routing.ipv6_route_change_total,"{""prefix"": ""fd00:7:40::/64""}",raw_cumulative,20160,0,20159,0,0,,
routing,guangzhou-cr-1,routing.ipv6_route_change_total,"{""prefix"": ""fd00:8:40::/64""}",raw_cumulative,20160,0,20159,0,0,,
routing,guangzhou-cr-2,routing.ipv6_default_route_changed_total,{},raw_cumulative,20160,0,20159,0,0,,
routing,guangzhou-cr-2,routing.ipv6_route_change_total,"{""prefix"": ""::/0""}",raw_cumulative,20160,0,20159,0,0,,
routing,guangzhou-cr-2,routing.ipv6_route_change_total,"{""prefix"": ""fd00:1:40::/64""}",raw_cumulative,20160,1,20158,0,0,,
routing,guangzhou-cr-2,routing.ipv6_route_change_total,"{""prefix"": ""fd00:2:40::/64""}",raw_cumulative,20160,0,20159,0,0,,
routing,guangzhou-cr-2,routing.ipv6_route_change_total,"{""prefix"": ""fd00:3:40::/64""}",raw_cumulative,20160,0,20159,0,0,,
routing,guangzhou-cr-2,routing.ipv6_route_change_total,"{""prefix"": ""fd00:4:40::/64""}",raw_cumulative,20160,1,20158,0,0,,
routing,guangzhou-cr-2,routing.ipv6_route_change_total,"{""prefix"": ""fd00:5:40::/64""}",raw_cumulative,20160,1,20158,0,0,,
routing,guangzhou-cr-2,routing.ipv6_route_change_total,"{""prefix"": ""fd00:6:40::/64""}",raw_cumulative,20160,1,20158,0,0,,
routing,guangzhou-cr-2,routing.ipv6_route_change_total,"{""prefix"": ""fd00:7:40::/64""}",raw_cumulative,20160,0,20159,0,0,,
routing,guangzhou-cr-2,routing.ipv6_route_change_total,"{""prefix"": ""fd00:8:40::/64""}",raw_cumulative,20160,0,20159,0,0,,
routing,nanjing-br-1,routing.ipv6_default_route_changed_total,{},raw_cumulative,20151,0,20149,0,1,,
routing,nanjing-br-1,routing.ipv6_route_change_total,"{""prefix"": ""::/0""}",raw_cumulative,20151,0,20149,0,1,,
routing,nanjing-br-1,routing.ipv6_route_change_total,"{""prefix"": ""fd00:1:40::/64""}",raw_cumulative,20151,1,20148,0,1,,
routing,nanjing-br-1,routing.ipv6_route_change_total,"{""prefix"": ""fd00:2:40::/64""}",raw_cumulative,20151,0,20149,0,1,,
routing,nanjing-br-1,routing.ipv6_route_change_total,"{""prefix"": ""fd00:3:40::/64""}",raw_cumulative,20151,4,20145,0,1,,
routing,nanjing-br-1,routing.ipv6_route_change_total,"{""prefix"": ""fd00:4:40::/64""}",raw_cumulative,20151,4,20145,0,1,,
routing,nanjing-br-1,routing.ipv6_route_change_total,"{""prefix"": ""fd00:5:40::/64""}",raw_cumulative,20151,4,20145,0,1,,
routing,nanjing-br-1,routing.ipv6_route_change_total,"{""prefix"": ""fd00:6:40::/64""}",raw_cumulative,20151,0,20149,0,1,,
routing,nanjing-br-1,routing.ipv6_route_change_total,"{""prefix"": ""fd00:7:40::/64""}",raw_cumulative,20151,0,20149,0,1,,
routing,nanjing-br-1,routing.ipv6_route_change_total,"{""prefix"": ""fd00:8:40::/64""}",raw_cumulative,20151,2,20147,0,1,,
routing,nanjing-br-2,routing.ipv6_default_route_changed_total,{},raw_cumulative,20151,0,20149,0,1,,
routing,nanjing-br-2,routing.ipv6_route_change_total,"{""prefix"": ""::/0""}",raw_cumulative,20151,0,20149,0,1,,
routing,nanjing-br-2,routing.ipv6_route_change_total,"{""prefix"": ""fd00:1:40::/64""}",raw_cumulative,20151,2,20147,0,1,,
routing,nanjing-br-2,routing.ipv6_route_change_total,"{""prefix"": ""fd00:2:40::/64""}",raw_cumulative,20151,6,20143,0,1,,
routing,nanjing-br-2,routing.ipv6_route_change_total,"{""prefix"": ""fd00:3:40::/64""}",raw_cumulative,20151,18,20131,0,1,,
routing,nanjing-br-2,routing.ipv6_route_change_total,"{""prefix"": ""fd00:4:40::/64""}",raw_cumulative,20151,18,20131,0,1,,
routing,nanjing-br-2,routing.ipv6_route_change_total,"{""prefix"": ""fd00:5:40::/64""}",raw_cumulative,20151,18,20131,0,1,,
routing,nanjing-br-2,routing.ipv6_route_change_total,"{""prefix"": ""fd00:6:40::/64""}",raw_cumulative,20151,6,20143,0,1,,
routing,nanjing-br-2,routing.ipv6_route_change_total,"{""prefix"": ""fd00:7:40::/64""}",raw_cumulative,20151,0,20149,0,1,,
routing,nanjing-br-2,routing.ipv6_route_change_total,"{""prefix"": ""fd00:8:40::/64""}",raw_cumulative,20151,5,20144,0,1,,
routing,nanjing-cr-1,routing.ipv6_default_route_changed_total,{},raw_cumulative,20160,0,20159,0,0,,
routing,nanjing-cr-1,routing.ipv6_route_change_total,"{""prefix"": ""::/0""}",raw_cumulative,20160,0,20159,0,0,,
routing,nanjing-cr-1,routing.ipv6_route_change_total,"{""prefix"": ""fd00:1:40::/64""}",raw_cumulative,20160,0,20159,0,0,,
routing,nanjing-cr-1,routing.ipv6_route_change_total,"{""prefix"": ""fd00:2:40::/64""}",raw_cumulative,20160,0,20159,0,0,,
routing,nanjing-cr-1,routing.ipv6_route_change_total,"{""prefix"": ""fd00:3:40::/64""}",raw_cumulative,20160,0,20159,0,0,,
routing,nanjing-cr-1,routing.ipv6_route_change_total,"{""prefix"": ""fd00:4:40::/64""}",raw_cumulative,20160,0,20159,0,0,,
routing,nanjing-cr-1,routing.ipv6_route_change_total,"{""prefix"": ""fd00:5:40::/64""}",raw_cumulative,20160,0,20159,0,0,,
routing,nanjing-cr-1,routing.ipv6_route_change_total,"{""prefix"": ""fd00:6:40::/64""}",raw_cumulative,20160,0,20159,0,0,,
routing,nanjing-cr-1,routing.ipv6_route_change_total,"{""prefix"": ""fd00:7:40::/64""}",raw_cumulative,20160,0,20159,0,0,,
routing,nanjing-cr-1,routing.ipv6_route_change_total,"{""prefix"": ""fd00:8:40::/64""}",raw_cumulative,20160,0,20159,0,0,,
routing,nanjing-cr-2,routing.ipv6_default_route_changed_total,{},raw_cumulative,20160,0,20159,0,0,,
routing,nanjing-cr-2,routing.ipv6_route_change_total,"{""prefix"": ""::/0""}",raw_cumulative,20160,0,20159,0,0,,
routing,nanjing-cr-2,routing.ipv6_route_change_total,"{""prefix"": ""fd00:1:40::/64""}",raw_cumulative,20160,0,20159,0,0,,
routing,nanjing-cr-2,routing.ipv6_route_change_total,"{""prefix"": ""fd00:2:40::/64""}",raw_cumulative,20160,0,20159,0,0,,
routing,nanjing-cr-2,routing.ipv6_route_change_total,"{""prefix"": ""fd00:3:40::/64""}",raw_cumulative,20160,0,20159,0,0,,
routing,nanjing-cr-2,routing.ipv6_route_change_total,"{""prefix"": ""fd00:4:40::/64""}",raw_cumulative,20160,0,20159,0,0,,
routing,nanjing-cr-2,routing.ipv6_route_change_total,"{""prefix"": ""fd00:5:40::/64""}",raw_cumulative,20160,0,20159,0,0,,
routing,nanjing-cr-2,routing.ipv6_route_change_total,"{""prefix"": ""fd00:6:40::/64""}",raw_cumulative,20160,0,20159,0,0,,
routing,nanjing-cr-2,routing.ipv6_route_change_total,"{""prefix"": ""fd00:7:40::/64""}",raw_cumulative,20160,0,20159,0,0,,
routing,nanjing-cr-2,routing.ipv6_route_change_total,"{""prefix"": ""fd00:8:40::/64""}",raw_cumulative,20160,0,20159,0,0,,
routing,shanghai-br-1,routing.ipv6_default_route_changed_total,{},raw_cumulative,20105,0,20100,0,4,,
routing,shanghai-br-1,routing.ipv6_route_change_total,"{""prefix"": ""::/0""}",raw_cumulative,20105,0,20100,0,4,,
routing,shanghai-br-1,routing.ipv6_route_change_total,"{""prefix"": ""fd00:1:40::/64""}",raw_cumulative,20105,0,20100,0,4,,
routing,shanghai-br-1,routing.ipv6_route_change_total,"{""prefix"": ""fd00:2:40::/64""}",raw_cumulative,20105,2,20098,0,4,,
routing,shanghai-br-1,routing.ipv6_route_change_total,"{""prefix"": ""fd00:3:40::/64""}",raw_cumulative,20105,0,20100,0,4,,
routing,shanghai-br-1,routing.ipv6_route_change_total,"{""prefix"": ""fd00:4:40::/64""}",raw_cumulative,20105,0,20100,0,4,,
routing,shanghai-br-1,routing.ipv6_route_change_total,"{""prefix"": ""fd00:5:40::/64""}",raw_cumulative,20105,0,20100,0,4,,
routing,shanghai-br-1,routing.ipv6_route_change_total,"{""prefix"": ""fd00:6:40::/64""}",raw_cumulative,20105,0,20100,0,4,,
routing,shanghai-br-1,routing.ipv6_route_change_total,"{""prefix"": ""fd00:7:40::/64""}",raw_cumulative,20105,0,20100,0,4,,
routing,shanghai-br-1,routing.ipv6_route_change_total,"{""prefix"": ""fd00:8:40::/64""}",raw_cumulative,20105,4,20096,0,4,,
routing,shanghai-br-2,routing.ipv6_default_route_changed_total,{},raw_cumulative,20106,0,20101,0,4,,
routing,shanghai-br-2,routing.ipv6_route_change_total,"{""prefix"": ""::/0""}",raw_cumulative,20106,0,20101,0,4,,
routing,shanghai-br-2,routing.ipv6_route_change_total,"{""prefix"": ""fd00:1:40::/64""}",raw_cumulative,20106,0,20101,0,4,,
routing,shanghai-br-2,routing.ipv6_route_change_total,"{""prefix"": ""fd00:2:40::/64""}",raw_cumulative,20106,10,20091,0,4,,
routing,shanghai-br-2,routing.ipv6_route_change_total,"{""prefix"": ""fd00:3:40::/64""}",raw_cumulative,20106,0,20101,0,4,,
routing,shanghai-br-2,routing.ipv6_route_change_total,"{""prefix"": ""fd00:4:40::/64""}",raw_cumulative,20106,0,20101,0,4,,
routing,shanghai-br-2,routing.ipv6_route_change_total,"{""prefix"": ""fd00:5:40::/64""}",raw_cumulative,20106,0,20101,0,4,,
routing,shanghai-br-2,routing.ipv6_route_change_total,"{""prefix"": ""fd00:6:40::/64""}",raw_cumulative,20106,0,20101,0,4,,
routing,shanghai-br-2,routing.ipv6_route_change_total,"{""prefix"": ""fd00:7:40::/64""}",raw_cumulative,20106,6,20095,0,4,,
routing,shanghai-br-2,routing.ipv6_route_change_total,"{""prefix"": ""fd00:8:40::/64""}",raw_cumulative,20106,8,20093,0,4,,
routing,shanghai-cr-1,routing.ipv6_default_route_changed_total,{},raw_cumulative,20160,0,20159,0,0,,
routing,shanghai-cr-1,routing.ipv6_route_change_total,"{""prefix"": ""::/0""}",raw_cumulative,20160,0,20159,0,0,,
routing,shanghai-cr-1,routing.ipv6_route_change_total,"{""prefix"": ""fd00:1:40::/64""}",raw_cumulative,20160,0,20159,0,0,,
routing,shanghai-cr-1,routing.ipv6_route_change_total,"{""prefix"": ""fd00:2:40::/64""}",raw_cumulative,20160,0,20159,0,0,,
routing,shanghai-cr-1,routing.ipv6_route_change_total,"{""prefix"": ""fd00:3:40::/64""}",raw_cumulative,20160,0,20159,0,0,,
routing,shanghai-cr-1,routing.ipv6_route_change_total,"{""prefix"": ""fd00:4:40::/64""}",raw_cumulative,20160,0,20159,0,0,,
routing,shanghai-cr-1,routing.ipv6_route_change_total,"{""prefix"": ""fd00:5:40::/64""}",raw_cumulative,20160,0,20159,0,0,,
routing,shanghai-cr-1,routing.ipv6_route_change_total,"{""prefix"": ""fd00:6:40::/64""}",raw_cumulative,20160,0,20159,0,0,,
routing,shanghai-cr-1,routing.ipv6_route_change_total,"{""prefix"": ""fd00:7:40::/64""}",raw_cumulative,20160,0,20159,0,0,,
routing,shanghai-cr-1,routing.ipv6_route_change_total,"{""prefix"": ""fd00:8:40::/64""}",raw_cumulative,20160,0,20159,0,0,,
routing,shanghai-cr-2,routing.ipv6_default_route_changed_total,{},raw_cumulative,20160,0,20159,0,0,,
routing,shanghai-cr-2,routing.ipv6_route_change_total,"{""prefix"": ""::/0""}",raw_cumulative,20160,0,20159,0,0,,
routing,shanghai-cr-2,routing.ipv6_route_change_total,"{""prefix"": ""fd00:1:40::/64""}",raw_cumulative,20160,0,20159,0,0,,
routing,shanghai-cr-2,routing.ipv6_route_change_total,"{""prefix"": ""fd00:2:40::/64""}",raw_cumulative,20160,0,20159,0,0,,
routing,shanghai-cr-2,routing.ipv6_route_change_total,"{""prefix"": ""fd00:3:40::/64""}",raw_cumulative,20160,0,20159,0,0,,
routing,shanghai-cr-2,routing.ipv6_route_change_total,"{""prefix"": ""fd00:4:40::/64""}",raw_cumulative,20160,0,20159,0,0,,
routing,shanghai-cr-2,routing.ipv6_route_change_total,"{""prefix"": ""fd00:5:40::/64""}",raw_cumulative,20160,0,20159,0,0,,
routing,shanghai-cr-2,routing.ipv6_route_change_total,"{""prefix"": ""fd00:6:40::/64""}",raw_cumulative,20160,0,20159,0,0,,
routing,shanghai-cr-2,routing.ipv6_route_change_total,"{""prefix"": ""fd00:7:40::/64""}",raw_cumulative,20160,0,20159,0,0,,
routing,shanghai-cr-2,routing.ipv6_route_change_total,"{""prefix"": ""fd00:8:40::/64""}",raw_cumulative,20160,0,20159,0,0,,
routing,shenyang-br-1,routing.ipv6_default_route_changed_total,{},raw_cumulative,20138,0,20136,0,1,,
routing,shenyang-br-1,routing.ipv6_route_change_total,"{""prefix"": ""::/0""}",raw_cumulative,20138,0,20136,0,1,,
routing,shenyang-br-1,routing.ipv6_route_change_total,"{""prefix"": ""fd00:1:40::/64""}",raw_cumulative,20138,0,20136,0,1,,
routing,shenyang-br-1,routing.ipv6_route_change_total,"{""prefix"": ""fd00:2:40::/64""}",raw_cumulative,20138,0,20136,0,1,,
routing,shenyang-br-1,routing.ipv6_route_change_total,"{""prefix"": ""fd00:3:40::/64""}",raw_cumulative,20138,0,20136,0,1,,
routing,shenyang-br-1,routing.ipv6_route_change_total,"{""prefix"": ""fd00:4:40::/64""}",raw_cumulative,20138,0,20136,0,1,,
routing,shenyang-br-1,routing.ipv6_route_change_total,"{""prefix"": ""fd00:5:40::/64""}",raw_cumulative,20138,0,20136,0,1,,
routing,shenyang-br-1,routing.ipv6_route_change_total,"{""prefix"": ""fd00:6:40::/64""}",raw_cumulative,20138,2,20134,0,1,,
routing,shenyang-br-1,routing.ipv6_route_change_total,"{""prefix"": ""fd00:7:40::/64""}",raw_cumulative,20138,2,20134,0,1,,
routing,shenyang-br-1,routing.ipv6_route_change_total,"{""prefix"": ""fd00:8:40::/64""}",raw_cumulative,20138,2,20134,0,1,,
routing,shenyang-br-2,routing.ipv6_default_route_changed_total,{},raw_cumulative,20138,0,20136,0,1,,
routing,shenyang-br-2,routing.ipv6_route_change_total,"{""prefix"": ""::/0""}",raw_cumulative,20138,0,20136,0,1,,
routing,shenyang-br-2,routing.ipv6_route_change_total,"{""prefix"": ""fd00:1:40::/64""}",raw_cumulative,20138,0,20136,0,1,,
routing,shenyang-br-2,routing.ipv6_route_change_total,"{""prefix"": ""fd00:2:40::/64""}",raw_cumulative,20138,0,20136,0,1,,
routing,shenyang-br-2,routing.ipv6_route_change_total,"{""prefix"": ""fd00:3:40::/64""}",raw_cumulative,20138,0,20136,0,1,,
routing,shenyang-br-2,routing.ipv6_route_change_total,"{""prefix"": ""fd00:4:40::/64""}",raw_cumulative,20138,0,20136,0,1,,
routing,shenyang-br-2,routing.ipv6_route_change_total,"{""prefix"": ""fd00:5:40::/64""}",raw_cumulative,20138,0,20136,0,1,,
routing,shenyang-br-2,routing.ipv6_route_change_total,"{""prefix"": ""fd00:6:40::/64""}",raw_cumulative,20138,10,20126,0,1,,
routing,shenyang-br-2,routing.ipv6_route_change_total,"{""prefix"": ""fd00:7:40::/64""}",raw_cumulative,20138,10,20126,0,1,,
routing,shenyang-br-2,routing.ipv6_route_change_total,"{""prefix"": ""fd00:8:40::/64""}",raw_cumulative,20138,10,20126,0,1,,
routing,shenyang-cr-1,routing.ipv6_default_route_changed_total,{},raw_cumulative,20160,0,20159,0,0,,
routing,shenyang-cr-1,routing.ipv6_route_change_total,"{""prefix"": ""::/0""}",raw_cumulative,20160,0,20159,0,0,,
routing,shenyang-cr-1,routing.ipv6_route_change_total,"{""prefix"": ""fd00:1:40::/64""}",raw_cumulative,20160,0,20159,0,0,,
routing,shenyang-cr-1,routing.ipv6_route_change_total,"{""prefix"": ""fd00:2:40::/64""}",raw_cumulative,20160,0,20159,0,0,,
routing,shenyang-cr-1,routing.ipv6_route_change_total,"{""prefix"": ""fd00:3:40::/64""}",raw_cumulative,20160,0,20159,0,0,,
routing,shenyang-cr-1,routing.ipv6_route_change_total,"{""prefix"": ""fd00:4:40::/64""}",raw_cumulative,20160,0,20159,0,0,,
routing,shenyang-cr-1,routing.ipv6_route_change_total,"{""prefix"": ""fd00:5:40::/64""}",raw_cumulative,20160,0,20159,0,0,,
routing,shenyang-cr-1,routing.ipv6_route_change_total,"{""prefix"": ""fd00:6:40::/64""}",raw_cumulative,20160,0,20159,0,0,,
routing,shenyang-cr-1,routing.ipv6_route_change_total,"{""prefix"": ""fd00:7:40::/64""}",raw_cumulative,20160,0,20159,0,0,,
routing,shenyang-cr-1,routing.ipv6_route_change_total,"{""prefix"": ""fd00:8:40::/64""}",raw_cumulative,20160,0,20159,0,0,,
routing,shenyang-cr-2,routing.ipv6_default_route_changed_total,{},raw_cumulative,20160,0,20159,0,0,,
routing,shenyang-cr-2,routing.ipv6_route_change_total,"{""prefix"": ""::/0""}",raw_cumulative,20160,0,20159,0,0,,
routing,shenyang-cr-2,routing.ipv6_route_change_total,"{""prefix"": ""fd00:1:40::/64""}",raw_cumulative,20160,0,20159,0,0,,
routing,shenyang-cr-2,routing.ipv6_route_change_total,"{""prefix"": ""fd00:2:40::/64""}",raw_cumulative,20160,0,20159,0,0,,
routing,shenyang-cr-2,routing.ipv6_route_change_total,"{""prefix"": ""fd00:3:40::/64""}",raw_cumulative,20160,0,20159,0,0,,
routing,shenyang-cr-2,routing.ipv6_route_change_total,"{""prefix"": ""fd00:4:40::/64""}",raw_cumulative,20160,0,20159,0,0,,
routing,shenyang-cr-2,routing.ipv6_route_change_total,"{""prefix"": ""fd00:5:40::/64""}",raw_cumulative,20160,0,20159,0,0,,
routing,shenyang-cr-2,routing.ipv6_route_change_total,"{""prefix"": ""fd00:6:40::/64""}",raw_cumulative,20160,0,20159,0,0,,
routing,shenyang-cr-2,routing.ipv6_route_change_total,"{""prefix"": ""fd00:7:40::/64""}",raw_cumulative,20160,0,20159,0,0,,
routing,shenyang-cr-2,routing.ipv6_route_change_total,"{""prefix"": ""fd00:8:40::/64""}",raw_cumulative,20160,0,20159,0,0,,
routing,wuhan-br-1,routing.ipv6_default_route_changed_total,{},raw_cumulative,20122,0,20118,0,3,,
routing,wuhan-br-1,routing.ipv6_route_change_total,"{""prefix"": ""::/0""}",raw_cumulative,20122,0,20118,0,3,,
routing,wuhan-br-1,routing.ipv6_route_change_total,"{""prefix"": ""fd00:1:40::/64""}",raw_cumulative,20122,0,20118,0,3,,
routing,wuhan-br-1,routing.ipv6_route_change_total,"{""prefix"": ""fd00:2:40::/64""}",raw_cumulative,20122,0,20118,0,3,,
routing,wuhan-br-1,routing.ipv6_route_change_total,"{""prefix"": ""fd00:3:40::/64""}",raw_cumulative,20122,0,20118,0,3,,
routing,wuhan-br-1,routing.ipv6_route_change_total,"{""prefix"": ""fd00:4:40::/64""}",raw_cumulative,20122,0,20118,0,3,,
routing,wuhan-br-1,routing.ipv6_route_change_total,"{""prefix"": ""fd00:5:40::/64""}",raw_cumulative,20122,0,20118,0,3,,
routing,wuhan-br-1,routing.ipv6_route_change_total,"{""prefix"": ""fd00:6:40::/64""}",raw_cumulative,20122,0,20118,0,3,,
routing,wuhan-br-1,routing.ipv6_route_change_total,"{""prefix"": ""fd00:7:40::/64""}",raw_cumulative,20122,4,20114,0,3,,
routing,wuhan-br-1,routing.ipv6_route_change_total,"{""prefix"": ""fd00:8:40::/64""}",raw_cumulative,20122,8,20110,0,3,,
routing,wuhan-br-2,routing.ipv6_default_route_changed_total,{},raw_cumulative,20122,0,20118,0,3,,
routing,wuhan-br-2,routing.ipv6_route_change_total,"{""prefix"": ""::/0""}",raw_cumulative,20122,0,20118,0,3,,
routing,wuhan-br-2,routing.ipv6_route_change_total,"{""prefix"": ""fd00:1:40::/64""}",raw_cumulative,20122,0,20118,0,3,,
routing,wuhan-br-2,routing.ipv6_route_change_total,"{""prefix"": ""fd00:2:40::/64""}",raw_cumulative,20122,0,20118,0,3,,
routing,wuhan-br-2,routing.ipv6_route_change_total,"{""prefix"": ""fd00:3:40::/64""}",raw_cumulative,20122,0,20118,0,3,,
routing,wuhan-br-2,routing.ipv6_route_change_total,"{""prefix"": ""fd00:4:40::/64""}",raw_cumulative,20122,0,20118,0,3,,
routing,wuhan-br-2,routing.ipv6_route_change_total,"{""prefix"": ""fd00:5:40::/64""}",raw_cumulative,20122,0,20118,0,3,,
routing,wuhan-br-2,routing.ipv6_route_change_total,"{""prefix"": ""fd00:6:40::/64""}",raw_cumulative,20122,0,20118,0,3,,
routing,wuhan-br-2,routing.ipv6_route_change_total,"{""prefix"": ""fd00:7:40::/64""}",raw_cumulative,20122,18,20100,0,3,,
routing,wuhan-br-2,routing.ipv6_route_change_total,"{""prefix"": ""fd00:8:40::/64""}",raw_cumulative,20122,4,20114,0,3,,
routing,wuhan-cr-1,routing.ipv6_default_route_changed_total,{},raw_cumulative,20160,0,20159,0,0,,
routing,wuhan-cr-1,routing.ipv6_route_change_total,"{""prefix"": ""::/0""}",raw_cumulative,20160,0,20159,0,0,,
routing,wuhan-cr-1,routing.ipv6_route_change_total,"{""prefix"": ""fd00:1:40::/64""}",raw_cumulative,20160,0,20159,0,0,,
routing,wuhan-cr-1,routing.ipv6_route_change_total,"{""prefix"": ""fd00:2:40::/64""}",raw_cumulative,20160,0,20159,0,0,,
routing,wuhan-cr-1,routing.ipv6_route_change_total,"{""prefix"": ""fd00:3:40::/64""}",raw_cumulative,20160,0,20159,0,0,,
routing,wuhan-cr-1,routing.ipv6_route_change_total,"{""prefix"": ""fd00:4:40::/64""}",raw_cumulative,20160,0,20159,0,0,,
routing,wuhan-cr-1,routing.ipv6_route_change_total,"{""prefix"": ""fd00:5:40::/64""}",raw_cumulative,20160,0,20159,0,0,,
routing,wuhan-cr-1,routing.ipv6_route_change_total,"{""prefix"": ""fd00:6:40::/64""}",raw_cumulative,20160,0,20159,0,0,,
routing,wuhan-cr-1,routing.ipv6_route_change_total,"{""prefix"": ""fd00:7:40::/64""}",raw_cumulative,20160,0,20159,0,0,,
routing,wuhan-cr-1,routing.ipv6_route_change_total,"{""prefix"": ""fd00:8:40::/64""}",raw_cumulative,20160,0,20159,0,0,,
routing,wuhan-cr-2,routing.ipv6_default_route_changed_total,{},raw_cumulative,20160,0,20159,0,0,,
routing,wuhan-cr-2,routing.ipv6_route_change_total,"{""prefix"": ""::/0""}",raw_cumulative,20160,0,20159,0,0,,
routing,wuhan-cr-2,routing.ipv6_route_change_total,"{""prefix"": ""fd00:1:40::/64""}",raw_cumulative,20160,0,20159,0,0,,
routing,wuhan-cr-2,routing.ipv6_route_change_total,"{""prefix"": ""fd00:2:40::/64""}",raw_cumulative,20160,0,20159,0,0,,
routing,wuhan-cr-2,routing.ipv6_route_change_total,"{""prefix"": ""fd00:3:40::/64""}",raw_cumulative,20160,0,20159,0,0,,
routing,wuhan-cr-2,routing.ipv6_route_change_total,"{""prefix"": ""fd00:4:40::/64""}",raw_cumulative,20160,0,20159,0,0,,
routing,wuhan-cr-2,routing.ipv6_route_change_total,"{""prefix"": ""fd00:5:40::/64""}",raw_cumulative,20160,0,20159,0,0,,
routing,wuhan-cr-2,routing.ipv6_route_change_total,"{""prefix"": ""fd00:6:40::/64""}",raw_cumulative,20160,0,20159,0,0,,
routing,wuhan-cr-2,routing.ipv6_route_change_total,"{""prefix"": ""fd00:7:40::/64""}",raw_cumulative,20160,0,20159,0,0,,
routing,wuhan-cr-2,routing.ipv6_route_change_total,"{""prefix"": ""fd00:8:40::/64""}",raw_cumulative,20160,0,20159,0,0,,
routing,xian-br-1,routing.ipv6_default_route_changed_total,{},raw_cumulative,20115,0,20111,0,3,,
routing,xian-br-1,routing.ipv6_route_change_total,"{""prefix"": ""::/0""}",raw_cumulative,20115,0,20111,0,3,,
routing,xian-br-1,routing.ipv6_route_change_total,"{""prefix"": ""fd00:1:40::/64""}",raw_cumulative,20115,6,20105,0,3,,
routing,xian-br-1,routing.ipv6_route_change_total,"{""prefix"": ""fd00:2:40::/64""}",raw_cumulative,20115,6,20105,0,3,,
routing,xian-br-1,routing.ipv6_route_change_total,"{""prefix"": ""fd00:3:40::/64""}",raw_cumulative,20115,0,20111,0,3,,
routing,xian-br-1,routing.ipv6_route_change_total,"{""prefix"": ""fd00:4:40::/64""}",raw_cumulative,20115,14,20097,0,3,,
routing,xian-br-1,routing.ipv6_route_change_total,"{""prefix"": ""fd00:5:40::/64""}",raw_cumulative,20115,0,20111,0,3,,
routing,xian-br-1,routing.ipv6_route_change_total,"{""prefix"": ""fd00:6:40::/64""}",raw_cumulative,20115,0,20111,0,3,,
routing,xian-br-1,routing.ipv6_route_change_total,"{""prefix"": ""fd00:7:40::/64""}",raw_cumulative,20115,0,20111,0,3,,
routing,xian-br-1,routing.ipv6_route_change_total,"{""prefix"": ""fd00:8:40::/64""}",raw_cumulative,20115,0,20111,0,3,,
routing,xian-br-2,routing.ipv6_default_route_changed_total,{},raw_cumulative,20115,0,20111,0,3,,
routing,xian-br-2,routing.ipv6_route_change_total,"{""prefix"": ""::/0""}",raw_cumulative,20115,0,20111,0,3,,
routing,xian-br-2,routing.ipv6_route_change_total,"{""prefix"": ""fd00:1:40::/64""}",raw_cumulative,20115,8,20103,0,3,,
routing,xian-br-2,routing.ipv6_route_change_total,"{""prefix"": ""fd00:2:40::/64""}",raw_cumulative,20115,8,20103,0,3,,
routing,xian-br-2,routing.ipv6_route_change_total,"{""prefix"": ""fd00:3:40::/64""}",raw_cumulative,20115,0,20111,0,3,,
routing,xian-br-2,routing.ipv6_route_change_total,"{""prefix"": ""fd00:4:40::/64""}",raw_cumulative,20115,8,20103,0,3,,
routing,xian-br-2,routing.ipv6_route_change_total,"{""prefix"": ""fd00:5:40::/64""}",raw_cumulative,20115,0,20111,0,3,,
routing,xian-br-2,routing.ipv6_route_change_total,"{""prefix"": ""fd00:6:40::/64""}",raw_cumulative,20115,0,20111,0,3,,
routing,xian-br-2,routing.ipv6_route_change_total,"{""prefix"": ""fd00:7:40::/64""}",raw_cumulative,20115,0,20111,0,3,,
routing,xian-br-2,routing.ipv6_route_change_total,"{""prefix"": ""fd00:8:40::/64""}",raw_cumulative,20115,0,20111,0,3,,
routing,xian-cr-1,routing.ipv6_default_route_changed_total,{},raw_cumulative,20160,0,20159,0,0,,
routing,xian-cr-1,routing.ipv6_route_change_total,"{""prefix"": ""::/0""}",raw_cumulative,20160,0,20159,0,0,,
routing,xian-cr-1,routing.ipv6_route_change_total,"{""prefix"": ""fd00:1:40::/64""}",raw_cumulative,20160,0,20159,0,0,,
routing,xian-cr-1,routing.ipv6_route_change_total,"{""prefix"": ""fd00:2:40::/64""}",raw_cumulative,20160,0,20159,0,0,,
routing,xian-cr-1,routing.ipv6_route_change_total,"{""prefix"": ""fd00:3:40::/64""}",raw_cumulative,20160,0,20159,0,0,,
routing,xian-cr-1,routing.ipv6_route_change_total,"{""prefix"": ""fd00:4:40::/64""}",raw_cumulative,20160,0,20159,0,0,,
routing,xian-cr-1,routing.ipv6_route_change_total,"{""prefix"": ""fd00:5:40::/64""}",raw_cumulative,20160,0,20159,0,0,,
routing,xian-cr-1,routing.ipv6_route_change_total,"{""prefix"": ""fd00:6:40::/64""}",raw_cumulative,20160,0,20159,0,0,,
routing,xian-cr-1,routing.ipv6_route_change_total,"{""prefix"": ""fd00:7:40::/64""}",raw_cumulative,20160,0,20159,0,0,,
routing,xian-cr-1,routing.ipv6_route_change_total,"{""prefix"": ""fd00:8:40::/64""}",raw_cumulative,20160,0,20159,0,0,,
routing,xian-cr-2,routing.ipv6_default_route_changed_total,{},raw_cumulative,20160,0,20159,0,0,,
routing,xian-cr-2,routing.ipv6_route_change_total,"{""prefix"": ""::/0""}",raw_cumulative,20160,0,20159,0,0,,
routing,xian-cr-2,routing.ipv6_route_change_total,"{""prefix"": ""fd00:1:40::/64""}",raw_cumulative,20160,0,20159,0,0,,
routing,xian-cr-2,routing.ipv6_route_change_total,"{""prefix"": ""fd00:2:40::/64""}",raw_cumulative,20160,0,20159,0,0,,
routing,xian-cr-2,routing.ipv6_route_change_total,"{""prefix"": ""fd00:3:40::/64""}",raw_cumulative,20160,0,20159,0,0,,
routing,xian-cr-2,routing.ipv6_route_change_total,"{""prefix"": ""fd00:4:40::/64""}",raw_cumulative,20160,0,20159,0,0,,
routing,xian-cr-2,routing.ipv6_route_change_total,"{""prefix"": ""fd00:5:40::/64""}",raw_cumulative,20160,0,20159,0,0,,
routing,xian-cr-2,routing.ipv6_route_change_total,"{""prefix"": ""fd00:6:40::/64""}",raw_cumulative,20160,0,20159,0,0,,
routing,xian-cr-2,routing.ipv6_route_change_total,"{""prefix"": ""fd00:7:40::/64""}",raw_cumulative,20160,0,20159,0,0,,
routing,xian-cr-2,routing.ipv6_route_change_total,"{""prefix"": ""fd00:8:40::/64""}",raw_cumulative,20160,0,20159,0,0,,
