city,major_category,sub_category,candidate_count
beida,firewall,cpu_pressure,2
beida,link,delay,4
beida,resource,cpu_pressure,55
beida,resource,disk_io_pressure,42
beida,resource,memory_pressure,2
beida,routing,bgp_session_down,6
beida,service,dns_down,45
chengdu,firewall,cpu_pressure,1
chengdu,resource,cpu_pressure,5
chengdu,resource,disk_io_pressure,7
chengdu,resource,disk_space_low,2
chengdu,resource,memory_pressure,1
chengdu,routing,bgp_session_down,4
guangzhou,firewall,cpu_pressure,4
guangzhou,resource,cpu_pressure,6
guangzhou,resource,disk_io_pressure,1
guangzhou,resource,disk_space_low,2
guangzhou,routing,bgp_session_down,5
nanjing,firewall,cpu_pressure,3
nanjing,resource,cpu_pressure,8
nanjing,resource,disk_io_pressure,1
nanjing,routing,bgp_session_down,2
shanghai,resource,cpu_pressure,14
shanghai,resource,disk_io_pressure,9
shanghai,routing,bgp_session_down,9
shanghai,service,web_5xx,42
shanghai,service,web_slow,16
shenyang,firewall,cpu_pressure,1
shenyang,resource,cpu_pressure,3
shenyang,resource,disk_io_pressure,1
shenyang,resource,disk_space_low,1
shenyang,resource,process_pressure,1
shenyang,routing,bgp_session_down,1
wuhan,firewall,cpu_pressure,1
wuhan,resource,cpu_pressure,9
wuhan,resource,disk_io_pressure,2
wuhan,resource,memory_pressure,3
wuhan,routing,bgp_session_down,12
wuhan,service,auth_error,6
wuhan,service,auth_timeout,41
xian,firewall,cpu_pressure,6
xian,resource,cpu_pressure,3
xian,resource,disk_io_pressure,1
xian,resource,disk_space_low,2
xian,resource,memory_pressure,3
xian,routing,bgp_session_down,8
