city,source,rows,size_bytes,first_timestamp,last_timestamp
beida,node,181417,38800944,2026-08-19T04:00:00Z,2026-09-02T03:59:00Z
beida,interface,1209400,121195314,2026-08-19T04:00:00Z,2026-09-02T03:59:00Z
beida,routing,5442058,669625648,2026-08-19T04:00:00Z,2026-09-02T03:59:00Z
beida,scrape,262067,27206256,2026-08-19T04:00:00Z,2026-09-02T03:59:00Z
beida,traffic,52631,38653580,2026-08-19T04:00:00Z,2026-09-02T03:59:00Z
beida,netflow,109490525,22553679911,2026-08-19T04:00:00Z,2026-09-02T03:59:00Z
beida,frr,310,82739,2026-08-21T03:17:51Z,2026-09-01T18:00:14Z
chengdu,node,181291,38588545,2026-08-19T04:00:00Z,2026-09-02T03:59:00Z
chengdu,interface,1208480,119993948,2026-08-19T04:00:00Z,2026-09-02T03:59:00Z
chengdu,routing,5116507,626380342,2026-08-19T04:00:00Z,2026-09-02T03:59:00Z
chengdu,scrape,261911,27190221,2026-08-19T04:00:00Z,2026-09-02T03:59:00Z
chengdu,traffic,52488,38346065,2026-08-19T04:00:00Z,2026-09-02T03:59:00Z
chengdu,netflow,32956265,6824312705,2026-08-19T04:00:00Z,2026-09-02T03:59:00Z
chengdu,frr,432,116362,2026-08-19T04:57:08Z,2026-09-01T16:57:08Z
guangzhou,node,181414,38601065,2026-08-19T04:00:00Z,2026-09-02T03:59:00Z
guangzhou,interface,1209320,121555335,2026-08-19T04:00:00Z,2026-09-02T03:59:00Z
guangzhou,routing,5014277,605388039,2026-08-19T04:00:00Z,2026-09-02T03:59:00Z
guangzhou,scrape,262080,27207242,2026-08-19T04:00:00Z,2026-09-02T03:59:00Z
guangzhou,traffic,52723,38670107,2026-08-19T04:00:00Z,2026-09-02T03:59:00Z
guangzhou,netflow,33812982,7067156937,2026-08-19T04:00:00Z,2026-09-02T03:59:00Z
guangzhou,frr,444,121666,2026-08-19T08:27:08Z,2026-09-01T10:48:33Z
nanjing,node,181424,38567235,2026-08-19T04:00:00Z,2026-09-02T03:59:00Z
nanjing,interface,1249740,124266605,2026-08-19T04:00:00Z,2026-09-02T03:59:00Z
nanjing,routing,5139599,628789374,2026-08-19T04:00:00Z,2026-09-02T03:59:00Z
nanjing,scrape,262080,27207486,2026-08-19T04:00:00Z,2026-09-02T03:59:00Z
nanjing,traffic,52565,38724302,2026-08-19T04:00:00Z,2026-09-02T03:59:00Z
nanjing,netflow,34484309,7139077043,2026-08-19T04:00:00Z,2026-09-02T03:59:00Z
nanjing,frr,487,131561,2026-08-23T10:57:07Z,2026-09-02T00:27:08Z
shanghai,node,181336,38895792,2026-08-19T04:00:00Z,2026-09-02T03:59:00Z
shanghai,interface,1208510,120892179,2026-08-19T04:00:00Z,2026-09-02T03:59:00Z
shanghai,routing,5435086,659981311,2026-08-19T04:00:00Z,2026-09-02T03:59:00Z
shanghai,scrape,262080,27208651,2026-08-19T04:00:00Z,2026-09-02T03:59:00Z
shanghai,traffic,52754,39044228,2026-08-19T04:00:00Z,2026-09-02T03:59:00Z
shanghai,netflow,121624072,25214032200,2026-08-19T04:00:00Z,2026-09-02T03:59:00Z
shanghai,frr,566,153466,2026-08-19T06:45:48Z,2026-09-01T23:43:21Z
shenyang,node,181372,36556492,2026-08-19T04:00:00Z,2026-09-02T03:59:00Z
shenyang,interface,1209076,120491650,2026-08-19T04:00:00Z,2026-09-02T03:59:00Z
shenyang,routing,5158214,634513912,2026-08-19T04:00:00Z,2026-09-02T03:59:00Z
shenyang,scrape,262080,27207865,2026-08-19T04:00:00Z,2026-09-02T03:59:00Z
shenyang,traffic,52686,38627468,2026-08-19T04:00:00Z,2026-09-02T03:59:00Z
shenyang,netflow,34595845,7210117570,2026-08-19T04:00:00Z,2026-09-02T03:59:00Z
shenyang,frr,334,90825,2026-08-27T12:38:52Z,2026-08-31T01:02:42Z
wuhan,node,181364,38818620,2026-08-19T04:00:00Z,2026-09-02T03:59:00Z
wuhan,interface,1208840,120628404,2026-08-19T04:00:00Z,2026-09-02T03:59:00Z
wuhan,routing,5759720,715566253,2026-08-19T04:00:00Z,2026-09-02T03:59:00Z
wuhan,scrape,262080,27205548,2026-08-19T04:00:00Z,2026-09-02T03:59:00Z
wuhan,traffic,52706,38842092,2026-08-19T04:00:00Z,2026-09-02T03:59:00Z
wuhan,netflow,63067603,12951174764,2026-08-19T04:00:00Z,2026-09-02T03:59:00Z
wuhan,frr,817,218452,2026-08-20T01:12:00Z,2026-09-01T16:12:11Z
xian,node,181352,38496326,2026-08-19T04:00:00Z,2026-09-02T03:59:00Z
xian,interface,1208720,120933407,2026-08-19T04:00:00Z,2026-09-02T03:59:00Z
xian,routing,5074510,615324172,2026-08-19T04:00:00Z,2026-09-02T03:59:00Z
xian,scrape,262080,27208367,2026-08-19T04:00:00Z,2026-09-02T03:59:00Z
xian,traffic,52674,38374463,2026-08-19T04:00:00Z,2026-09-02T03:59:00Z
xian,netflow,35635775,7269297257,2026-08-19T04:00:00Z,2026-09-02T03:59:00Z
xian,frr,91,25439,2026-08-19T10:27:08Z,2026-09-01T22:57:08Z
