timestamp_utc,node_id,disk_io_util
2026-08-20T09:37:00Z,chengdu-fw,142.34666442871094
2026-08-20T09:39:00Z,chengdu-fw,100.67555236816406
2026-08-20T09:40:00Z,chengdu-service-vm-1,156.00889587402344
2026-08-20T09:46:00Z,chengdu-service-vm-1,178.54222106933594
2026-08-20T09:49:00Z,chengdu-fw,159.26222229003906
2026-08-20T09:53:00Z,chengdu-fw,109.58222198486328
2026-08-20T09:55:00Z,chengdu-service-vm-1,297.49334716796875
2026-08-20T10:01:00Z,chengdu-service-vm-1,150.28443908691406
2026-08-20T10:04:00Z,chengdu-service-vm-1,148.03555297851562
2026-08-20T10:09:00Z,chengdu-service-vm-1,156.33778381347656
2026-08-20T14:39:00Z,shanghai-br-2,196.65110778808594
2026-08-21T00:09:00Z,beida-service-vm-1,103.64444732666016
2026-08-21T13:04:00Z,beida-service-vm-1,164.13333129882812
2026-08-24T05:39:00Z,xian-service-vm-3,100.45333099365234
2026-08-24T05:40:00Z,xian-service-vm-3,100.01333618164062
2026-08-24T05:41:00Z,xian-service-vm-3,100.00444793701172
2026-08-26T02:21:00Z,wuhan-service-vm-3,100.95999908447266
2026-08-26T02:22:00Z,wuhan-service-vm-3,100.0088882446289
2026-08-26T02:24:00Z,wuhan-service-vm-3,100.1066665649414
2026-08-26T02:30:00Z,wuhan-service-vm-3,100.0088882446289
2026-08-26T02:31:00Z,wuhan-service-vm-3,100.0088882446289
2026-08-26T02:32:00Z,wuhan-service-vm-3,100.01777648925781
2026-08-26T02:35:00Z,wuhan-service-vm-3,100.12444305419922
2026-08-26T09:24:00Z,beida-service-vm-2,180.3111114501953
2026-08-26T09:25:00Z,beida-service-vm-3,110.41777801513672
2026-08-26T09:26:00Z,beida-service-vm-2,175.11111450195312
2026-08-26T14:35:00Z,beida-service-vm-1,213.5911102294922
2026-08-27T05:24:00Z,beida-service-vm-1,143.77777099609375
2026-08-30T20:35:00Z,beida-service-vm-1,154.43556213378906
2026-08-30T22:15:00Z,chengdu-service-vm-1,100.33777618408203
2026-08-30T22:17:00Z,chengdu-service-vm-1,100.0088882446289
2026-08-30T22:18:00Z,chengdu-service-vm-1,101.32444763183594
2026-08-30T22:21:00Z,chengdu-service-vm-1,100.01777648925781
2026-08-30T22:22:00Z,chengdu-service-vm-1,100.0088882446289
2026-08-30T22:23:00Z,chengdu-service-vm-1,100.03555297851562
2026-08-30T22:28:00Z,chengdu-service-vm-1,100.0088882446289
2026-08-30T22:32:00Z,chengdu-service-vm-1,100.0088882446289
2026-08-30T22:33:00Z,chengdu-service-vm-1,100.02666473388672
2026-08-30T22:37:00Z,chengdu-service-vm-1,100.01777648925781
2026-08-30T22:42:00Z,chengdu-service-vm-1,100.06222534179688
2026-09-02T01:27:00Z,shanghai-service-vm-3,100.27555847167969
2026-09-02T01:29:00Z,shanghai-service-vm-3,100.05333709716797
2026-09-02T01:31:00Z,shanghai-service-vm-3,100.01777648925781
2026-09-02T01:38:00Z,shanghai-service-vm-3,100.0088882446289
2026-09-02T01:42:00Z,shanghai-service-vm-3,100.02666473388672
2026-09-02T01:43:00Z,shanghai-service-vm-3,100.02666473388672
2026-09-02T01:46:00Z,shanghai-service-vm-3,100.01777648925781
