source,field,type,unit_or_scale,meaning,analytical_role,raw_missing_fraction,active_flow_missing_fraction,interpretation_status,caveat
node,cpu_usage,float,scale_unconfirmed; observed values exceed 1,CPU utilization,resource evidence,7.58e-06,,project_interpretation_not_official,Older DYX dictionary calls this a ratio; current values contradict a 0-1 interpretation.
node,disk_io_util,float,scale_unconfirmed; observed values exceed 1,disk I/O utilization,resource evidence,7.58e-06,,project_interpretation_not_official,Older DYX dictionary calls this a ratio; current values contradict a 0-1 interpretation.
node,disk_read_rate,float,bytes/s,disk read rate,resource evidence,7.58e-06,,project_interpretation_not_official,
node,disk_write_rate,float,bytes/s,disk write rate,resource evidence,7.58e-06,,project_interpretation_not_official,
node,filesystem_used_ratio,float,ratio,filesystem used ratio,resource evidence,7.58e-06,,project_interpretation_not_official,
node,inode_used_ratio,float,ratio,inode used ratio,resource evidence,7.58e-06,,project_interpretation_not_official,
node,load1,float,load,one-minute system load,resource evidence,7.58e-06,,project_interpretation_not_official,
node,load5,float,load,five-minute system load,resource evidence,7.58e-06,,project_interpretation_not_official,
node,memory_available_ratio,float,ratio,available memory ratio,resource evidence,7.58e-06,,project_interpretation_not_official,
node,node,categorical,node id,observed network element,root-cause entity,0.0,,project_interpretation_not_official,
node,node_type,categorical,role family,device role family,candidate context,0.0,,project_interpretation_not_official,
node,open_fd_ratio,float,ratio,open file descriptor ratio,resource evidence,7.58e-06,,project_interpretation_not_official,
node,process_count,float,count,running process count,resource evidence,7.58e-06,,project_interpretation_not_official,
node,region,categorical,city alias,observation region,join key,0.0,,project_interpretation_not_official,
node,swap_used_ratio,float,ratio,used swap ratio,resource evidence,7.58e-06,,project_interpretation_not_official,
node,timestamp,datetime,UTC minute,host metric observation time,join key,0.0,,project_interpretation_not_official,
interface,carrier_changes,float,count,interface carrier changes,link stability evidence,0.0,,project_interpretation_not_official,
interface,if_role,categorical,role label,interface function when available,link context,0.7676215,,project_interpretation_not_official,
interface,interface_id,categorical,interface id,observed interface,link localization,0.0,,project_interpretation_not_official,
interface,node,categorical,node id,interface owner,root-cause entity,0.0,,project_interpretation_not_official,
interface,node_type,categorical,role family,interface owner role family,candidate context,0.0,,project_interpretation_not_official,
interface,region,categorical,city alias,observation region,join key,0.0,,project_interpretation_not_official,
interface,rx_bytes_rate,float,bytes/s,received byte rate,traffic evidence,0.0,,project_interpretation_not_official,
interface,rx_drop_rate,float,drops/s,received packet drop rate,loss evidence,0.0,,project_interpretation_not_official,
interface,rx_error_rate,float,errors/s,received packet error rate,loss evidence,0.0,,project_interpretation_not_official,
interface,rx_packets_rate,float,packets/s,received packet rate,traffic evidence,0.0,,project_interpretation_not_official,
interface,timestamp,datetime,UTC minute,interface metric observation time,join key,0.0,,project_interpretation_not_official,
interface,tx_bytes_rate,float,bytes/s,transmitted byte rate,traffic evidence,0.0,,project_interpretation_not_official,
interface,tx_drop_rate,float,drops/s,transmitted packet drop rate,loss evidence,0.0,,project_interpretation_not_official,
interface,tx_error_rate,float,errors/s,transmitted packet error rate,loss evidence,0.0,,project_interpretation_not_official,
interface,tx_packets_rate,float,packets/s,transmitted packet rate,traffic evidence,0.0,,project_interpretation_not_official,
routing,label,structured string,Prometheus-like labels,"peer, command or route context",routing disambiguation,0.0688672,,project_interpretation_not_official,
routing,metric_name,categorical,metric name,routing control-plane metric,routing signature,0.0,,project_interpretation_not_official,
routing,node,categorical,node id,routing metric owner,root-cause entity,0.0,,project_interpretation_not_official,
routing,node_type,categorical,role family,routing metric owner role family,candidate context,0.0,,project_interpretation_not_official,
routing,region,categorical,city alias,observation region,join key,0.0,,project_interpretation_not_official,
routing,timestamp,datetime,UTC minute,routing metric observation time,join key,0.0,,project_interpretation_not_official,
routing,value,float-or-string,metric-specific,metric value,routing evidence,0.04592466,,project_interpretation_not_official,Missingness is conditional on metric_name and device role; see routing_metric_role_quality.csv.
scrape,exporter_type,categorical,exporter name,node or routing exporter,source context,0.0,,project_interpretation_not_official,
scrape,node,categorical,node id,scrape target owner,observability entity,0.0,,project_interpretation_not_official,
scrape,region,categorical,city alias,observation region,join key,0.0,,project_interpretation_not_official,
scrape,scrape_duration_seconds,float,seconds,scrape duration,observability evidence,0.0,,project_interpretation_not_official,
scrape,scrape_error,string,message,scrape error when present,observability evidence,0.9995936,,project_interpretation_not_official,
scrape,scrape_samples,integer,samples,samples returned by scrape,observability evidence,0.0,,project_interpretation_not_official,
scrape,scrape_up,integer,0/1,whether scrape succeeded,data quality evidence,0.0,,project_interpretation_not_official,
scrape,target_id,categorical,exporter target,scrape target address,observability entity,0.0,,project_interpretation_not_official,
scrape,timestamp,datetime,UTC minute,scrape attempt time,join key,0.0,,project_interpretation_not_official,
traffic,auth_flow_active,float,metric-specific,auth_flow currently active operations/flows,current load evidence,0.75038162,0.0,project_interpretation_not_official,Raw missing fraction includes rows for other flow types.
traffic,auth_flow_active_seconds_total,float,seconds,auth_flow cumulative active seconds,counter; derive rates,0.75038162,0.0,project_interpretation_not_official,Raw missing fraction includes rows for other flow types.
traffic,auth_flow_batch_concurrency,float,metric-specific,auth_flow concurrent probe batches,current load evidence,0.75038162,0.0,project_interpretation_not_official,Raw missing fraction includes rows for other flow types.
traffic,auth_flow_batch_duration_seconds,float,seconds,auth_flow latest/observed batch duration,latency evidence,0.75038162,0.0,project_interpretation_not_official,Raw missing fraction includes rows for other flow types.
traffic,auth_flow_batches_completed_total,float,metric-specific,auth_flow cumulative completed batches,counter; derive rates,0.75038162,0.0,project_interpretation_not_official,Raw missing fraction includes rows for other flow types.
traffic,auth_flow_batches_failed_total,float,metric-specific,auth_flow cumulative failed batches,counter; derive rates,0.75038162,0.0,project_interpretation_not_official,Raw missing fraction includes rows for other flow types.
traffic,auth_flow_batches_started_total,float,metric-specific,auth_flow cumulative started batches,counter; derive rates,0.75038162,0.0,project_interpretation_not_official,Raw missing fraction includes rows for other flow types.
traffic,auth_flow_batches_timeout_total,float,metric-specific,auth_flow cumulative timed-out batches,counter; derive rates,0.75038162,0.0,project_interpretation_not_official,Raw missing fraction includes rows for other flow types.
traffic,auth_flow_bytes_received_total,float,metric-specific,auth_flow cumulative received bytes,counter; derive rates,0.75038162,0.0,project_interpretation_not_official,Raw missing fraction includes rows for other flow types.
traffic,auth_flow_bytes_sent_total,float,metric-specific,auth_flow cumulative sent bytes,counter; derive rates,0.75038162,0.0,project_interpretation_not_official,Raw missing fraction includes rows for other flow types.
traffic,auth_flow_duration_seconds_count,float,seconds,auth_flow number of duration observations,counter; derive rates,0.75038162,0.0,project_interpretation_not_official,Raw missing fraction includes rows for other flow types.
traffic,auth_flow_duration_seconds_sum,float,seconds,auth_flow cumulative request duration,counter; derive rates,0.75038162,0.0,project_interpretation_not_official,Raw missing fraction includes rows for other flow types.
traffic,auth_flow_error_total,float,metric-specific,auth_flow cumulative error requests,counter; derive rates,0.75038162,0.0,project_interpretation_not_official,Raw missing fraction includes rows for other flow types.
traffic,auth_flow_last_batch_timestamp_seconds,float,seconds,auth_flow Unix timestamp of latest batch,timing context,0.75038162,0.0,project_interpretation_not_official,Raw missing fraction includes rows for other flow types.
traffic,auth_flow_latency_mean_seconds,float,seconds,auth_flow mean request latency,service latency evidence,0.75038162,0.0,project_interpretation_not_official,Raw missing fraction includes rows for other flow types.
traffic,auth_flow_latency_p95_seconds,float,seconds,auth_flow 95th percentile request latency,service latency evidence,0.75038162,0.0,project_interpretation_not_official,Raw missing fraction includes rows for other flow types.
traffic,auth_flow_observed_qps,float,metric-specific,auth_flow observed queries per second,service load evidence,0.75038162,0.0,project_interpretation_not_official,Raw missing fraction includes rows for other flow types.
traffic,auth_flow_request_latency_seconds_bucket_le_0_01,float,count,auth_flow request latency histogram bucket 0_01,latency evidence,0.75038162,0.0,project_interpretation_not_official,Raw missing fraction includes rows for other flow types.
traffic,auth_flow_request_latency_seconds_bucket_le_0_025,float,count,auth_flow request latency histogram bucket 0_025,latency evidence,0.75038162,0.0,project_interpretation_not_official,Raw missing fraction includes rows for other flow types.
traffic,auth_flow_request_latency_seconds_bucket_le_0_05,float,count,auth_flow request latency histogram bucket 0_05,latency evidence,0.75038162,0.0,project_interpretation_not_official,Raw missing fraction includes rows for other flow types.
traffic,auth_flow_request_latency_seconds_bucket_le_0_1,float,count,auth_flow request latency histogram bucket 0_1,latency evidence,0.75038162,0.0,project_interpretation_not_official,Raw missing fraction includes rows for other flow types.
traffic,auth_flow_request_latency_seconds_bucket_le_0_25,float,count,auth_flow request latency histogram bucket 0_25,latency evidence,0.75038162,0.0,project_interpretation_not_official,Raw missing fraction includes rows for other flow types.
traffic,auth_flow_request_latency_seconds_bucket_le_0_5,float,count,auth_flow request latency histogram bucket 0_5,latency evidence,0.75038162,0.0,project_interpretation_not_official,Raw missing fraction includes rows for other flow types.
traffic,auth_flow_request_latency_seconds_bucket_le_1,float,count,auth_flow request latency histogram bucket 1,latency evidence,0.75038162,0.0,project_interpretation_not_official,Raw missing fraction includes rows for other flow types.
traffic,auth_flow_request_latency_seconds_bucket_le_2_5,float,count,auth_flow request latency histogram bucket 2_5,latency evidence,0.75038162,0.0,project_interpretation_not_official,Raw missing fraction includes rows for other flow types.
traffic,auth_flow_request_latency_seconds_bucket_le_5,float,count,auth_flow request latency histogram bucket 5,latency evidence,0.75038162,0.0,project_interpretation_not_official,Raw missing fraction includes rows for other flow types.
traffic,auth_flow_request_latency_seconds_bucket_le_plus_inf,float,count,auth_flow request latency histogram bucket plus_inf,latency evidence,0.75038162,0.0,project_interpretation_not_official,Raw missing fraction includes rows for other flow types.
traffic,auth_flow_request_latency_seconds_count,float,seconds,auth_flow request latency sample count,counter; derive rates,0.75038162,0.0,project_interpretation_not_official,Raw missing fraction includes rows for other flow types.
traffic,auth_flow_request_latency_seconds_sum,float,seconds,auth_flow request latency sum,counter; derive rates,0.75038162,0.0,project_interpretation_not_official,Raw missing fraction includes rows for other flow types.
traffic,auth_flow_requests_total,float,metric-specific,auth_flow cumulative requests,counter; derive rates,0.75038162,0.0,project_interpretation_not_official,Raw missing fraction includes rows for other flow types.
traffic,auth_flow_success_total,float,metric-specific,auth_flow cumulative successful requests,counter; derive rates,0.75038162,0.0,project_interpretation_not_official,Raw missing fraction includes rows for other flow types.
traffic,dns_flow_active,float,metric-specific,dns_flow currently active operations/flows,current load evidence,0.6210072,0.0,project_interpretation_not_official,Raw missing fraction includes rows for other flow types.
traffic,dns_flow_active_seconds_total,float,seconds,dns_flow cumulative active seconds,counter; derive rates,0.6210072,0.0,project_interpretation_not_official,Raw missing fraction includes rows for other flow types.
traffic,dns_flow_batch_concurrency,float,metric-specific,dns_flow concurrent probe batches,current load evidence,0.6210072,0.0,project_interpretation_not_official,Raw missing fraction includes rows for other flow types.
traffic,dns_flow_batch_duration_seconds,float,seconds,dns_flow latest/observed batch duration,latency evidence,0.6210072,0.0,project_interpretation_not_official,Raw missing fraction includes rows for other flow types.
traffic,dns_flow_batches_completed_total,float,metric-specific,dns_flow cumulative completed batches,counter; derive rates,0.6210072,0.0,project_interpretation_not_official,Raw missing fraction includes rows for other flow types.
traffic,dns_flow_batches_failed_total,float,metric-specific,dns_flow cumulative failed batches,counter; derive rates,0.6210072,0.0,project_interpretation_not_official,Raw missing fraction includes rows for other flow types.
traffic,dns_flow_batches_started_total,float,metric-specific,dns_flow cumulative started batches,counter; derive rates,0.6210072,0.0,project_interpretation_not_official,Raw missing fraction includes rows for other flow types.
traffic,dns_flow_batches_timeout_total,float,metric-specific,dns_flow cumulative timed-out batches,counter; derive rates,0.6210072,0.0,project_interpretation_not_official,Raw missing fraction includes rows for other flow types.
traffic,dns_flow_bytes_received_total,float,metric-specific,dns_flow cumulative received bytes,counter; derive rates,0.6210072,0.0,project_interpretation_not_official,Raw missing fraction includes rows for other flow types.
traffic,dns_flow_bytes_sent_total,float,metric-specific,dns_flow cumulative sent bytes,counter; derive rates,0.6210072,0.0,project_interpretation_not_official,Raw missing fraction includes rows for other flow types.
traffic,dns_flow_duration_seconds_count,float,seconds,dns_flow number of duration observations,counter; derive rates,0.6210072,0.0,project_interpretation_not_official,Raw missing fraction includes rows for other flow types.
traffic,dns_flow_duration_seconds_sum,float,seconds,dns_flow cumulative request duration,counter; derive rates,0.6210072,0.0,project_interpretation_not_official,Raw missing fraction includes rows for other flow types.
traffic,dns_flow_error_total,float,metric-specific,dns_flow cumulative error requests,counter; derive rates,0.6210072,0.0,project_interpretation_not_official,Raw missing fraction includes rows for other flow types.
traffic,dns_flow_last_batch_timestamp_seconds,float,seconds,dns_flow Unix timestamp of latest batch,timing context,0.6210072,0.0,project_interpretation_not_official,Raw missing fraction includes rows for other flow types.
traffic,dns_flow_latency_mean_seconds,float,seconds,dns_flow mean request latency,service latency evidence,0.6210072,0.0,project_interpretation_not_official,Raw missing fraction includes rows for other flow types.
traffic,dns_flow_latency_p95_seconds,float,seconds,dns_flow 95th percentile request latency,service latency evidence,0.6210072,0.0,project_interpretation_not_official,Raw missing fraction includes rows for other flow types.
traffic,dns_flow_observed_qps,float,metric-specific,dns_flow observed queries per second,service load evidence,0.6210072,0.0,project_interpretation_not_official,Raw missing fraction includes rows for other flow types.
traffic,dns_flow_request_latency_seconds_bucket_le_0_01,float,count,dns_flow request latency histogram bucket 0_01,latency evidence,0.6210072,0.0,project_interpretation_not_official,Raw missing fraction includes rows for other flow types.
traffic,dns_flow_request_latency_seconds_bucket_le_0_025,float,count,dns_flow request latency histogram bucket 0_025,latency evidence,0.6210072,0.0,project_interpretation_not_official,Raw missing fraction includes rows for other flow types.
traffic,dns_flow_request_latency_seconds_bucket_le_0_05,float,count,dns_flow request latency histogram bucket 0_05,latency evidence,0.6210072,0.0,project_interpretation_not_official,Raw missing fraction includes rows for other flow types.
traffic,dns_flow_request_latency_seconds_bucket_le_0_1,float,count,dns_flow request latency histogram bucket 0_1,latency evidence,0.6210072,0.0,project_interpretation_not_official,Raw missing fraction includes rows for other flow types.
traffic,dns_flow_request_latency_seconds_bucket_le_0_25,float,count,dns_flow request latency histogram bucket 0_25,latency evidence,0.6210072,0.0,project_interpretation_not_official,Raw missing fraction includes rows for other flow types.
traffic,dns_flow_request_latency_seconds_bucket_le_0_5,float,count,dns_flow request latency histogram bucket 0_5,latency evidence,0.6210072,0.0,project_interpretation_not_official,Raw missing fraction includes rows for other flow types.
traffic,dns_flow_request_latency_seconds_bucket_le_1,float,count,dns_flow request latency histogram bucket 1,latency evidence,0.6210072,0.0,project_interpretation_not_official,Raw missing fraction includes rows for other flow types.
traffic,dns_flow_request_latency_seconds_bucket_le_2_5,float,count,dns_flow request latency histogram bucket 2_5,latency evidence,0.6210072,0.0,project_interpretation_not_official,Raw missing fraction includes rows for other flow types.
traffic,dns_flow_request_latency_seconds_bucket_le_5,float,count,dns_flow request latency histogram bucket 5,latency evidence,0.6210072,0.0,project_interpretation_not_official,Raw missing fraction includes rows for other flow types.
traffic,dns_flow_request_latency_seconds_bucket_le_plus_inf,float,count,dns_flow request latency histogram bucket plus_inf,latency evidence,0.6210072,0.0,project_interpretation_not_official,Raw missing fraction includes rows for other flow types.
traffic,dns_flow_request_latency_seconds_count,float,seconds,dns_flow request latency sample count,counter; derive rates,0.6210072,0.0,project_interpretation_not_official,Raw missing fraction includes rows for other flow types.
traffic,dns_flow_request_latency_seconds_sum,float,seconds,dns_flow request latency sum,counter; derive rates,0.6210072,0.0,project_interpretation_not_official,Raw missing fraction includes rows for other flow types.
traffic,dns_flow_requests_total,float,metric-specific,dns_flow cumulative requests,counter; derive rates,0.6210072,0.0,project_interpretation_not_official,Raw missing fraction includes rows for other flow types.
traffic,dns_flow_success_total,float,metric-specific,dns_flow cumulative successful requests,counter; derive rates,0.6210072,0.0,project_interpretation_not_official,Raw missing fraction includes rows for other flow types.
traffic,elephant_flow_active,float,metric-specific,elephant_flow currently active operations/flows,current load evidence,0.98504132,0.0,project_interpretation_not_official,Raw missing fraction includes rows for other flow types.
traffic,elephant_flow_active_seconds_total,float,seconds,elephant_flow cumulative active seconds,counter; derive rates,0.98504132,0.0,project_interpretation_not_official,Raw missing fraction includes rows for other flow types.
traffic,elephant_flow_batch_concurrency,float,metric-specific,elephant_flow concurrent probe batches,current load evidence,0.98504132,0.0,project_interpretation_not_official,Raw missing fraction includes rows for other flow types.
traffic,elephant_flow_batch_duration_seconds,float,seconds,elephant_flow latest/observed batch duration,latency evidence,0.98504132,0.0,project_interpretation_not_official,Raw missing fraction includes rows for other flow types.
traffic,elephant_flow_batches_completed_total,float,metric-specific,elephant_flow cumulative completed batches,counter; derive rates,0.98504132,0.0,project_interpretation_not_official,Raw missing fraction includes rows for other flow types.
traffic,elephant_flow_batches_failed_total,float,metric-specific,elephant_flow cumulative failed batches,counter; derive rates,0.98504132,0.0,project_interpretation_not_official,Raw missing fraction includes rows for other flow types.
traffic,elephant_flow_batches_started_total,float,metric-specific,elephant_flow cumulative started batches,counter; derive rates,0.98504132,0.0,project_interpretation_not_official,Raw missing fraction includes rows for other flow types.
traffic,elephant_flow_batches_timeout_total,float,metric-specific,elephant_flow cumulative timed-out batches,counter; derive rates,0.98504132,0.0,project_interpretation_not_official,Raw missing fraction includes rows for other flow types.
traffic,elephant_flow_bytes_received_total,float,metric-specific,elephant_flow cumulative received bytes,counter; derive rates,0.98504132,0.0,project_interpretation_not_official,Raw missing fraction includes rows for other flow types.
traffic,elephant_flow_bytes_sent_total,float,metric-specific,elephant_flow cumulative sent bytes,counter; derive rates,0.98504132,0.0,project_interpretation_not_official,Raw missing fraction includes rows for other flow types.
traffic,elephant_flow_duration_seconds_count,float,seconds,elephant_flow number of duration observations,counter; derive rates,0.98504132,0.0,project_interpretation_not_official,Raw missing fraction includes rows for other flow types.
traffic,elephant_flow_duration_seconds_sum,float,seconds,elephant_flow cumulative request duration,counter; derive rates,0.98504132,0.0,project_interpretation_not_official,Raw missing fraction includes rows for other flow types.
traffic,elephant_flow_error_total,float,metric-specific,elephant_flow cumulative error requests,counter; derive rates,0.98504132,0.0,project_interpretation_not_official,Raw missing fraction includes rows for other flow types.
traffic,elephant_flow_jitter_seconds,float,seconds,elephant_flow latency variation,delay evidence,0.98720642,0.14473893,project_interpretation_not_official,Raw missing fraction includes rows for other flow types.
traffic,elephant_flow_last_batch_timestamp_seconds,float,seconds,elephant_flow Unix timestamp of latest batch,timing context,0.98504132,0.0,project_interpretation_not_official,Raw missing fraction includes rows for other flow types.
traffic,elephant_flow_latency_mean_seconds,float,seconds,elephant_flow mean request latency,service latency evidence,1.0,1.0,project_interpretation_not_official,Raw missing fraction includes rows for other flow types.
traffic,elephant_flow_latency_p95_seconds,float,seconds,elephant_flow 95th percentile request latency,service latency evidence,1.0,1.0,project_interpretation_not_official,Raw missing fraction includes rows for other flow types.
traffic,elephant_flow_loss_rate,float,ratio,elephant_flow packet/flow loss ratio,loss evidence,0.98720642,0.14473893,project_interpretation_not_official,Raw missing fraction includes rows for other flow types.
traffic,elephant_flow_observed_qps,float,metric-specific,elephant_flow observed queries per second,service load evidence,1.0,1.0,project_interpretation_not_official,Raw missing fraction includes rows for other flow types.
traffic,elephant_flow_requests_total,float,metric-specific,elephant_flow cumulative requests,counter; derive rates,0.98504132,0.0,project_interpretation_not_official,Raw missing fraction includes rows for other flow types.
traffic,elephant_flow_retransmits_total,float,metric-specific,elephant_flow cumulative retransmissions,counter; derive rates,0.98504132,0.0,project_interpretation_not_official,Raw missing fraction includes rows for other flow types.
traffic,elephant_flow_success_total,float,metric-specific,elephant_flow cumulative successful requests,counter; derive rates,0.98504132,0.0,project_interpretation_not_official,Raw missing fraction includes rows for other flow types.
traffic,elephant_flow_throughput_bps,float,metric-specific,elephant_flow throughput in bits per second,network performance evidence,0.98720642,0.14473893,project_interpretation_not_official,Raw missing fraction includes rows for other flow types.
traffic,flow_type,categorical,metric-specific,DNS/Web/Auth/Elephant flow family,service context,0.0,,project_interpretation_not_official,
traffic,id,integer,metric-specific,record id,record key,0.0,,project_interpretation_not_official,
traffic,prometheus_sample_time_utc,datetime,metric-specific,underlying Prometheus sample time,audit timing,0.0,,project_interpretation_not_official,
traffic,protocol,categorical,metric-specific,application/transport protocol,flow context,0.0,,project_interpretation_not_official,
traffic,series_key,string,metric-specific,stable metric series hash,series key,0.0,,project_interpretation_not_official,
traffic,source_ip,string,metric-specific,probe source IP,flow context,0.0,,project_interpretation_not_official,
traffic,source_region,categorical,metric-specific,probe source region,join key,0.0,,project_interpretation_not_official,
traffic,target_domain,categorical,metric-specific,target service domain,service localization,0.0,,project_interpretation_not_official,
traffic,target_region,categorical,metric-specific,target service region,impact localization,0.0,,project_interpretation_not_official,
traffic,timestamp_utc,datetime,metric-specific,flow metric observation time,join key,0.0,,project_interpretation_not_official,
traffic,web_flow_active,float,metric-specific,web_flow currently active operations/flows,current load evidence,0.64356986,0.0,project_interpretation_not_official,Raw missing fraction includes rows for other flow types.
traffic,web_flow_active_seconds_total,float,seconds,web_flow cumulative active seconds,counter; derive rates,0.64356986,0.0,project_interpretation_not_official,Raw missing fraction includes rows for other flow types.
traffic,web_flow_batch_concurrency,float,metric-specific,web_flow concurrent probe batches,current load evidence,0.64356986,0.0,project_interpretation_not_official,Raw missing fraction includes rows for other flow types.
traffic,web_flow_batch_duration_seconds,float,seconds,web_flow latest/observed batch duration,latency evidence,0.64356986,0.0,project_interpretation_not_official,Raw missing fraction includes rows for other flow types.
traffic,web_flow_batches_completed_total,float,metric-specific,web_flow cumulative completed batches,counter; derive rates,0.64356986,0.0,project_interpretation_not_official,Raw missing fraction includes rows for other flow types.
traffic,web_flow_batches_failed_total,float,metric-specific,web_flow cumulative failed batches,counter; derive rates,0.64356986,0.0,project_interpretation_not_official,Raw missing fraction includes rows for other flow types.
traffic,web_flow_batches_started_total,float,metric-specific,web_flow cumulative started batches,counter; derive rates,0.64356986,0.0,project_interpretation_not_official,Raw missing fraction includes rows for other flow types.
traffic,web_flow_batches_timeout_total,float,metric-specific,web_flow cumulative timed-out batches,counter; derive rates,0.64356986,0.0,project_interpretation_not_official,Raw missing fraction includes rows for other flow types.
traffic,web_flow_bytes_received_total,float,metric-specific,web_flow cumulative received bytes,counter; derive rates,0.64356986,0.0,project_interpretation_not_official,Raw missing fraction includes rows for other flow types.
traffic,web_flow_bytes_sent_total,float,metric-specific,web_flow cumulative sent bytes,counter; derive rates,0.64356986,0.0,project_interpretation_not_official,Raw missing fraction includes rows for other flow types.
traffic,web_flow_duration_seconds_count,float,seconds,web_flow number of duration observations,counter; derive rates,0.64356986,0.0,project_interpretation_not_official,Raw missing fraction includes rows for other flow types.
traffic,web_flow_duration_seconds_sum,float,seconds,web_flow cumulative request duration,counter; derive rates,0.64356986,0.0,project_interpretation_not_official,Raw missing fraction includes rows for other flow types.
traffic,web_flow_error_total,float,metric-specific,web_flow cumulative error requests,counter; derive rates,0.64356986,0.0,project_interpretation_not_official,Raw missing fraction includes rows for other flow types.
traffic,web_flow_last_batch_timestamp_seconds,float,seconds,web_flow Unix timestamp of latest batch,timing context,0.64356986,0.0,project_interpretation_not_official,Raw missing fraction includes rows for other flow types.
traffic,web_flow_latency_mean_seconds,float,seconds,web_flow mean request latency,service latency evidence,0.64356986,0.0,project_interpretation_not_official,Raw missing fraction includes rows for other flow types.
traffic,web_flow_latency_p95_seconds,float,seconds,web_flow 95th percentile request latency,service latency evidence,0.64356986,0.0,project_interpretation_not_official,Raw missing fraction includes rows for other flow types.
traffic,web_flow_observed_qps,float,metric-specific,web_flow observed queries per second,service load evidence,0.64356986,0.0,project_interpretation_not_official,Raw missing fraction includes rows for other flow types.
traffic,web_flow_request_latency_seconds_bucket_le_0_01,float,count,web_flow request latency histogram bucket 0_01,latency evidence,0.64356986,0.0,project_interpretation_not_official,Raw missing fraction includes rows for other flow types.
traffic,web_flow_request_latency_seconds_bucket_le_0_025,float,count,web_flow request latency histogram bucket 0_025,latency evidence,0.64356986,0.0,project_interpretation_not_official,Raw missing fraction includes rows for other flow types.
traffic,web_flow_request_latency_seconds_bucket_le_0_05,float,count,web_flow request latency histogram bucket 0_05,latency evidence,0.64356986,0.0,project_interpretation_not_official,Raw missing fraction includes rows for other flow types.
traffic,web_flow_request_latency_seconds_bucket_le_0_1,float,count,web_flow request latency histogram bucket 0_1,latency evidence,0.64356986,0.0,project_interpretation_not_official,Raw missing fraction includes rows for other flow types.
traffic,web_flow_request_latency_seconds_bucket_le_0_25,float,count,web_flow request latency histogram bucket 0_25,latency evidence,0.64356986,0.0,project_interpretation_not_official,Raw missing fraction includes rows for other flow types.
traffic,web_flow_request_latency_seconds_bucket_le_0_5,float,count,web_flow request latency histogram bucket 0_5,latency evidence,0.64356986,0.0,project_interpretation_not_official,Raw missing fraction includes rows for other flow types.
traffic,web_flow_request_latency_seconds_bucket_le_1,float,count,web_flow request latency histogram bucket 1,latency evidence,0.64356986,0.0,project_interpretation_not_official,Raw missing fraction includes rows for other flow types.
traffic,web_flow_request_latency_seconds_bucket_le_2_5,float,count,web_flow request latency histogram bucket 2_5,latency evidence,0.64356986,0.0,project_interpretation_not_official,Raw missing fraction includes rows for other flow types.
traffic,web_flow_request_latency_seconds_bucket_le_5,float,count,web_flow request latency histogram bucket 5,latency evidence,0.64356986,0.0,project_interpretation_not_official,Raw missing fraction includes rows for other flow types.
traffic,web_flow_request_latency_seconds_bucket_le_plus_inf,float,count,web_flow request latency histogram bucket plus_inf,latency evidence,0.64356986,0.0,project_interpretation_not_official,Raw missing fraction includes rows for other flow types.
traffic,web_flow_request_latency_seconds_count,float,seconds,web_flow request latency sample count,counter; derive rates,0.64356986,0.0,project_interpretation_not_official,Raw missing fraction includes rows for other flow types.
traffic,web_flow_request_latency_seconds_sum,float,seconds,web_flow request latency sum,counter; derive rates,0.64356986,0.0,project_interpretation_not_official,Raw missing fraction includes rows for other flow types.
traffic,web_flow_requests_total,float,metric-specific,web_flow cumulative requests,counter; derive rates,0.64356986,0.0,project_interpretation_not_official,Raw missing fraction includes rows for other flow types.
traffic,web_flow_success_total,float,metric-specific,web_flow cumulative successful requests,counter; derive rates,0.64356986,0.0,project_interpretation_not_official,Raw missing fraction includes rows for other flow types.
netflow,bytes,integer,bytes/minute,byte count in minute,traffic evidence,0.0,,project_interpretation_not_official,
netflow,collector_port,integer,port,flow collector port,collector context,0.0,,project_interpretation_not_official,
netflow,dst_addr,string,IP address,flow destination address,five-tuple key,0.0,,project_interpretation_not_official,
netflow,dst_port,integer,port,flow destination port,five-tuple key,0.0,,project_interpretation_not_official,
netflow,first_seen,datetime,UTC,first packet/event time in bucket,flow timing,0.0,,project_interpretation_not_official,
netflow,flow_record_count,integer,records,underlying flow record count,aggregation context,0.0,,project_interpretation_not_official,
netflow,if_role,categorical,role label,interface function when available,link context,1.0,,project_interpretation_not_official,"All 465,667,376 current raw rows have a missing if_role."
netflow,interface_id,categorical,interface id,flow-observing interface,link context,0.0,,project_interpretation_not_official,
netflow,last_seen,datetime,UTC,last packet/event time in bucket,flow timing,0.0,,project_interpretation_not_official,
netflow,minute_utc,datetime,UTC minute,flow aggregation minute,join key,0.0,,project_interpretation_not_official,
netflow,node,string,node label,flow-observing node,root-cause entity,0.0,,project_interpretation_not_official,
netflow,node_key,categorical,collector node key,compact node identifier,entity mapping,0.0,,project_interpretation_not_official,
netflow,node_type,categorical,role family,flow-observing node role,candidate context,0.0,,project_interpretation_not_official,
netflow,packets,integer,packets/minute,packet count in minute,traffic evidence,0.0,,project_interpretation_not_official,
netflow,protocol,integer,IP protocol number,transport/network protocol number,flow context,0.0,,project_interpretation_not_official,
netflow,region,categorical,city label,source collection region,join key,0.0,,project_interpretation_not_official,
netflow,region_code,categorical,city alias,source collection region code,join key,0.0,,project_interpretation_not_official,
netflow,src_addr,string,IP address,flow source address,five-tuple key,0.0,,project_interpretation_not_official,
netflow,src_port,integer,port,flow source port,five-tuple key,0.0,,project_interpretation_not_official,
frr,event_time,datetime,UTC,event occurrence time,join key,0.0,,project_interpretation_not_official,
frr,event_time_raw,datetime,UTC,raw event timestamp,audit field,0.0,,project_interpretation_not_official,
frr,facility,categorical,syslog facility,syslog facility,log context,0.0,,project_interpretation_not_official,
frr,hostname,string,hostname,emitting network element,root-cause entity,0.0,,project_interpretation_not_official,
frr,id,integer,event id,event record id,record key,0.0,,project_interpretation_not_official,
frr,inserted_at,datetime,UTC,database insertion time,audit field,0.0,,project_interpretation_not_official,
frr,message,string,free text,event message,routing evidence,0.0,,project_interpretation_not_official,
frr,pid,integer,process id,daemon process id,log context,0.0,,project_interpretation_not_official,
frr,program,categorical,process,FRR daemon name,routing signature,0.0,,project_interpretation_not_official,
frr,received_at,datetime,UTC,collector receive time,transport timing,0.0,,project_interpretation_not_official,
frr,received_at_raw,datetime,UTC,raw collector timestamp,audit field,0.0,,project_interpretation_not_official,
frr,region,categorical,city alias,log region,join key,0.0,,project_interpretation_not_official,
frr,severity,categorical,level,log severity name,event weight,0.0,,project_interpretation_not_official,
frr,severity_code,integer,syslog code,numeric severity code,event weight,0.0,,project_interpretation_not_official,
frr,source_ip,string,IP address,syslog sender,entity context,0.0,,project_interpretation_not_official,
