city,source,path,size_bytes,rows_in_build_audit,first_timestamp,last_timestamp,bad_rows,invalid_numeric_values,unmapped_entities,out_of_order_rows,header_sha256
beida,node,data/stage1/regions/beida_20260819040000_20260902040000/beida_20260819040000_20260902040000_data/node_metrics_20260819040000_20260902040000.csv,38800944,181417,2026-08-19T04:00:00Z,2026-09-02T03:59:00Z,0,0,0,0,af0cb71d5d3eebf0c5b63ec6f4ce80b768f6b48a16127bffb4af84846491fd78
beida,interface,data/stage1/regions/beida_20260819040000_20260902040000/beida_20260819040000_20260902040000_data/interface_metrics_20260819040000_20260902040000.csv,121195314,1209400,2026-08-19T04:00:00Z,2026-09-02T03:59:00Z,0,0,0,0,b3929fa98b49f4d85f33f3fb3dc2a34c9c75f7c53c4adc24a1820d161a8f25d5
beida,routing,data/stage1/regions/beida_20260819040000_20260902040000/beida_20260819040000_20260902040000_data/routing_metrics_20260819040000_20260902040000.csv,669625648,5442058,2026-08-19T04:00:00Z,2026-09-02T03:59:00Z,0,0,0,0,55fa4ad2550cc74b073b348fb0e18bd1c2389c5750575f00a091ec441a99ac32
beida,scrape,data/stage1/regions/beida_20260819040000_20260902040000/beida_20260819040000_20260902040000_data/scrape_health_20260819040000_20260902040000.csv,27206256,262067,2026-08-19T04:00:00Z,2026-09-02T03:59:00Z,0,0,0,0,38ee3962371ba1ff3f22ff37df38696c8ade7f3e9c946debd67fc530ea0c1d75
beida,traffic,data/stage1/regions/beida_20260819040000_20260902040000/beida_20260819040000_20260902040000_data/traffic_flow_metrics.csv,38653580,52631,2026-08-19T04:00:00Z,2026-09-02T03:59:00Z,0,0,0,0,ac3e9d4d9cfcc81395fb9530e136645061bb0e2f0d8c1fdbe80ea3d3e8769243
beida,netflow,data/stage1/regions/beida_20260819040000_20260902040000/beida_20260819040000_20260902040000_data/netflow_5tuple_minute_readable.csv,22553679911,109490525,2026-08-19T04:00:00Z,2026-09-02T03:59:00Z,0,0,0,0,244d17e2555709c2131f7d8cc916e583d9d8f3a4bc496dc350e5513dd0c33141
beida,frr,data/stage1/regions/beida_20260819040000_20260902040000/beida_20260819040000_20260902040000_data/frr_syslog_events_20260819040000_20260902040000.csv,82739,310,2026-08-21T03:17:51Z,2026-09-01T18:00:14Z,0,0,0,0,b35969ca5e1c9c4b718b4bbf0a2355358b8f12b7dab8bafb54cb512aea92d429
chengdu,node,data/stage1/regions/chengdu_20260819040000_20260902040000/chengdu_20260819040000_20260902040000_data/node_metrics_20260819040000_20260902040000.csv,38588545,181291,2026-08-19T04:00:00Z,2026-09-02T03:59:00Z,0,0,0,0,af0cb71d5d3eebf0c5b63ec6f4ce80b768f6b48a16127bffb4af84846491fd78
chengdu,interface,data/stage1/regions/chengdu_20260819040000_20260902040000/chengdu_20260819040000_20260902040000_data/interface_metrics_20260819040000_20260902040000.csv,119993948,1208480,2026-08-19T04:00:00Z,2026-09-02T03:59:00Z,0,0,0,0,b3929fa98b49f4d85f33f3fb3dc2a34c9c75f7c53c4adc24a1820d161a8f25d5
chengdu,routing,data/stage1/regions/chengdu_20260819040000_20260902040000/chengdu_20260819040000_20260902040000_data/routing_metrics_20260819040000_20260902040000.csv,626380342,5116507,2026-08-19T04:00:00Z,2026-09-02T03:59:00Z,0,0,0,0,55fa4ad2550cc74b073b348fb0e18bd1c2389c5750575f00a091ec441a99ac32
chengdu,scrape,data/stage1/regions/chengdu_20260819040000_20260902040000/chengdu_20260819040000_20260902040000_data/scrape_health_20260819040000_20260902040000.csv,27190221,261911,2026-08-19T04:00:00Z,2026-09-02T03:59:00Z,0,0,0,0,38ee3962371ba1ff3f22ff37df38696c8ade7f3e9c946debd67fc530ea0c1d75
chengdu,traffic,data/stage1/regions/chengdu_20260819040000_20260902040000/chengdu_20260819040000_20260902040000_data/traffic_flow_metrics.csv,38346065,52488,2026-08-19T04:00:00Z,2026-09-02T03:59:00Z,0,0,0,0,ac3e9d4d9cfcc81395fb9530e136645061bb0e2f0d8c1fdbe80ea3d3e8769243
chengdu,netflow,data/stage1/regions/chengdu_20260819040000_20260902040000/chengdu_20260819040000_20260902040000_data/netflow_5tuple_minute_readable.csv,6824312705,32956265,2026-08-19T04:00:00Z,2026-09-02T03:59:00Z,0,0,0,0,244d17e2555709c2131f7d8cc916e583d9d8f3a4bc496dc350e5513dd0c33141
chengdu,frr,data/stage1/regions/chengdu_20260819040000_20260902040000/chengdu_20260819040000_20260902040000_data/frr_syslog_events_20260819040000_20260902040000.csv,116362,432,2026-08-19T04:57:08Z,2026-09-01T16:57:08Z,0,0,0,0,b35969ca5e1c9c4b718b4bbf0a2355358b8f12b7dab8bafb54cb512aea92d429
guangzhou,node,data/stage1/regions/guangzhou_20260819040000_20260902040000/guangzhou_20260819040000_20260902040000_data/node_metrics_20260819040000_20260902040000.csv,38601065,181414,2026-08-19T04:00:00Z,2026-09-02T03:59:00Z,0,0,0,0,af0cb71d5d3eebf0c5b63ec6f4ce80b768f6b48a16127bffb4af84846491fd78
guangzhou,interface,data/stage1/regions/guangzhou_20260819040000_20260902040000/guangzhou_20260819040000_20260902040000_data/interface_metrics_20260819040000_20260902040000.csv,121555335,1209320,2026-08-19T04:00:00Z,2026-09-02T03:59:00Z,0,0,0,0,b3929fa98b49f4d85f33f3fb3dc2a34c9c75f7c53c4adc24a1820d161a8f25d5
guangzhou,routing,data/stage1/regions/guangzhou_20260819040000_20260902040000/guangzhou_20260819040000_20260902040000_data/routing_metrics_20260819040000_20260902040000.csv,605388039,5014277,2026-08-19T04:00:00Z,2026-09-02T03:59:00Z,0,0,0,0,55fa4ad2550cc74b073b348fb0e18bd1c2389c5750575f00a091ec441a99ac32
guangzhou,scrape,data/stage1/regions/guangzhou_20260819040000_20260902040000/guangzhou_20260819040000_20260902040000_data/scrape_health_20260819040000_20260902040000.csv,27207242,262080,2026-08-19T04:00:00Z,2026-09-02T03:59:00Z,0,0,0,0,38ee3962371ba1ff3f22ff37df38696c8ade7f3e9c946debd67fc530ea0c1d75
guangzhou,traffic,data/stage1/regions/guangzhou_20260819040000_20260902040000/guangzhou_20260819040000_20260902040000_data/traffic_flow_metrics.csv,38670107,52723,2026-08-19T04:00:00Z,2026-09-02T03:59:00Z,0,0,0,0,ac3e9d4d9cfcc81395fb9530e136645061bb0e2f0d8c1fdbe80ea3d3e8769243
guangzhou,netflow,data/stage1/regions/guangzhou_20260819040000_20260902040000/guangzhou_20260819040000_20260902040000_data/netflow_5tuple_minute_readable.csv,7067156937,33812982,2026-08-19T04:00:00Z,2026-09-02T03:59:00Z,0,0,0,0,244d17e2555709c2131f7d8cc916e583d9d8f3a4bc496dc350e5513dd0c33141
guangzhou,frr,data/stage1/regions/guangzhou_20260819040000_20260902040000/guangzhou_20260819040000_20260902040000_data/frr_syslog_events_20260819040000_20260902040000.csv,121666,444,2026-08-19T08:27:08Z,2026-09-01T10:48:33Z,0,0,0,0,b35969ca5e1c9c4b718b4bbf0a2355358b8f12b7dab8bafb54cb512aea92d429
nanjing,node,data/stage1/regions/nanjing_20260819040000_20260902040000/nanjing_20260819040000_20260902040000_data/node_metrics_20260819040000_20260902040000.csv,38567235,181424,2026-08-19T04:00:00Z,2026-09-02T03:59:00Z,0,0,0,0,af0cb71d5d3eebf0c5b63ec6f4ce80b768f6b48a16127bffb4af84846491fd78
nanjing,interface,data/stage1/regions/nanjing_20260819040000_20260902040000/nanjing_20260819040000_20260902040000_data/interface_metrics_20260819040000_20260902040000.csv,124266605,1249740,2026-08-19T04:00:00Z,2026-09-02T03:59:00Z,0,0,0,0,b3929fa98b49f4d85f33f3fb3dc2a34c9c75f7c53c4adc24a1820d161a8f25d5
nanjing,routing,data/stage1/regions/nanjing_20260819040000_20260902040000/nanjing_20260819040000_20260902040000_data/routing_metrics_20260819040000_20260902040000.csv,628789374,5139599,2026-08-19T04:00:00Z,2026-09-02T03:59:00Z,0,0,0,0,55fa4ad2550cc74b073b348fb0e18bd1c2389c5750575f00a091ec441a99ac32
nanjing,scrape,data/stage1/regions/nanjing_20260819040000_20260902040000/nanjing_20260819040000_20260902040000_data/scrape_health_20260819040000_20260902040000.csv,27207486,262080,2026-08-19T04:00:00Z,2026-09-02T03:59:00Z,0,0,0,0,38ee3962371ba1ff3f22ff37df38696c8ade7f3e9c946debd67fc530ea0c1d75
nanjing,traffic,data/stage1/regions/nanjing_20260819040000_20260902040000/nanjing_20260819040000_20260902040000_data/traffic_flow_metrics.csv,38724302,52565,2026-08-19T04:00:00Z,2026-09-02T03:59:00Z,0,0,0,0,ac3e9d4d9cfcc81395fb9530e136645061bb0e2f0d8c1fdbe80ea3d3e8769243
nanjing,netflow,data/stage1/regions/nanjing_20260819040000_20260902040000/nanjing_20260819040000_20260902040000_data/netflow_5tuple_minute_readable.csv,7139077043,34484309,2026-08-19T04:00:00Z,2026-09-02T03:59:00Z,0,0,0,0,244d17e2555709c2131f7d8cc916e583d9d8f3a4bc496dc350e5513dd0c33141
nanjing,frr,data/stage1/regions/nanjing_20260819040000_20260902040000/nanjing_20260819040000_20260902040000_data/frr_syslog_events_20260819040000_20260902040000.csv,131561,487,2026-08-23T10:57:07Z,2026-09-02T00:27:08Z,0,0,0,0,b35969ca5e1c9c4b718b4bbf0a2355358b8f12b7dab8bafb54cb512aea92d429
shanghai,node,data/stage1/regions/shanghai_20260819040000_20260902040000/shanghai_20260819040000_20260902040000_data/node_metrics_20260819040000_20260902040000.csv,38895792,181336,2026-08-19T04:00:00Z,2026-09-02T03:59:00Z,0,0,0,0,af0cb71d5d3eebf0c5b63ec6f4ce80b768f6b48a16127bffb4af84846491fd78
shanghai,interface,data/stage1/regions/shanghai_20260819040000_20260902040000/shanghai_20260819040000_20260902040000_data/interface_metrics_20260819040000_20260902040000.csv,120892179,1208510,2026-08-19T04:00:00Z,2026-09-02T03:59:00Z,0,0,0,0,b3929fa98b49f4d85f33f3fb3dc2a34c9c75f7c53c4adc24a1820d161a8f25d5
shanghai,routing,data/stage1/regions/shanghai_20260819040000_20260902040000/shanghai_20260819040000_20260902040000_data/routing_metrics_20260819040000_20260902040000.csv,659981311,5435086,2026-08-19T04:00:00Z,2026-09-02T03:59:00Z,0,0,0,0,55fa4ad2550cc74b073b348fb0e18bd1c2389c5750575f00a091ec441a99ac32
shanghai,scrape,data/stage1/regions/shanghai_20260819040000_20260902040000/shanghai_20260819040000_20260902040000_data/scrape_health_20260819040000_20260902040000.csv,27208651,262080,2026-08-19T04:00:00Z,2026-09-02T03:59:00Z,0,0,0,0,38ee3962371ba1ff3f22ff37df38696c8ade7f3e9c946debd67fc530ea0c1d75
shanghai,traffic,data/stage1/regions/shanghai_20260819040000_20260902040000/shanghai_20260819040000_20260902040000_data/traffic_flow_metrics.csv,39044228,52754,2026-08-19T04:00:00Z,2026-09-02T03:59:00Z,0,0,0,0,ac3e9d4d9cfcc81395fb9530e136645061bb0e2f0d8c1fdbe80ea3d3e8769243
shanghai,netflow,data/stage1/regions/shanghai_20260819040000_20260902040000/shanghai_20260819040000_20260902040000_data/netflow_5tuple_minute_readable.csv,25214032200,121624072,2026-08-19T04:00:00Z,2026-09-02T03:59:00Z,0,0,0,0,244d17e2555709c2131f7d8cc916e583d9d8f3a4bc496dc350e5513dd0c33141
shanghai,frr,data/stage1/regions/shanghai_20260819040000_20260902040000/shanghai_20260819040000_20260902040000_data/frr_syslog_events_20260819040000_20260902040000.csv,153466,566,2026-08-19T06:45:48Z,2026-09-01T23:43:21Z,0,0,0,0,b35969ca5e1c9c4b718b4bbf0a2355358b8f12b7dab8bafb54cb512aea92d429
shenyang,node,data/stage1/regions/shenyang_20260819040000_20260902040000/shenyang_20260819040000_20260902040000_data/node_metrics_20260819040000_20260902040000.csv,36556492,181372,2026-08-19T04:00:00Z,2026-09-02T03:59:00Z,0,0,0,0,af0cb71d5d3eebf0c5b63ec6f4ce80b768f6b48a16127bffb4af84846491fd78
shenyang,interface,data/stage1/regions/shenyang_20260819040000_20260902040000/shenyang_20260819040000_20260902040000_data/interface_metrics_20260819040000_20260902040000.csv,120491650,1209076,2026-08-19T04:00:00Z,2026-09-02T03:59:00Z,0,0,0,0,b3929fa98b49f4d85f33f3fb3dc2a34c9c75f7c53c4adc24a1820d161a8f25d5
shenyang,routing,data/stage1/regions/shenyang_20260819040000_20260902040000/shenyang_20260819040000_20260902040000_data/routing_metrics_20260819040000_20260902040000.csv,634513912,5158214,2026-08-19T04:00:00Z,2026-09-02T03:59:00Z,0,0,0,0,55fa4ad2550cc74b073b348fb0e18bd1c2389c5750575f00a091ec441a99ac32
shenyang,scrape,data/stage1/regions/shenyang_20260819040000_20260902040000/shenyang_20260819040000_20260902040000_data/scrape_health_20260819040000_20260902040000.csv,27207865,262080,2026-08-19T04:00:00Z,2026-09-02T03:59:00Z,0,0,0,0,38ee3962371ba1ff3f22ff37df38696c8ade7f3e9c946debd67fc530ea0c1d75
shenyang,traffic,data/stage1/regions/shenyang_20260819040000_20260902040000/shenyang_20260819040000_20260902040000_data/traffic_flow_metrics.csv,38627468,52686,2026-08-19T04:00:00Z,2026-09-02T03:59:00Z,0,0,0,0,ac3e9d4d9cfcc81395fb9530e136645061bb0e2f0d8c1fdbe80ea3d3e8769243
shenyang,netflow,data/stage1/regions/shenyang_20260819040000_20260902040000/shenyang_20260819040000_20260902040000_data/netflow_5tuple_minute_readable.csv,7210117570,34595845,2026-08-19T04:00:00Z,2026-09-02T03:59:00Z,0,0,0,0,244d17e2555709c2131f7d8cc916e583d9d8f3a4bc496dc350e5513dd0c33141
shenyang,frr,data/stage1/regions/shenyang_20260819040000_20260902040000/shenyang_20260819040000_20260902040000_data/frr_syslog_events_20260819040000_20260902040000.csv,90825,334,2026-08-27T12:38:52Z,2026-08-31T01:02:42Z,0,0,0,0,b35969ca5e1c9c4b718b4bbf0a2355358b8f12b7dab8bafb54cb512aea92d429
wuhan,node,data/stage1/regions/wuhan_20260819040000_20260902040000/wuhan_20260819040000_20260902040000_data/node_metrics_20260819040000_20260902040000.csv,38818620,181364,2026-08-19T04:00:00Z,2026-09-02T03:59:00Z,0,0,0,0,af0cb71d5d3eebf0c5b63ec6f4ce80b768f6b48a16127bffb4af84846491fd78
wuhan,interface,data/stage1/regions/wuhan_20260819040000_20260902040000/wuhan_20260819040000_20260902040000_data/interface_metrics_20260819040000_20260902040000.csv,120628404,1208840,2026-08-19T04:00:00Z,2026-09-02T03:59:00Z,0,0,0,0,b3929fa98b49f4d85f33f3fb3dc2a34c9c75f7c53c4adc24a1820d161a8f25d5
wuhan,routing,data/stage1/regions/wuhan_20260819040000_20260902040000/wuhan_20260819040000_20260902040000_data/routing_metrics_20260819040000_20260902040000.csv,715566253,5759720,2026-08-19T04:00:00Z,2026-09-02T03:59:00Z,0,0,0,0,55fa4ad2550cc74b073b348fb0e18bd1c2389c5750575f00a091ec441a99ac32
wuhan,scrape,data/stage1/regions/wuhan_20260819040000_20260902040000/wuhan_20260819040000_20260902040000_data/scrape_health_20260819040000_20260902040000.csv,27205548,262080,2026-08-19T04:00:00Z,2026-09-02T03:59:00Z,0,0,0,0,38ee3962371ba1ff3f22ff37df38696c8ade7f3e9c946debd67fc530ea0c1d75
wuhan,traffic,data/stage1/regions/wuhan_20260819040000_20260902040000/wuhan_20260819040000_20260902040000_data/traffic_flow_metrics.csv,38842092,52706,2026-08-19T04:00:00Z,2026-09-02T03:59:00Z,0,0,0,0,ac3e9d4d9cfcc81395fb9530e136645061bb0e2f0d8c1fdbe80ea3d3e8769243
wuhan,netflow,data/stage1/regions/wuhan_20260819040000_20260902040000/wuhan_20260819040000_20260902040000_data/netflow_5tuple_minute_readable.csv,12951174764,63067603,2026-08-19T04:00:00Z,2026-09-02T03:59:00Z,0,0,0,0,244d17e2555709c2131f7d8cc916e583d9d8f3a4bc496dc350e5513dd0c33141
wuhan,frr,data/stage1/regions/wuhan_20260819040000_20260902040000/wuhan_20260819040000_20260902040000_data/frr_syslog_events_20260819040000_20260902040000.csv,218452,817,2026-08-20T01:12:00Z,2026-09-01T16:12:11Z,0,0,0,0,b35969ca5e1c9c4b718b4bbf0a2355358b8f12b7dab8bafb54cb512aea92d429
xian,node,data/stage1/regions/xian_20260819040000_20260902040000/xian_20260819040000_20260902040000_data/node_metrics_20260819040000_20260902040000.csv,38496326,181352,2026-08-19T04:00:00Z,2026-09-02T03:59:00Z,0,0,0,0,af0cb71d5d3eebf0c5b63ec6f4ce80b768f6b48a16127bffb4af84846491fd78
xian,interface,data/stage1/regions/xian_20260819040000_20260902040000/xian_20260819040000_20260902040000_data/interface_metrics_20260819040000_20260902040000.csv,120933407,1208720,2026-08-19T04:00:00Z,2026-09-02T03:59:00Z,0,0,0,0,b3929fa98b49f4d85f33f3fb3dc2a34c9c75f7c53c4adc24a1820d161a8f25d5
xian,routing,data/stage1/regions/xian_20260819040000_20260902040000/xian_20260819040000_20260902040000_data/routing_metrics_20260819040000_20260902040000.csv,615324172,5074510,2026-08-19T04:00:00Z,2026-09-02T03:59:00Z,0,0,0,0,55fa4ad2550cc74b073b348fb0e18bd1c2389c5750575f00a091ec441a99ac32
xian,scrape,data/stage1/regions/xian_20260819040000_20260902040000/xian_20260819040000_20260902040000_data/scrape_health_20260819040000_20260902040000.csv,27208367,262080,2026-08-19T04:00:00Z,2026-09-02T03:59:00Z,0,0,0,0,38ee3962371ba1ff3f22ff37df38696c8ade7f3e9c946debd67fc530ea0c1d75
xian,traffic,data/stage1/regions/xian_20260819040000_20260902040000/xian_20260819040000_20260902040000_data/traffic_flow_metrics.csv,38374463,52674,2026-08-19T04:00:00Z,2026-09-02T03:59:00Z,0,0,0,0,ac3e9d4d9cfcc81395fb9530e136645061bb0e2f0d8c1fdbe80ea3d3e8769243
xian,netflow,data/stage1/regions/xian_20260819040000_20260902040000/xian_20260819040000_20260902040000_data/netflow_5tuple_minute_readable.csv,7269297257,35635775,2026-08-19T04:00:00Z,2026-09-02T03:59:00Z,0,0,0,0,244d17e2555709c2131f7d8cc916e583d9d8f3a4bc496dc350e5513dd0c33141
xian,frr,data/stage1/regions/xian_20260819040000_20260902040000/xian_20260819040000_20260902040000_data/frr_syslog_events_20260819040000_20260902040000.csv,25439,91,2026-08-19T10:27:08Z,2026-09-01T22:57:08Z,0,0,0,0,b35969ca5e1c9c4b718b4bbf0a2355358b8f12b7dab8bafb54cb512aea92d429
