city,node_id,interface_id,if_roles,metric_count,netflow_edge_present,verified_peer_node_id,verified_peer_interface_id,valid_from,valid_to,mapping_evidence
beida,beida-br-1,ens10,,9,False,,,,,
beida,beida-br-1,ens11,,9,False,,,,,
beida,beida-br-1,ens12,,9,False,,,,,
beida,beida-br-1,ens3,,9,False,,,,,
beida,beida-br-1,ens4,backbone,9,True,,,,,
beida,beida-br-1,ens5,backbone,9,True,,,,,
beida,beida-br-1,ens6,,9,False,,,,,
beida,beida-br-1,ens7,,9,False,,,,,
beida,beida-br-1,ens8,,9,False,,,,,
beida,beida-br-1,ens9,,9,False,,,,,
beida,beida-br-2,ens10,,9,False,,,,,
beida,beida-br-2,ens11,,9,False,,,,,
beida,beida-br-2,ens12,,9,False,,,,,
beida,beida-br-2,ens3,,9,False,,,,,
beida,beida-br-2,ens4,backbone,9,True,,,,,
beida,beida-br-2,ens5,backbone,9,True,,,,,
beida,beida-br-2,ens6,,9,False,,,,,
beida,beida-br-2,ens7,,9,False,,,,,
beida,beida-br-2,ens8,,9,False,,,,,
beida,beida-br-2,ens9,,9,False,,,,,
beida,beida-cr-1,ens10,,9,False,,,,,
beida,beida-cr-1,ens11,,9,False,,,,,
beida,beida-cr-1,ens12,,9,False,,,,,
beida,beida-cr-1,ens3,,9,False,,,,,
beida,beida-cr-1,ens4,backbone,9,True,,,,,
beida,beida-cr-1,ens5,backbone,9,True,,,,,
beida,beida-cr-1,ens6,,9,False,,,,,
beida,beida-cr-1,ens7,,9,False,,,,,
beida,beida-cr-1,ens8,,9,False,,,,,
beida,beida-cr-1,ens9,,9,False,,,,,
beida,beida-cr-2,ens10,,9,False,,,,,
beida,beida-cr-2,ens11,,9,False,,,,,
beida,beida-cr-2,ens12,,9,False,,,,,
beida,beida-cr-2,ens3,,9,False,,,,,
beida,beida-cr-2,ens4,backbone,9,True,,,,,
beida,beida-cr-2,ens5,backbone,9,True,,,,,
beida,beida-cr-2,ens6,,9,False,,,,,
beida,beida-cr-2,ens7,,9,False,,,,,
beida,beida-cr-2,ens8,,9,False,,,,,
beida,beida-cr-2,ens9,,9,False,,,,,
beida,beida-fw,ens3,,9,False,,,,,
beida,beida-fw,ens4,backbone,9,False,,,,,
beida,beida-fw,ens5,business,9,False,,,,,
beida,beida-fw,ens6,,9,False,,,,,
beida,beida-service-vm-1,ens3,,9,False,,,,,
beida,beida-service-vm-1,ens4,service,9,False,,,,,
beida,beida-service-vm-1,ens5,,9,False,,,,,
beida,beida-service-vm-1,ens6,,9,False,,,,,
beida,beida-service-vm-2,ens3,,9,False,,,,,
beida,beida-service-vm-2,ens4,service,9,False,,,,,
beida,beida-service-vm-2,ens5,,9,False,,,,,
beida,beida-service-vm-2,ens6,,9,False,,,,,
beida,beida-service-vm-3,ens3,,9,False,,,,,
beida,beida-service-vm-3,ens4,service,9,False,,,,,
beida,beida-service-vm-3,ens5,,9,False,,,,,
beida,beida-service-vm-3,ens6,,9,False,,,,,
beida,beida-traffic-vm,ens3,,9,False,,,,,
beida,beida-traffic-vm,ens4,business,9,False,,,,,
beida,beida-traffic-vm,ens5,,9,False,,,,,
beida,beida-traffic-vm,ens6,,9,False,,,,,
chengdu,chengdu-br-1,ens10,,9,False,,,,,
chengdu,chengdu-br-1,ens11,,9,False,,,,,
chengdu,chengdu-br-1,ens12,,9,False,,,,,
chengdu,chengdu-br-1,ens3,,9,False,,,,,
chengdu,chengdu-br-1,ens4,backbone,9,True,,,,,
chengdu,chengdu-br-1,ens5,backbone,9,True,,,,,
chengdu,chengdu-br-1,ens6,,9,False,,,,,
chengdu,chengdu-br-1,ens7,,9,False,,,,,
chengdu,chengdu-br-1,ens8,,9,False,,,,,
chengdu,chengdu-br-1,ens9,,9,False,,,,,
chengdu,chengdu-br-2,ens10,,9,False,,,,,
chengdu,chengdu-br-2,ens11,,9,False,,,,,
chengdu,chengdu-br-2,ens12,,9,False,,,,,
chengdu,chengdu-br-2,ens3,,9,False,,,,,
chengdu,chengdu-br-2,ens4,backbone,9,True,,,,,
chengdu,chengdu-br-2,ens5,backbone,9,True,,,,,
chengdu,chengdu-br-2,ens6,,9,False,,,,,
chengdu,chengdu-br-2,ens7,,9,False,,,,,
chengdu,chengdu-br-2,ens8,,9,False,,,,,
chengdu,chengdu-br-2,ens9,,9,False,,,,,
chengdu,chengdu-cr-1,ens10,,9,False,,,,,
chengdu,chengdu-cr-1,ens11,,9,False,,,,,
chengdu,chengdu-cr-1,ens12,,9,False,,,,,
chengdu,chengdu-cr-1,ens3,,9,False,,,,,
chengdu,chengdu-cr-1,ens4,backbone,9,True,,,,,
chengdu,chengdu-cr-1,ens5,backbone,9,True,,,,,
chengdu,chengdu-cr-1,ens6,,9,False,,,,,
chengdu,chengdu-cr-1,ens7,,9,False,,,,,
chengdu,chengdu-cr-1,ens8,,9,False,,,,,
chengdu,chengdu-cr-1,ens9,,9,False,,,,,
chengdu,chengdu-cr-2,ens10,,9,False,,,,,
chengdu,chengdu-cr-2,ens11,,9,False,,,,,
chengdu,chengdu-cr-2,ens12,,9,False,,,,,
chengdu,chengdu-cr-2,ens3,,9,False,,,,,
chengdu,chengdu-cr-2,ens4,backbone,9,True,,,,,
chengdu,chengdu-cr-2,ens5,backbone,9,True,,,,,
chengdu,chengdu-cr-2,ens6,,9,False,,,,,
chengdu,chengdu-cr-2,ens7,,9,False,,,,,
chengdu,chengdu-cr-2,ens8,,9,False,,,,,
chengdu,chengdu-cr-2,ens9,,9,False,,,,,
chengdu,chengdu-fw,ens3,,9,False,,,,,
chengdu,chengdu-fw,ens4,backbone,9,False,,,,,
chengdu,chengdu-fw,ens5,business,9,False,,,,,
chengdu,chengdu-fw,ens6,,9,False,,,,,
chengdu,chengdu-service-vm-1,ens3,,9,False,,,,,
chengdu,chengdu-service-vm-1,ens4,service,9,False,,,,,
chengdu,chengdu-service-vm-1,ens5,,9,False,,,,,
chengdu,chengdu-service-vm-1,ens6,,9,False,,,,,
chengdu,chengdu-service-vm-2,ens3,,9,False,,,,,
chengdu,chengdu-service-vm-2,ens4,service,9,False,,,,,
chengdu,chengdu-service-vm-2,ens5,,9,False,,,,,
chengdu,chengdu-service-vm-2,ens6,,9,False,,,,,
chengdu,chengdu-service-vm-3,ens3,,9,False,,,,,
chengdu,chengdu-service-vm-3,ens4,service,9,False,,,,,
chengdu,chengdu-service-vm-3,ens5,,9,False,,,,,
chengdu,chengdu-service-vm-3,ens6,,9,False,,,,,
chengdu,chengdu-traffic-vm,ens3,,9,False,,,,,
chengdu,chengdu-traffic-vm,ens4,business,9,False,,,,,
chengdu,chengdu-traffic-vm,ens5,,9,False,,,,,
chengdu,chengdu-traffic-vm,ens6,,9,False,,,,,
guangzhou,guangzhou-br-1,ens10,,9,False,,,,,
guangzhou,guangzhou-br-1,ens11,,9,False,,,,,
guangzhou,guangzhou-br-1,ens12,,9,False,,,,,
guangzhou,guangzhou-br-1,ens3,,9,False,,,,,
guangzhou,guangzhou-br-1,ens4,backbone,9,True,,,,,
guangzhou,guangzhou-br-1,ens5,backbone,9,True,,,,,
guangzhou,guangzhou-br-1,ens6,,9,False,,,,,
guangzhou,guangzhou-br-1,ens7,,9,False,,,,,
guangzhou,guangzhou-br-1,ens8,,9,False,,,,,
guangzhou,guangzhou-br-1,ens9,,9,False,,,,,
guangzhou,guangzhou-br-2,ens10,,9,False,,,,,
guangzhou,guangzhou-br-2,ens11,,9,False,,,,,
guangzhou,guangzhou-br-2,ens12,,9,False,,,,,
guangzhou,guangzhou-br-2,ens3,,9,False,,,,,
guangzhou,guangzhou-br-2,ens4,backbone,9,True,,,,,
guangzhou,guangzhou-br-2,ens5,backbone,9,True,,,,,
guangzhou,guangzhou-br-2,ens6,,9,False,,,,,
guangzhou,guangzhou-br-2,ens7,,9,False,,,,,
guangzhou,guangzhou-br-2,ens8,,9,False,,,,,
guangzhou,guangzhou-br-2,ens9,,9,False,,,,,
guangzhou,guangzhou-cr-1,ens10,,9,False,,,,,
guangzhou,guangzhou-cr-1,ens11,,9,False,,,,,
guangzhou,guangzhou-cr-1,ens12,,9,False,,,,,
guangzhou,guangzhou-cr-1,ens3,,9,False,,,,,
guangzhou,guangzhou-cr-1,ens4,backbone,9,True,,,,,
guangzhou,guangzhou-cr-1,ens5,backbone,9,True,,,,,
guangzhou,guangzhou-cr-1,ens6,,9,False,,,,,
guangzhou,guangzhou-cr-1,ens7,,9,False,,,,,
guangzhou,guangzhou-cr-1,ens8,,9,False,,,,,
guangzhou,guangzhou-cr-1,ens9,,9,False,,,,,
guangzhou,guangzhou-cr-2,ens10,,9,False,,,,,
guangzhou,guangzhou-cr-2,ens11,,9,False,,,,,
guangzhou,guangzhou-cr-2,ens12,,9,False,,,,,
guangzhou,guangzhou-cr-2,ens3,,9,False,,,,,
guangzhou,guangzhou-cr-2,ens4,backbone,9,True,,,,,
guangzhou,guangzhou-cr-2,ens5,backbone,9,True,,,,,
guangzhou,guangzhou-cr-2,ens6,,9,False,,,,,
guangzhou,guangzhou-cr-2,ens7,,9,False,,,,,
guangzhou,guangzhou-cr-2,ens8,,9,False,,,,,
guangzhou,guangzhou-cr-2,ens9,,9,False,,,,,
guangzhou,guangzhou-fw,ens3,,9,False,,,,,
guangzhou,guangzhou-fw,ens4,backbone,9,False,,,,,
guangzhou,guangzhou-fw,ens5,business,9,False,,,,,
guangzhou,guangzhou-fw,ens6,,9,False,,,,,
guangzhou,guangzhou-service-vm-1,ens3,,9,False,,,,,
guangzhou,guangzhou-service-vm-1,ens4,service,9,False,,,,,
guangzhou,guangzhou-service-vm-1,ens5,,9,False,,,,,
guangzhou,guangzhou-service-vm-1,ens6,,9,False,,,,,
guangzhou,guangzhou-service-vm-2,ens3,,9,False,,,,,
guangzhou,guangzhou-service-vm-2,ens4,service,9,False,,,,,
guangzhou,guangzhou-service-vm-2,ens5,,9,False,,,,,
guangzhou,guangzhou-service-vm-2,ens6,,9,False,,,,,
guangzhou,guangzhou-service-vm-3,ens3,,9,False,,,,,
guangzhou,guangzhou-service-vm-3,ens4,service,9,False,,,,,
guangzhou,guangzhou-service-vm-3,ens5,,9,False,,,,,
guangzhou,guangzhou-service-vm-3,ens6,,9,False,,,,,
guangzhou,guangzhou-traffic-vm,ens3,,9,False,,,,,
guangzhou,guangzhou-traffic-vm,ens4,business,9,False,,,,,
guangzhou,guangzhou-traffic-vm,ens5,,9,False,,,,,
guangzhou,guangzhou-traffic-vm,ens6,,9,False,,,,,
nanjing,nanjing-br-1,ens10,,9,False,,,,,
nanjing,nanjing-br-1,ens11,,9,False,,,,,
nanjing,nanjing-br-1,ens12,,9,False,,,,,
nanjing,nanjing-br-1,ens3,,9,False,,,,,
nanjing,nanjing-br-1,ens4,backbone,9,True,,,,,
nanjing,nanjing-br-1,ens5,backbone,9,True,,,,,
nanjing,nanjing-br-1,ens6,,9,False,,,,,
nanjing,nanjing-br-1,ens7,,9,False,,,,,
nanjing,nanjing-br-1,ens8,,9,False,,,,,
nanjing,nanjing-br-1,ens9,,9,False,,,,,
nanjing,nanjing-br-2,ens10,,9,False,,,,,
nanjing,nanjing-br-2,ens11,,9,False,,,,,
nanjing,nanjing-br-2,ens12,,9,False,,,,,
nanjing,nanjing-br-2,ens3,,9,False,,,,,
nanjing,nanjing-br-2,ens4,backbone,9,True,,,,,
nanjing,nanjing-br-2,ens5,backbone,9,True,,,,,
nanjing,nanjing-br-2,ens6,,9,False,,,,,
nanjing,nanjing-br-2,ens7,,9,False,,,,,
nanjing,nanjing-br-2,ens8,,9,False,,,,,
nanjing,nanjing-br-2,ens9,,9,False,,,,,
nanjing,nanjing-cr-1,ens10,,9,False,,,,,
nanjing,nanjing-cr-1,ens11,,9,False,,,,,
nanjing,nanjing-cr-1,ens12,,9,False,,,,,
nanjing,nanjing-cr-1,ens3,,9,False,,,,,
nanjing,nanjing-cr-1,ens4,backbone,9,True,,,,,
nanjing,nanjing-cr-1,ens5,backbone,9,True,,,,,
nanjing,nanjing-cr-1,ens6,,9,False,,,,,
nanjing,nanjing-cr-1,ens7,,9,False,,,,,
nanjing,nanjing-cr-1,ens8,,9,False,,,,,
nanjing,nanjing-cr-1,ens9,,9,False,,,,,
nanjing,nanjing-cr-1,vxlan100,,9,False,,,,,
nanjing,nanjing-cr-2,ens10,,9,False,,,,,
nanjing,nanjing-cr-2,ens11,,9,False,,,,,
nanjing,nanjing-cr-2,ens12,,9,False,,,,,
nanjing,nanjing-cr-2,ens3,,9,False,,,,,
nanjing,nanjing-cr-2,ens4,backbone,9,True,,,,,
nanjing,nanjing-cr-2,ens5,backbone,9,True,,,,,
nanjing,nanjing-cr-2,ens6,,9,False,,,,,
nanjing,nanjing-cr-2,ens7,,9,False,,,,,
nanjing,nanjing-cr-2,ens8,,9,False,,,,,
nanjing,nanjing-cr-2,ens9,,9,False,,,,,
nanjing,nanjing-fw,ens3,,9,False,,,,,
nanjing,nanjing-fw,ens4,backbone,9,False,,,,,
nanjing,nanjing-fw,ens5,business,9,False,,,,,
nanjing,nanjing-fw,ens6,,9,False,,,,,
nanjing,nanjing-fw,vxlan100,,9,False,,,,,
nanjing,nanjing-service-vm-1,ens3,,9,False,,,,,
nanjing,nanjing-service-vm-1,ens4,service,9,False,,,,,
nanjing,nanjing-service-vm-1,ens5,,9,False,,,,,
nanjing,nanjing-service-vm-1,ens6,,9,False,,,,,
nanjing,nanjing-service-vm-2,ens3,,9,False,,,,,
nanjing,nanjing-service-vm-2,ens4,service,9,False,,,,,
nanjing,nanjing-service-vm-2,ens5,,9,False,,,,,
nanjing,nanjing-service-vm-2,ens6,,9,False,,,,,
nanjing,nanjing-service-vm-3,ens3,,9,False,,,,,
nanjing,nanjing-service-vm-3,ens4,service,9,False,,,,,
nanjing,nanjing-service-vm-3,ens5,,9,False,,,,,
nanjing,nanjing-service-vm-3,ens6,,9,False,,,,,
nanjing,nanjing-traffic-vm,ens3,,9,False,,,,,
nanjing,nanjing-traffic-vm,ens4,business,9,False,,,,,
nanjing,nanjing-traffic-vm,ens5,,9,False,,,,,
nanjing,nanjing-traffic-vm,ens6,,9,False,,,,,
shanghai,shanghai-br-1,ens10,,9,False,,,,,
shanghai,shanghai-br-1,ens11,,9,False,,,,,
shanghai,shanghai-br-1,ens12,,9,False,,,,,
shanghai,shanghai-br-1,ens3,,9,False,,,,,
shanghai,shanghai-br-1,ens4,backbone,9,True,,,,,
shanghai,shanghai-br-1,ens5,backbone,9,True,,,,,
shanghai,shanghai-br-1,ens6,,9,False,,,,,
shanghai,shanghai-br-1,ens7,,9,False,,,,,
shanghai,shanghai-br-1,ens8,,9,False,,,,,
shanghai,shanghai-br-1,ens9,,9,False,,,,,
shanghai,shanghai-br-2,ens10,,9,False,,,,,
shanghai,shanghai-br-2,ens11,,9,False,,,,,
shanghai,shanghai-br-2,ens12,,9,False,,,,,
shanghai,shanghai-br-2,ens3,,9,False,,,,,
shanghai,shanghai-br-2,ens4,backbone,9,True,,,,,
shanghai,shanghai-br-2,ens5,backbone,9,True,,,,,
shanghai,shanghai-br-2,ens6,,9,False,,,,,
shanghai,shanghai-br-2,ens7,,9,False,,,,,
shanghai,shanghai-br-2,ens8,,9,False,,,,,
shanghai,shanghai-br-2,ens9,,9,False,,,,,
shanghai,shanghai-cr-1,ens10,,9,False,,,,,
shanghai,shanghai-cr-1,ens11,,9,False,,,,,
shanghai,shanghai-cr-1,ens12,,9,False,,,,,
shanghai,shanghai-cr-1,ens3,,9,False,,,,,
shanghai,shanghai-cr-1,ens4,backbone,9,True,,,,,
shanghai,shanghai-cr-1,ens5,backbone,9,True,,,,,
shanghai,shanghai-cr-1,ens6,,9,False,,,,,
shanghai,shanghai-cr-1,ens7,,9,False,,,,,
shanghai,shanghai-cr-1,ens8,,9,False,,,,,
shanghai,shanghai-cr-1,ens9,,9,False,,,,,
shanghai,shanghai-cr-2,ens10,,9,False,,,,,
shanghai,shanghai-cr-2,ens11,,9,False,,,,,
shanghai,shanghai-cr-2,ens12,,9,False,,,,,
shanghai,shanghai-cr-2,ens3,,9,False,,,,,
shanghai,shanghai-cr-2,ens4,backbone,9,True,,,,,
shanghai,shanghai-cr-2,ens5,backbone,9,True,,,,,
shanghai,shanghai-cr-2,ens6,,9,False,,,,,
shanghai,shanghai-cr-2,ens7,,9,False,,,,,
shanghai,shanghai-cr-2,ens8,,9,False,,,,,
shanghai,shanghai-cr-2,ens9,,9,False,,,,,
shanghai,shanghai-fw,ens3,,9,False,,,,,
shanghai,shanghai-fw,ens4,backbone,9,False,,,,,
shanghai,shanghai-fw,ens5,business,9,False,,,,,
shanghai,shanghai-fw,ens6,,9,False,,,,,
shanghai,shanghai-service-vm-1,ens3,,9,False,,,,,
shanghai,shanghai-service-vm-1,ens4,service,9,False,,,,,
shanghai,shanghai-service-vm-1,ens5,,9,False,,,,,
shanghai,shanghai-service-vm-1,ens6,,9,False,,,,,
shanghai,shanghai-service-vm-2,ens3,,9,False,,,,,
shanghai,shanghai-service-vm-2,ens4,service,9,False,,,,,
shanghai,shanghai-service-vm-2,ens5,,9,False,,,,,
shanghai,shanghai-service-vm-2,ens6,,9,False,,,,,
shanghai,shanghai-service-vm-3,ens3,,9,False,,,,,
shanghai,shanghai-service-vm-3,ens4,service,9,False,,,,,
shanghai,shanghai-service-vm-3,ens5,,9,False,,,,,
shanghai,shanghai-service-vm-3,ens6,,9,False,,,,,
shanghai,shanghai-traffic-vm,ens3,,9,False,,,,,
shanghai,shanghai-traffic-vm,ens4,business,9,False,,,,,
shanghai,shanghai-traffic-vm,ens5,,9,False,,,,,
shanghai,shanghai-traffic-vm,ens6,,9,False,,,,,
shenyang,shenyang-br-1,ens10,,9,False,,,,,
shenyang,shenyang-br-1,ens11,,9,False,,,,,
shenyang,shenyang-br-1,ens12,,9,False,,,,,
shenyang,shenyang-br-1,ens3,,9,False,,,,,
shenyang,shenyang-br-1,ens4,backbone,9,True,,,,,
shenyang,shenyang-br-1,ens5,backbone,9,True,,,,,
shenyang,shenyang-br-1,ens6,,9,False,,,,,
shenyang,shenyang-br-1,ens7,,9,False,,,,,
shenyang,shenyang-br-1,ens8,,9,False,,,,,
shenyang,shenyang-br-1,ens9,,9,False,,,,,
shenyang,shenyang-br-2,ens10,,9,False,,,,,
shenyang,shenyang-br-2,ens11,,9,False,,,,,
shenyang,shenyang-br-2,ens12,,9,False,,,,,
shenyang,shenyang-br-2,ens3,,9,False,,,,,
shenyang,shenyang-br-2,ens4,backbone,9,True,,,,,
shenyang,shenyang-br-2,ens5,backbone,9,True,,,,,
shenyang,shenyang-br-2,ens6,,9,False,,,,,
shenyang,shenyang-br-2,ens7,,9,False,,,,,
shenyang,shenyang-br-2,ens8,,9,False,,,,,
shenyang,shenyang-br-2,ens9,,9,False,,,,,
shenyang,shenyang-cr-1,ens10,,9,False,,,,,
shenyang,shenyang-cr-1,ens11,,9,False,,,,,
shenyang,shenyang-cr-1,ens12,,9,False,,,,,
shenyang,shenyang-cr-1,ens3,,9,False,,,,,
shenyang,shenyang-cr-1,ens4,backbone,9,True,,,,,
shenyang,shenyang-cr-1,ens5,backbone,9,True,,,,,
shenyang,shenyang-cr-1,ens6,,9,False,,,,,
shenyang,shenyang-cr-1,ens7,,9,False,,,,,
shenyang,shenyang-cr-1,ens8,,9,False,,,,,
shenyang,shenyang-cr-1,ens9,,9,False,,,,,
shenyang,shenyang-cr-2,ens10,,9,False,,,,,
shenyang,shenyang-cr-2,ens11,,9,False,,,,,
shenyang,shenyang-cr-2,ens12,,9,False,,,,,
shenyang,shenyang-cr-2,ens3,,9,False,,,,,
shenyang,shenyang-cr-2,ens4,backbone,9,True,,,,,
shenyang,shenyang-cr-2,ens5,backbone,9,True,,,,,
shenyang,shenyang-cr-2,ens6,,9,False,,,,,
shenyang,shenyang-cr-2,ens7,,9,False,,,,,
shenyang,shenyang-cr-2,ens8,,9,False,,,,,
shenyang,shenyang-cr-2,ens9,,9,False,,,,,
shenyang,shenyang-fw,ens3,,9,False,,,,,
shenyang,shenyang-fw,ens4,backbone,9,False,,,,,
shenyang,shenyang-fw,ens5,business,9,False,,,,,
shenyang,shenyang-fw,ens6,,9,False,,,,,
shenyang,shenyang-service-vm-1,ens3,,9,False,,,,,
shenyang,shenyang-service-vm-1,ens4,service,9,False,,,,,
shenyang,shenyang-service-vm-1,ens5,,9,False,,,,,
shenyang,shenyang-service-vm-1,ens6,,9,False,,,,,
shenyang,shenyang-service-vm-2,ens3,,9,False,,,,,
shenyang,shenyang-service-vm-2,ens4,service,9,False,,,,,
shenyang,shenyang-service-vm-2,ens5,,9,False,,,,,
shenyang,shenyang-service-vm-2,ens6,,9,False,,,,,
shenyang,shenyang-service-vm-3,ens3,,9,False,,,,,
shenyang,shenyang-service-vm-3,ens4,service,9,False,,,,,
shenyang,shenyang-service-vm-3,ens5,,9,False,,,,,
shenyang,shenyang-service-vm-3,ens6,,9,False,,,,,
shenyang,shenyang-traffic-vm,ens3,,9,False,,,,,
shenyang,shenyang-traffic-vm,ens4,business,9,False,,,,,
shenyang,shenyang-traffic-vm,ens5,,9,False,,,,,
shenyang,shenyang-traffic-vm,ens6,,9,False,,,,,
wuhan,wuhan-br-1,ens10,,9,False,,,,,
wuhan,wuhan-br-1,ens11,,9,False,,,,,
wuhan,wuhan-br-1,ens12,,9,False,,,,,
wuhan,wuhan-br-1,ens3,,9,False,,,,,
wuhan,wuhan-br-1,ens4,backbone,9,True,,,,,
wuhan,wuhan-br-1,ens5,backbone,9,True,,,,,
wuhan,wuhan-br-1,ens6,,9,False,,,,,
wuhan,wuhan-br-1,ens7,,9,False,,,,,
wuhan,wuhan-br-1,ens8,,9,False,,,,,
wuhan,wuhan-br-1,ens9,,9,False,,,,,
wuhan,wuhan-br-2,ens10,,9,False,,,,,
wuhan,wuhan-br-2,ens11,,9,False,,,,,
wuhan,wuhan-br-2,ens12,,9,False,,,,,
wuhan,wuhan-br-2,ens3,,9,False,,,,,
wuhan,wuhan-br-2,ens4,backbone,9,True,,,,,
wuhan,wuhan-br-2,ens5,backbone,9,True,,,,,
wuhan,wuhan-br-2,ens6,,9,False,,,,,
wuhan,wuhan-br-2,ens7,,9,False,,,,,
wuhan,wuhan-br-2,ens8,,9,False,,,,,
wuhan,wuhan-br-2,ens9,,9,False,,,,,
wuhan,wuhan-cr-1,ens10,,9,False,,,,,
wuhan,wuhan-cr-1,ens11,,9,False,,,,,
wuhan,wuhan-cr-1,ens12,,9,False,,,,,
wuhan,wuhan-cr-1,ens3,,9,False,,,,,
wuhan,wuhan-cr-1,ens4,backbone,9,True,,,,,
wuhan,wuhan-cr-1,ens5,backbone,9,True,,,,,
wuhan,wuhan-cr-1,ens6,,9,False,,,,,
wuhan,wuhan-cr-1,ens7,,9,False,,,,,
wuhan,wuhan-cr-1,ens8,,9,False,,,,,
wuhan,wuhan-cr-1,ens9,,9,False,,,,,
wuhan,wuhan-cr-2,ens10,,9,False,,,,,
wuhan,wuhan-cr-2,ens11,,9,False,,,,,
wuhan,wuhan-cr-2,ens12,,9,False,,,,,
wuhan,wuhan-cr-2,ens3,,9,False,,,,,
wuhan,wuhan-cr-2,ens4,backbone,9,True,,,,,
wuhan,wuhan-cr-2,ens5,backbone,9,True,,,,,
wuhan,wuhan-cr-2,ens6,,9,False,,,,,
wuhan,wuhan-cr-2,ens7,,9,False,,,,,
wuhan,wuhan-cr-2,ens8,,9,False,,,,,
wuhan,wuhan-cr-2,ens9,,9,False,,,,,
wuhan,wuhan-fw,ens3,,9,False,,,,,
wuhan,wuhan-fw,ens4,backbone,9,False,,,,,
wuhan,wuhan-fw,ens5,business,9,False,,,,,
wuhan,wuhan-fw,ens6,,9,False,,,,,
wuhan,wuhan-service-vm-1,ens3,,9,False,,,,,
wuhan,wuhan-service-vm-1,ens4,service,9,False,,,,,
wuhan,wuhan-service-vm-1,ens5,,9,False,,,,,
wuhan,wuhan-service-vm-1,ens6,,9,False,,,,,
wuhan,wuhan-service-vm-2,ens3,,9,False,,,,,
wuhan,wuhan-service-vm-2,ens4,service,9,False,,,,,
wuhan,wuhan-service-vm-2,ens5,,9,False,,,,,
wuhan,wuhan-service-vm-2,ens6,,9,False,,,,,
wuhan,wuhan-service-vm-3,ens3,,9,False,,,,,
wuhan,wuhan-service-vm-3,ens4,service,9,False,,,,,
wuhan,wuhan-service-vm-3,ens5,,9,False,,,,,
wuhan,wuhan-service-vm-3,ens6,,9,False,,,,,
wuhan,wuhan-traffic-vm,ens3,,9,False,,,,,
wuhan,wuhan-traffic-vm,ens4,business,9,False,,,,,
wuhan,wuhan-traffic-vm,ens5,,9,False,,,,,
wuhan,wuhan-traffic-vm,ens6,,9,False,,,,,
xian,xian-br-1,ens10,,9,False,,,,,
xian,xian-br-1,ens11,,9,False,,,,,
xian,xian-br-1,ens12,,9,False,,,,,
xian,xian-br-1,ens3,,9,False,,,,,
xian,xian-br-1,ens4,backbone,9,True,,,,,
xian,xian-br-1,ens5,backbone,9,True,,,,,
xian,xian-br-1,ens6,,9,False,,,,,
xian,xian-br-1,ens7,,9,False,,,,,
xian,xian-br-1,ens8,,9,False,,,,,
xian,xian-br-1,ens9,,9,False,,,,,
xian,xian-br-2,ens10,,9,False,,,,,
xian,xian-br-2,ens11,,9,False,,,,,
xian,xian-br-2,ens12,,9,False,,,,,
xian,xian-br-2,ens3,,9,False,,,,,
xian,xian-br-2,ens4,backbone,9,True,,,,,
xian,xian-br-2,ens5,backbone,9,True,,,,,
xian,xian-br-2,ens6,,9,False,,,,,
xian,xian-br-2,ens7,,9,False,,,,,
xian,xian-br-2,ens8,,9,False,,,,,
xian,xian-br-2,ens9,,9,False,,,,,
xian,xian-cr-1,ens10,,9,False,,,,,
xian,xian-cr-1,ens11,,9,False,,,,,
xian,xian-cr-1,ens12,,9,False,,,,,
xian,xian-cr-1,ens3,,9,False,,,,,
xian,xian-cr-1,ens4,backbone,9,True,,,,,
xian,xian-cr-1,ens5,backbone,9,True,,,,,
xian,xian-cr-1,ens6,,9,False,,,,,
xian,xian-cr-1,ens7,,9,False,,,,,
xian,xian-cr-1,ens8,,9,False,,,,,
xian,xian-cr-1,ens9,,9,False,,,,,
xian,xian-cr-2,ens10,,9,False,,,,,
xian,xian-cr-2,ens11,,9,False,,,,,
xian,xian-cr-2,ens12,,9,False,,,,,
xian,xian-cr-2,ens3,,9,False,,,,,
xian,xian-cr-2,ens4,backbone,9,True,,,,,
xian,xian-cr-2,ens5,backbone,9,True,,,,,
xian,xian-cr-2,ens6,,9,False,,,,,
xian,xian-cr-2,ens7,,9,False,,,,,
xian,xian-cr-2,ens8,,9,False,,,,,
xian,xian-cr-2,ens9,,9,False,,,,,
xian,xian-fw,ens3,,9,False,,,,,
xian,xian-fw,ens4,backbone,9,False,,,,,
xian,xian-fw,ens5,business,9,False,,,,,
xian,xian-fw,ens6,,9,False,,,,,
xian,xian-service-vm-1,ens3,,9,False,,,,,
xian,xian-service-vm-1,ens4,service,9,False,,,,,
xian,xian-service-vm-1,ens5,,9,False,,,,,
xian,xian-service-vm-1,ens6,,9,False,,,,,
xian,xian-service-vm-2,ens3,,9,False,,,,,
xian,xian-service-vm-2,ens4,service,9,False,,,,,
xian,xian-service-vm-2,ens5,,9,False,,,,,
xian,xian-service-vm-2,ens6,,9,False,,,,,
xian,xian-service-vm-3,ens3,,9,False,,,,,
xian,xian-service-vm-3,ens4,service,9,False,,,,,
xian,xian-service-vm-3,ens5,,9,False,,,,,
xian,xian-service-vm-3,ens6,,9,False,,,,,
xian,xian-traffic-vm,ens3,,9,False,,,,,
xian,xian-traffic-vm,ens4,business,9,False,,,,,
xian,xian-traffic-vm,ens5,,9,False,,,,,
xian,xian-traffic-vm,ens6,,9,False,,,,,
