modality,city,metric,city_basis,eligible_entities,observed_cells,observed_fraction,zero_fraction_among_observed,value_p50,value_p95,value_p99,adjacent_minute_pairs,absolute_delta_p50,absolute_delta_p95,absolute_delta_p99,absolute_delta_p999
node,beida,interface.carrier_changes,node_id,9,181417,0.99987324,1.0,0.0,0.0,0.0,181397,0.0,0.0,0.0,0.0
node,beida,interface.rx_bytes_rate,node_id,9,181417,0.99987324,0.0,2078.4666,19598.484,2277443.0,181397,426.42236,3577.9382,2609181.5,12958711.0
node,beida,interface.rx_drop_rate,node_id,9,181417,0.99987324,1.0,0.0,0.0,0.0,181397,0.0,0.0,0.0,0.0
node,beida,interface.rx_error_rate,node_id,9,181417,0.99987324,1.0,0.0,0.0,0.0,181397,0.0,0.0,0.0,0.0
node,beida,interface.rx_packets_rate,node_id,9,181417,0.99987324,0.0,15.555555,54.933334,1543.175,181397,3.2222214,20.200001,1749.2463,8734.5146
node,beida,interface.tx_bytes_rate,node_id,9,181417,0.99987324,0.0,5974.3999,20722.125,2627490.8,181397,465.35547,3975.6221,3472082.5,13041494.0
node,beida,interface.tx_drop_rate,node_id,9,181417,0.99987324,1.0,0.0,0.0,0.0,181397,0.0,0.0,0.0,0.0
node,beida,interface.tx_error_rate,node_id,9,181417,0.99987324,1.0,0.0,0.0,0.0,181397,0.0,0.0,0.0,0.0
node,beida,interface.tx_packets_rate,node_id,9,181417,0.99987324,0.0,15.222222,53.022221,1788.361,181397,3.1777782,21.355556,2340.2288,8750.0137
node,beida,node.cpu_usage,node_id,9,181417,0.99987324,0.0,0.71111113,6.1222224,9.7546663,181397,0.17222221,3.0388894,5.9946671,18.959244
node,beida,node.disk_io_util,node_id,9,181417,0.99987324,0.031843763,0.23333333,13.706667,23.813334,181397,0.22666666,8.4888897,17.137777,39.068871
node,beida,node.disk_read_rate,node_id,9,181417,0.99987324,0.9969187,0.0,0.0,0.0,181397,0.0,0.0,0.0,30549.242
node,beida,node.disk_write_rate,node_id,9,181417,0.99987324,0.031843763,6826.6665,354804.62,504809.25,181397,6917.6895,127067.03,243939.56,1677839.5
node,beida,node.filesystem_used_ratio,node_id,9,181417,0.99987324,0.0,0.19715427,0.71886748,0.7189346,181397,0.0,9.7870825e-06,8.289516e-05,0.00020700735
node,beida,node.inode_used_ratio,node_id,9,181417,0.99987324,0.0,0.018596727,0.018860953,0.018871229,181397,0.0,0.0,1.5646219e-07,6.2398612e-07
node,beida,node.load1,node_id,9,181417,0.99987324,0.37010313,0.02,0.31,0.51999998,181397,0.029999999,0.16999999,0.32999998,0.65000004
node,beida,node.load5,node_id,9,181417,0.99987324,0.28562373,0.02,0.27000001,0.40000001,181397,0.0099999998,0.040000007,0.090000004,0.21000001
node,beida,node.memory_available_ratio,node_id,9,181417,0.99987324,0.0,0.85401082,0.93014508,0.93111026,181397,0.00033116341,0.001383245,0.0022145533,0.0061600488
node,beida,node.open_fd_ratio,node_id,9,181417,0.99987324,0.0,1.5959456e-16,0.0064932788,0.006493344,181397,3.469447e-18,8.0161262e-05,0.00012024585,0.00020040385
node,beida,node.process_count,node_id,9,181417,0.99987324,0.0,125.0,191.0,193.0,181397,0.0,3.0,5.0,9.0
node,beida,node.swap_used_ratio,node_id,9,181417,0.99987324,0.44440157,0.00012493145,0.0096120927,0.0096120927,181397,0.0,0.0,0.0,0.0
node,beida,routing.bgp_command_success,node_id,2,40304,0.99960317,0.0,1.0,1.0,1.0,40300,0.0,0.0,0.0,0.0
node,beida,routing.bgp_peer_count,node_id,2,40304,0.99960317,0.0,4.0,4.0,4.0,40300,0.0,0.0,0.0,0.0
node,beida,routing.bgp_peer_prefix_received,node_id,2,40304,0.99960317,0.0,7.0,7.0,7.0,40300,0.0,0.0,0.0,0.0
node,beida,routing.bgp_peer_prefix_sent,node_id,2,40304,0.99960317,0.0,8.0,8.0,8.0,40300,0.0,0.0,0.0,0.0
node,beida,routing.bgp_peer_up,node_id,2,40304,0.99960317,0.00089321159,1.0,1.0,1.0,40300,0.0,0.0,0.0,0.0
node,beida,routing.bgp_peer_uptime_seconds,node_id,2,40304,0.99960317,0.0,441012.0,929840.38,986238.19,40300,61.0,62.0,62.0,62.0
node,beida,routing.ipv6_default_route_changed_total,node_id,4,80624,0.99980159,1.0,0.0,0.0,0.0,80618,0.0,0.0,0.0,0.0
node,beida,routing.ipv6_default_route_info,node_id,4,80624,0.99980159,0.0,1.0,1.0,1.0,80618,0.0,0.0,0.0,0.0
node,beida,routing.ipv6_route_change_total,node_id,4,80624,0.99980159,0.50009923,0.0,34.0,34.0,80618,0.0,0.0,0.0,0.0
node,beida,routing.ipv6_route_count,node_id,4,80624,0.99980159,0.0,16.0,20.0,20.0,80618,0.0,0.0,0.0,0.0
node,beida,routing.ipv6_route_exists,node_id,4,80624,0.99980159,0.0,1.0,1.0,1.0,80618,0.0,0.0,0.0,0.0
node,beida,routing.ipv6_route_nexthop_info,node_id,4,80624,0.99980159,0.0,1.0,1.0,1.0,80618,0.0,0.0,0.0,0.0
node,beida,routing.ospf6_interface_cost,node_id,4,80624,0.99980159,0.0,1.0,1.0,1.0,80618,0.0,0.0,0.0,0.0
node,beida,routing.ospf6_interface_enabled,node_id,4,80624,0.99980159,1.0,0.0,0.0,0.0,80618,0.0,0.0,0.0,0.0
node,beida,routing.ospf6_neighbor_state_code,node_id,4,80624,0.99980159,0.0,6.0,6.0,6.0,80618,0.0,0.0,0.0,0.0
node,beida,scrape.scrape_duration_seconds,node_id,9,181431,0.9999504,0.0,0.042702969,0.059171379,0.068846554,181413,0.002859287,0.015032473,0.024660779,0.041865345
node,beida,scrape.scrape_samples,node_id,9,181431,0.9999504,8.8187796e-05,1536.0,1581.0,1586.0,181413,0.0,10.0,11.0,13.0
node,beida,scrape.scrape_up,node_id,9,181431,0.9999504,8.8187796e-05,1.0,1.0,1.0,181413,0.0,0.0,0.0,0.0
node,shenyang,interface.carrier_changes,node_id,9,181372,0.99962522,1.0,0.0,0.0,0.0,181360,0.0,0.0,0.0,0.0
node,shenyang,interface.rx_bytes_rate,node_id,9,181372,0.99962522,0.0,1236.5111,13035.263,5434319.5,181360,299.04468,6471.6138,5786804.5,13042708.0
node,shenyang,interface.rx_drop_rate,node_id,9,181372,0.99962522,1.0,0.0,0.0,0.0,181360,0.0,0.0,0.0,0.0
node,shenyang,interface.rx_error_rate,node_id,9,181372,0.99962522,1.0,0.0,0.0,0.0,181360,0.0,0.0,0.0,0.0
node,shenyang,interface.rx_packets_rate,node_id,9,181372,0.99962522,0.0,8.1111107,37.08889,3667.0195,181360,2.2000003,28.267778,3886.335,8753.4668
node,shenyang,interface.tx_bytes_rate,node_id,9,181372,0.99962522,0.0,3645.8999,18085.805,5152844.5,181360,274.7998,4360.2168,5545889.0,13042129.0
node,shenyang,interface.tx_drop_rate,node_id,9,181372,0.99962522,1.0,0.0,0.0,0.0,181360,0.0,0.0,0.0,0.0
node,shenyang,interface.tx_error_rate,node_id,9,181372,0.99962522,1.0,0.0,0.0,0.0,181360,0.0,0.0,0.0,0.0
node,shenyang,interface.tx_packets_rate,node_id,9,181372,0.99962522,0.0,7.4444447,35.155556,3477.8384,181360,2.1111107,25.799999,3727.5686,8751.3389
node,shenyang,node.cpu_usage,node_id,9,181372,0.99962522,0.0,0.62777776,2.4000001,3.5333333,181360,0.1388889,1.6722221,2.811111,6.8166671
node,shenyang,node.disk_io_util,node_id,9,181372,0.99962522,0.078341751,0.20222223,7.582222,11.413333,181360,0.21333334,3.768889,7.7422228,20.157263
node,shenyang,node.disk_read_rate,node_id,9,181372,0.99962522,0.99964162,0.0,0.0,0.0,181360,0.0,0.0,0.0,0.0
node,shenyang,node.disk_write_rate,node_id,9,181372,0.99962522,0.078352778,4687.6445,142722.84,205710.22,181360,4778.6665,59892.617,125064.53,3602822.8
node,shenyang,node.filesystem_used_ratio,node_id,9,181370,0.9996142,0.0,0.19363309,0.75386292,0.75403225,181358,0.0,1.0311604e-05,9.0837479e-05,0.00018727779
node,shenyang,node.inode_used_ratio,node_id,9,181370,0.9996142,0.0,0.018592678,0.020466397,0.020468887,181358,0.0,8.8475645e-08,4.8018992e-06,1.0085559e-05
node,shenyang,node.load1,node_id,9,181370,0.9996142,0.47351271,0.0099999998,0.18000001,0.36000001,181358,0.02,0.13,0.26999998,0.51999998
node,shenyang,node.load5,node_id,9,181370,0.9996142,0.3964713,0.0099999998,0.15000001,0.22,181358,0.0099999998,0.030000001,0.069999993,0.16
node,shenyang,node.memory_available_ratio,node_id,9,181370,0.9996142,0.0,0.92253286,0.92753458,0.92840087,181358,0.00026226044,0.00131917,0.0020061135,0.0030525753
node,shenyang,node.open_fd_ratio,node_id,9,181370,0.9996142,0.0,1.4224733e-16,0.0066135908,0.0066135908,181358,0.0,8.0164056e-05,0.00012024678,0.00020040991
node,shenyang,node.process_count,node_id,9,181370,0.9996142,0.0,128.0,194.0,195.0,181358,0.0,2.0,4.0,6.0
node,shenyang,node.swap_used_ratio,node_id,9,181370,0.9996142,1.0,0.0,0.0,0.0,181358,0.0,0.0,0.0,0.0
node,shenyang,routing.bgp_command_success,node_id,2,40276,0.99890873,0.0,1.0,1.0,1.0,40272,0.0,0.0,0.0,0.0
node,shenyang,routing.bgp_peer_count,node_id,2,40276,0.99890873,0.0,2.0,2.0,2.0,40272,0.0,0.0,0.0,0.0
node,shenyang,routing.bgp_peer_prefix_received,node_id,2,40276,0.99890873,0.0,7.0,7.0,7.0,40272,0.0,0.0,0.0,0.0
node,shenyang,routing.bgp_peer_prefix_sent,node_id,2,40276,0.99890873,0.0,8.0,8.0,8.0,40272,0.0,0.0,0.0,0.0
node,shenyang,routing.bgp_peer_up,node_id,2,40276,0.99890873,0.00094348992,1.0,1.0,1.0,40272,0.0,0.0,0.0,0.0
node,shenyang,routing.bgp_peer_uptime_seconds,node_id,2,40276,0.99890873,0.0,357792.0,931117.25,1029105.2,40272,61.0,62.0,62.0,62.0
node,shenyang,routing.ipv6_default_route_changed_total,node_id,4,80596,0.99945437,1.0,0.0,0.0,0.0,80590,0.0,0.0,0.0,0.0
node,shenyang,routing.ipv6_default_route_info,node_id,4,80596,0.99945437,0.0,1.0,1.0,1.0,80590,0.0,0.0,0.0,0.0
node,shenyang,routing.ipv6_route_change_total,node_id,4,80596,0.99945437,0.50027297,0.0,18.0,18.0,80590,0.0,0.0,0.0,0.0
node,shenyang,routing.ipv6_route_count,node_id,4,80596,0.99945437,0.0,16.0,17.0,17.0,80590,0.0,0.0,0.0,0.0
node,shenyang,routing.ipv6_route_exists,node_id,4,80596,0.99945437,0.0,1.0,1.0,1.0,80590,0.0,0.0,0.0,0.0
node,shenyang,routing.ipv6_route_nexthop_info,node_id,4,80596,0.99945437,0.0,1.0,1.0,1.0,80590,0.0,0.0,0.0,0.0
node,shenyang,routing.ospf6_interface_cost,node_id,4,80596,0.99945437,0.0,1.0,1.0,1.0,80590,0.0,0.0,0.0,0.0
node,shenyang,routing.ospf6_interface_enabled,node_id,4,80596,0.99945437,1.0,0.0,0.0,0.0,80590,0.0,0.0,0.0,0.0
node,shenyang,routing.ospf6_neighbor_state_code,node_id,4,80596,0.99945437,0.0,6.0,6.0,6.0,80590,0.0,0.0,0.0,0.0
node,shenyang,scrape.scrape_duration_seconds,node_id,9,181440,1.0,0.0,0.039317831,0.052518461,0.059582625,181431,0.0019047409,0.011225805,0.016009439,0.023056392
node,shenyang,scrape.scrape_samples,node_id,9,181440,1.0,0.00038580247,1572.0,1591.0,1595.0,181431,0.0,1.0,3.0,11.0
node,shenyang,scrape.scrape_up,node_id,9,181440,1.0,0.00038580247,1.0,1.0,1.0,181431,0.0,0.0,0.0,0.0
node,xian,interface.carrier_changes,node_id,9,181352,0.99951499,1.0,0.0,0.0,0.0,181337,0.0,0.0,0.0,0.0
node,xian,interface.rx_bytes_rate,node_id,9,181352,0.99951499,0.0,1278.6111,13856.832,6451745.0,181337,337.31104,240215.73,6418817.5,13043189.0
node,xian,interface.rx_drop_rate,node_id,9,181352,0.99951499,0.88909414,0.0,0.022222223,0.044444446,181337,0.0,0.0,0.0,0.0
node,xian,interface.rx_error_rate,node_id,9,181352,0.99951499,1.0,0.0,0.0,0.0,181337,0.0,0.0,0.0,0.0
node,xian,interface.rx_packets_rate,node_id,9,181352,0.99951499,0.0,9.1777782,41.533333,4377.6777,181337,2.3999999,133.0,4355.0786,8758.333
node,xian,interface.tx_bytes_rate,node_id,9,181352,0.99951499,0.0,3379.0112,18050.975,5799233.5,181337,294.7334,6282.1821,5990251.5,13042879.0
node,xian,interface.tx_drop_rate,node_id,9,181352,0.99951499,1.0,0.0,0.0,0.0,181337,0.0,0.0,0.0,0.0
node,xian,interface.tx_error_rate,node_id,9,181352,0.99951499,1.0,0.0,0.0,0.0,181337,0.0,0.0,0.0,0.0
node,xian,interface.tx_packets_rate,node_id,9,181352,0.99951499,0.0,7.4888887,36.288887,3905.479,181337,2.2222223,29.271112,4043.2214,8756.6514
node,xian,node.cpu_usage,node_id,9,181352,0.99951499,0.0,0.62222224,2.8499999,4.4666667,181337,0.14444444,1.9111112,3.5444446,9.0740004
node,xian,node.disk_io_util,node_id,9,181352,0.99951499,0.070977988,0.19111112,8.6311111,13.515467,181337,0.18666665,4.4888887,9.5345774,24.322918
node,xian,node.disk_read_rate,node_id,9,181352,0.99951499,0.99777229,0.0,0.0,0.0,181337,0.0,0.0,0.0,10194.489
node,xian,node.disk_write_rate,node_id,9,181352,0.99951499,0.070983502,4482.8442,144179.2,206984.53,181337,4369.0664,65536.0,134166.75,2710515.0
node,xian,node.filesystem_used_ratio,node_id,9,181350,0.99950397,0.0,0.19350661,0.72138637,0.72147417,181335,0.0,5.4240227e-06,4.4226646e-05,9.9023106e-05
node,xian,node.inode_used_ratio,node_id,9,181350,0.99950397,0.0,0.018605135,0.018726582,0.018728917,181335,0.0,0.0,1.5646219e-07,6.2398612e-07
node,xian,node.load1,node_id,9,181350,0.99950397,0.48653433,0.0099999998,0.20999999,0.38999999,181335,0.010000002,0.14,0.28,0.51665998
node,xian,node.load5,node_id,9,181350,0.99950397,0.41298042,0.0099999998,0.18000001,0.27000001,181335,0.0099999998,0.030000009,0.07,0.16
node,xian,node.memory_available_ratio,node_id,9,181350,0.99950397,0.0,0.8584857,0.92657989,0.9272967,181335,0.00027668476,0.0013596416,0.0021286774,0.00494901
node,xian,node.open_fd_ratio,node_id,9,181350,0.99950397,0.0,1.3877788e-16,0.0064932788,0.0065333606,181335,0.0,8.0162194e-05,0.00012024585,0.00020040944
node,xian,node.process_count,node_id,9,181350,0.99950397,0.0,126.0,191.0,193.0,181335,0.0,2.0,4.0,8.0
node,xian,node.swap_used_ratio,node_id,9,181350,0.99950397,0.48440033,6.3896237e-05,0.0021553061,0.0021553061,181335,0.0,0.0,0.0,0.0
node,xian,routing.bgp_command_success,node_id,2,40230,0.99776786,0.0,1.0,1.0,1.0,40222,0.0,0.0,0.0,0.0
node,xian,routing.bgp_peer_count,node_id,2,40230,0.99776786,0.0,3.0,3.0,3.0,40222,0.0,0.0,0.0,0.0
node,xian,routing.bgp_peer_prefix_received,node_id,2,40230,0.99776786,0.0,7.0,7.0,7.0,40222,0.0,0.0,0.0,0.0
node,xian,routing.bgp_peer_prefix_sent,node_id,2,40230,0.99776786,0.0,8.0,8.0,8.0,40222,0.0,0.0,0.0,0.0
node,xian,routing.bgp_peer_up,node_id,2,40230,0.99776786,0.001739995,1.0,1.0,1.0,40222,0.0,0.0,0.0,0.0
node,xian,routing.bgp_peer_uptime_seconds,node_id,2,40230,0.99776786,0.0,175263.5,476160.56,572709.31,40222,61.0,62.0,62.0,62.0
node,xian,routing.ipv6_default_route_changed_total,node_id,4,80550,0.99888393,1.0,0.0,0.0,0.0,80540,0.0,0.0,0.0,0.0
node,xian,routing.ipv6_default_route_info,node_id,4,80550,0.99888393,0.0,1.0,1.0,1.0,80540,0.0,0.0,0.0,0.0
node,xian,routing.ipv6_route_change_total,node_id,4,80550,0.99888393,0.25027933,4.0,34.0,34.0,80540,0.0,0.0,0.0,0.0
node,xian,routing.ipv6_route_count,node_id,4,80550,0.99888393,0.0,16.0,17.0,17.0,80540,0.0,0.0,0.0,0.0
node,xian,routing.ipv6_route_exists,node_id,4,80550,0.99888393,0.0,1.0,1.0,1.0,80540,0.0,0.0,0.0,0.0
node,xian,routing.ipv6_route_nexthop_info,node_id,4,80550,0.99888393,0.0,1.0,1.0,1.0,80540,0.0,0.0,0.0,0.0
node,xian,routing.ospf6_interface_cost,node_id,4,80550,0.99888393,0.0,1.0,1.0,1.0,80540,0.0,0.0,0.0,0.0
node,xian,routing.ospf6_interface_enabled,node_id,4,80550,0.99888393,1.0,0.0,0.0,0.0,80540,0.0,0.0,0.0,0.0
node,xian,routing.ospf6_neighbor_state_code,node_id,4,80550,0.99888393,0.0,6.0,6.0,6.0,80540,0.0,0.0,0.0,0.0
node,xian,scrape.scrape_duration_seconds,node_id,9,181440,1.0,0.0,0.039954953,0.051574744,0.061844293,181431,0.0020251293,0.012283792,0.021719325,0.03675092
node,xian,scrape.scrape_samples,node_id,9,181440,1.0,0.00049603175,1535.0,1581.0,1586.0,181431,0.0,1.0,10.0,12.0
node,xian,scrape.scrape_up,node_id,9,181440,1.0,0.00049603175,1.0,1.0,1.0,181431,0.0,0.0,0.0,0.0
node,chengdu,interface.carrier_changes,node_id,9,181289,0.99916777,1.0,0.0,0.0,0.0,181193,0.0,0.0,0.0,0.0
node,chengdu,interface.rx_bytes_rate,node_id,9,181289,0.99916777,0.0,1097.8667,12914.329,5002327.5,181193,286.88867,6460.5645,5405421.0,13042744.0
node,chengdu,interface.rx_drop_rate,node_id,9,181289,0.99916777,1.0,0.0,0.0,0.0,181193,0.0,0.0,0.0,0.0
node,chengdu,interface.rx_error_rate,node_id,9,181289,0.99916777,1.0,0.0,0.0,0.0,181193,0.0,0.0,0.0,0.0
node,chengdu,interface.rx_packets_rate,node_id,9,181289,0.99916777,0.0,7.9333334,37.666668,3367.8135,181193,2.1333332,28.777777,3661.8835,8753.8223
node,chengdu,interface.tx_bytes_rate,node_id,9,181289,0.99916777,0.0,3147.6223,18073.982,4575987.0,181193,262.71118,3903.3242,4983002.0,13042394.0
node,chengdu,interface.tx_drop_rate,node_id,9,181289,0.99916777,1.0,0.0,0.0,0.0,181193,0.0,0.0,0.0,0.0
node,chengdu,interface.tx_error_rate,node_id,9,181289,0.99916777,1.0,0.0,0.0,0.0,181193,0.0,0.0,0.0,0.0
node,chengdu,interface.tx_packets_rate,node_id,9,181289,0.99916777,0.0,7.1111112,35.066666,3076.2434,181193,2.0222225,25.711111,3402.9548,8753.792
node,chengdu,node.cpu_usage,node_id,9,181289,0.99916777,0.0,0.6111111,2.488889,3.9666667,181193,0.13888888,1.8000001,2.9726667,10.956045
node,chengdu,node.disk_io_util,node_id,9,181289,0.99916777,0.080479235,0.19555555,7.6088891,11.688889,181193,0.20444445,3.893333,8.1155558,27.088213
node,chengdu,node.disk_read_rate,node_id,9,181289,0.99916777,0.99872028,0.0,0.0,0.0,181193,0.0,0.0,0.0,6154.5586
node,chengdu,node.disk_write_rate,node_id,9,181289,0.99916777,0.080484751,4369.0669,145999.64,210261.33,181193,4232.5332,61166.938,128523.38,3867098.8
node,chengdu,node.filesystem_used_ratio,node_id,9,181288,0.99916226,0.0,0.19349658,0.71949667,0.71957064,181192,0.0,6.6161156e-06,0.00017648935,0.00018471747
node,chengdu,node.inode_used_ratio,node_id,9,181288,0.99916226,0.0,0.018593302,0.018699024,0.018707898,181192,0.0,0.0,1.5646219e-07,6.2398612e-07
node,chengdu,node.load1,node_id,9,181288,0.99916226,0.46970015,0.0099999998,0.19,0.38999999,181192,0.02,0.13999999,0.28,0.55000001
node,chengdu,node.load5,node_id,9,181288,0.99916226,0.38636313,0.0099999998,0.16,0.25,181192,0.0099999998,0.030000001,0.070000008,0.17
node,chengdu,node.memory_available_ratio,node_id,9,181288,0.99916226,0.0,0.92087644,0.92730987,0.92797387,181192,0.00026339293,0.0013452768,0.0020441788,0.0043766554
node,chengdu,node.open_fd_ratio,node_id,9,181288,0.99916226,0.0,1.4224733e-16,0.006493344,0.0065331645,181192,0.0,8.0163591e-05,0.00012024678,0.00020041177
node,chengdu,node.process_count,node_id,9,181288,0.99916226,0.0,126.0,191.0,193.0,181192,0.0,2.0,4.0,8.0
node,chengdu,node.swap_used_ratio,node_id,9,181288,0.99916226,0.44433719,0.00018596667,0.00038433113,0.00038433113,181192,0.0,0.0,0.0,0.0
node,chengdu,routing.bgp_command_success,node_id,2,40270,0.99875992,0.0,1.0,1.0,1.0,40252,0.0,0.0,0.0,0.0
node,chengdu,routing.bgp_peer_count,node_id,2,40270,0.99875992,0.0,2.0,2.0,2.0,40252,0.0,0.0,0.0,0.0
node,chengdu,routing.bgp_peer_prefix_received,node_id,2,40270,0.99875992,0.0,7.0,7.0,7.0,40252,0.0,0.0,0.0,0.0
node,chengdu,routing.bgp_peer_prefix_sent,node_id,2,40270,0.99875992,0.0,8.0,8.0,8.0,40252,0.0,0.0,0.0,0.0
node,chengdu,routing.bgp_peer_up,node_id,2,40270,0.99875992,0.00086913335,1.0,1.0,1.0,40252,0.0,0.0,0.0,0.0
node,chengdu,routing.bgp_peer_uptime_seconds,node_id,2,40270,0.99875992,0.0,267685.5,830979.31,927618.25,40252,61.0,62.0,62.0,62.0
node,chengdu,routing.ipv6_default_route_changed_total,node_id,4,80574,0.99918155,1.0,0.0,0.0,0.0,80544,0.0,0.0,0.0,0.0
node,chengdu,routing.ipv6_default_route_info,node_id,4,80574,0.99918155,0.0,1.0,1.0,1.0,80544,0.0,0.0,0.0,0.0
node,chengdu,routing.ipv6_route_change_total,node_id,4,80574,0.99918155,0.50021099,0.0,34.0,34.0,80544,0.0,0.0,0.0,0.0
node,chengdu,routing.ipv6_route_count,node_id,4,80574,0.99918155,0.0,16.0,17.0,17.0,80544,0.0,0.0,0.0,0.0
node,chengdu,routing.ipv6_route_exists,node_id,4,80574,0.99918155,0.0,1.0,1.0,1.0,80544,0.0,0.0,0.0,0.0
node,chengdu,routing.ipv6_route_nexthop_info,node_id,4,80574,0.99918155,0.0,1.0,1.0,1.0,80544,0.0,0.0,0.0,0.0
node,chengdu,routing.ospf6_interface_cost,node_id,4,80574,0.99918155,0.0,1.0,1.0,1.0,80544,0.0,0.0,0.0,0.0
node,chengdu,routing.ospf6_interface_enabled,node_id,4,80574,0.99918155,1.0,0.0,0.0,0.0,80544,0.0,0.0,0.0,0.0
node,chengdu,routing.ospf6_neighbor_state_code,node_id,4,80574,0.99918155,0.0,6.0,6.0,6.0,80544,0.0,0.0,0.0,0.0
node,chengdu,scrape.scrape_duration_seconds,node_id,9,181323,0.99935516,0.0,0.041319069,0.052884243,0.06165044,181233,0.0023274496,0.01328033,0.022050424,0.039444435
node,chengdu,scrape.scrape_samples,node_id,9,181323,0.99935516,0.00019302571,1572.0,1586.0,1590.0,181233,0.0,1.0,3.0,11.0
node,chengdu,scrape.scrape_up,node_id,9,181323,0.99935516,0.00019302571,1.0,1.0,1.0,181233,0.0,0.0,0.0,0.0
node,wuhan,interface.carrier_changes,node_id,9,181364,0.99958113,1.0,0.0,0.0,0.0,181349,0.0,0.0,0.0,0.0
node,wuhan,interface.rx_bytes_rate,node_id,9,181364,0.99958113,0.0,2616.4443,17162.879,5205416.0,181349,581.22217,6322.1021,5191760.5,13042475.0
node,wuhan,interface.rx_drop_rate,node_id,9,181364,0.99958113,1.0,0.0,0.0,0.0,181349,0.0,0.0,0.0,0.0
node,wuhan,interface.rx_error_rate,node_id,9,181364,0.99958113,1.0,0.0,0.0,0.0,181349,0.0,0.0,0.0,0.0
node,wuhan,interface.rx_packets_rate,node_id,9,181364,0.99958113,0.0,16.666666,59.08889,3518.7769,181349,4.5111103,37.035553,3580.7903,8754.6055
node,wuhan,interface.tx_bytes_rate,node_id,9,181364,0.99958113,0.0,5920.1445,18665.764,5577397.5,181349,552.2666,7351.0884,5592221.5,13042850.0
node,wuhan,interface.tx_drop_rate,node_id,9,181364,0.99958113,1.0,0.0,0.0,0.0,181349,0.0,0.0,0.0,0.0
node,wuhan,interface.tx_error_rate,node_id,9,181364,0.99958113,1.0,0.0,0.0,0.0,181349,0.0,0.0,0.0,0.0
node,wuhan,interface.tx_packets_rate,node_id,9,181364,0.99958113,0.0,16.244444,58.422222,3759.6965,181349,4.4888878,39.577774,3797.345,8756.2012
node,wuhan,node.cpu_usage,node_id,9,181364,0.99958113,0.0,0.6388889,2.5666666,3.9333334,181349,0.14999998,1.8444445,2.9833333,7.6681108
node,wuhan,node.disk_io_util,node_id,9,181364,0.99958113,0.047137249,0.24888889,7.8222222,11.617778,181349,0.22,4.6577778,7.9466672,16.256996
node,wuhan,node.disk_read_rate,node_id,9,181364,0.99958113,0.99856642,0.0,0.0,0.0,181349,0.0,0.0,0.0,8920.1777
node,wuhan,node.disk_write_rate,node_id,9,181364,0.99958113,0.047137249,6166.7554,144725.33,208622.94,181349,5620.6221,79371.383,134166.75,3437178.2
node,wuhan,node.filesystem_used_ratio,node_id,9,181364,0.99958113,0.0,0.19351064,0.75191331,0.75199497,181349,0.0,5.7220459e-06,5.001068e-05,0.0001796484
node,wuhan,node.inode_used_ratio,node_id,9,181364,0.99958113,0.0,0.018597038,0.020687649,0.020717854,181349,0.0,0.0,1.5646219e-07,6.2398612e-07
node,wuhan,node.load1,node_id,9,181364,0.99958113,0.42644626,0.0099999998,0.2,0.38,181349,0.02,0.14,0.26999998,0.51999998
node,wuhan,node.load5,node_id,9,181364,0.99958113,0.33055072,0.0099999998,0.16,0.23999999,181349,0.0099999998,0.030000001,0.07,0.17
node,wuhan,node.memory_available_ratio,node_id,9,181364,0.99958113,0.0,0.92056483,0.92725492,0.92796522,181349,0.00027865171,0.0013182163,0.0020154428,0.0033865916
node,wuhan,node.open_fd_ratio,node_id,9,181364,0.99958113,0.0,1.4571677e-16,0.0064932788,0.006493344,181349,0.0,8.0163591e-05,0.00012024678,0.00020040991
node,wuhan,node.process_count,node_id,9,181364,0.99958113,0.0,128.0,191.0,193.0,181349,0.0,3.0,4.0,8.0
node,wuhan,node.swap_used_ratio,node_id,9,181364,0.99958113,0.44421164,0.00024700188,0.005139356,0.0062379898,181349,0.0,0.0,0.0,0.0
node,wuhan,routing.bgp_command_success,node_id,2,40244,0.99811508,0.0,1.0,1.0,1.0,40236,0.0,0.0,0.0,0.0
node,wuhan,routing.bgp_peer_count,node_id,2,40244,0.99811508,0.0,6.0,6.0,6.0,40236,0.0,0.0,0.0,0.0
node,wuhan,routing.bgp_peer_prefix_received,node_id,2,40244,0.99811508,0.0,5.0,6.0,6.0,40236,0.0,0.0,0.0,0.0
node,wuhan,routing.bgp_peer_prefix_sent,node_id,2,40244,0.99811508,0.0,8.0,8.0,8.0,40236,0.0,0.0,0.0,0.0
node,wuhan,routing.bgp_peer_up,node_id,2,40244,0.99811508,0.0022860551,1.0,1.0,1.0,40236,0.0,0.0,0.0,0.0
node,wuhan,routing.bgp_peer_uptime_seconds,node_id,2,40244,0.99811508,0.0,175843.5,839368.88,935951.75,40236,61.0,62.0,62.0,62.0
node,wuhan,routing.ipv6_default_route_changed_total,node_id,4,80564,0.99905754,1.0,0.0,0.0,0.0,80554,0.0,0.0,0.0,0.0
node,wuhan,routing.ipv6_default_route_info,node_id,4,80564,0.99905754,0.0,1.0,1.0,1.0,80554,0.0,0.0,0.0,0.0
node,wuhan,routing.ipv6_route_change_total,node_id,4,80564,0.99905754,0.50047167,0.0,24.0,34.0,80554,0.0,0.0,0.0,0.0
node,wuhan,routing.ipv6_route_count,node_id,4,80564,0.99905754,0.0,15.0,17.0,17.0,80554,0.0,0.0,0.0,0.0
node,wuhan,routing.ipv6_route_exists,node_id,4,80564,0.99905754,0.0,1.0,1.0,1.0,80554,0.0,0.0,0.0,0.0
node,wuhan,routing.ipv6_route_nexthop_info,node_id,4,80564,0.99905754,0.0,1.0,1.0,1.0,80554,0.0,0.0,0.0,0.0
node,wuhan,routing.ospf6_interface_cost,node_id,4,80564,0.99905754,0.0,1.0,1.0,1.0,80554,0.0,0.0,0.0,0.0
node,wuhan,routing.ospf6_interface_enabled,node_id,4,80564,0.99905754,1.0,0.0,0.0,0.0,80554,0.0,0.0,0.0,0.0
node,wuhan,routing.ospf6_neighbor_state_code,node_id,4,80564,0.99905754,0.0,6.0,6.0,6.0,80554,0.0,0.0,0.0,0.0
node,wuhan,scrape.scrape_duration_seconds,node_id,9,181440,1.0,0.0,0.040853586,0.054540657,0.063194945,181431,0.0020709224,0.012891035,0.02200369,0.037836827
node,wuhan,scrape.scrape_samples,node_id,9,181440,1.0,0.00041887125,1570.0,1591.0,1596.0,181431,0.0,2.0,11.0,12.0
node,wuhan,scrape.scrape_up,node_id,9,181440,1.0,0.00041887125,1.0,1.0,1.0,181431,0.0,0.0,0.0,0.0
node,shanghai,interface.carrier_changes,node_id,9,181331,0.99939925,1.0,0.0,0.0,0.0,181314,0.0,0.0,0.0,0.0
node,shanghai,interface.rx_bytes_rate,node_id,9,181331,0.99939925,0.0,4855.1333,26313.467,2617667.5,181314,870.00037,5753.3921,2630762.5,13039120.0
node,shanghai,interface.rx_drop_rate,node_id,9,181331,0.99939925,1.0,0.0,0.0,0.0,181314,0.0,0.0,0.0,0.0
node,shanghai,interface.rx_error_rate,node_id,9,181331,0.99939925,1.0,0.0,0.0,0.0,181314,0.0,0.0,0.0,0.0
node,shanghai,interface.rx_packets_rate,node_id,9,181331,0.99939925,0.0,36.177776,99.966667,1798.5422,181314,6.4888897,42.111111,1910.6945,8764.04
node,shanghai,interface.tx_bytes_rate,node_id,9,181331,0.99939925,0.0,9274.5557,249288.44,3514542.2,181314,893.25049,6095.8857,3772044.2,13042000.0
node,shanghai,interface.tx_drop_rate,node_id,9,181331,0.99939925,1.0,0.0,0.0,0.0,181314,0.0,0.0,0.0,0.0
node,shanghai,interface.tx_error_rate,node_id,9,181331,0.99939925,1.0,0.0,0.0,0.0,181314,0.0,0.0,0.0,0.0
node,shanghai,interface.tx_packets_rate,node_id,9,181331,0.99939925,0.0,34.422222,99.844444,2372.8044,181314,6.5333328,44.17778,2698.2979,8763.2344
node,shanghai,node.cpu_usage,node_id,9,181331,0.99939925,0.0,0.72777778,2.7777777,4.9333334,181314,0.16111112,2.0222223,3.6555555,11.287149
node,shanghai,node.disk_io_util,node_id,9,181331,0.99939925,0.039419625,0.26444444,8.5244446,13.591111,181314,0.24000025,6.0074444,11.155556,29.357218
node,shanghai,node.disk_read_rate,node_id,9,181331,0.99939925,0.99825733,0.0,0.0,0.0,181314,0.0,0.0,0.0,27453.939
node,shanghai,node.disk_write_rate,node_id,9,181331,0.99939925,0.039419625,6485.3335,145453.52,206984.53,181314,6439.8223,91750.398,141448.53,3129890.8
node,shanghai,node.filesystem_used_ratio,node_id,9,181336,0.99942681,0.0,0.19350863,0.72080386,0.72089773,181319,0.0,5.1259995e-06,4.3332577e-05,9.2983246e-05
node,shanghai,node.inode_used_ratio,node_id,9,181336,0.99942681,0.0,0.01859377,0.019884381,0.01988952,181319,0.0,0.0,1.5646219e-07,7.7858567e-07
node,shanghai,node.load1,node_id,9,181336,0.99942681,0.38162858,0.0099999998,0.22,0.41,181319,0.020000003,0.15000001,0.28999999,0.54000002
node,shanghai,node.load5,node_id,9,181336,0.99942681,0.26773503,0.02,0.18000001,0.27000001,181319,0.0099999998,0.039999992,0.079999998,0.17
node,shanghai,node.memory_available_ratio,node_id,9,181336,0.99942681,0.0,0.9175036,0.92769766,0.92849976,181319,0.00029730797,0.0013260841,0.0020465255,0.0047008349
node,shanghai,node.open_fd_ratio,node_id,9,181336,0.99942681,0.0,1.4918622e-16,0.0064931484,0.006493344,181319,3.469447e-18,8.0162659e-05,0.00012024678,0.00020041177
node,shanghai,node.process_count,node_id,9,181336,0.99942681,0.0,130.0,191.0,192.0,181319,0.0,3.0,5.0,9.0
node,shanghai,node.swap_used_ratio,node_id,9,181336,0.99942681,0.44412582,0.00018882769,0.00043392222,0.00043392222,181319,0.0,0.0,0.0,0.0
node,shanghai,routing.bgp_command_success,node_id,2,40211,0.99729663,0.0,1.0,1.0,1.0,40201,0.0,0.0,0.0,0.0
node,shanghai,routing.bgp_peer_count,node_id,2,40211,0.99729663,0.0,5.0,5.0,5.0,40201,0.0,0.0,0.0,0.0
node,shanghai,routing.bgp_peer_prefix_received,node_id,2,40211,0.99729663,0.0,7.0,7.0,7.0,40201,0.0,0.0,0.0,0.0
node,shanghai,routing.bgp_peer_prefix_sent,node_id,2,40211,0.99729663,0.0,8.0,8.0,8.0,40201,0.0,0.0,0.0,0.0
node,shanghai,routing.bgp_peer_up,node_id,2,40211,0.99729663,0.0021138494,1.0,1.0,1.0,40201,0.0,0.0,0.0,0.0
node,shanghai,routing.bgp_peer_uptime_seconds,node_id,2,40211,0.99729663,0.0,203944.0,488186.5,574020.88,40201,61.0,62.0,62.0,62.0
node,shanghai,routing.ipv6_default_route_changed_total,node_id,4,80531,0.99864831,1.0,0.0,0.0,0.0,80519,0.0,0.0,0.0,0.0
node,shanghai,routing.ipv6_default_route_info,node_id,4,80531,0.99864831,0.0,1.0,1.0,1.0,80519,0.0,0.0,0.0,0.0
node,shanghai,routing.ipv6_route_change_total,node_id,4,80531,0.99864831,0.0,1.0,16.0,16.0,80519,0.0,0.0,0.0,0.0
node,shanghai,routing.ipv6_route_count,node_id,4,80531,0.99864831,0.0,14.0,17.0,17.0,80519,0.0,0.0,0.0,0.0
node,shanghai,routing.ipv6_route_exists,node_id,4,80531,0.99864831,0.50067676,0.0,1.0,1.0,80519,0.0,0.0,0.0,0.0
node,shanghai,routing.ipv6_route_nexthop_info,node_id,4,80531,0.99864831,0.0,1.0,1.0,1.0,80519,0.0,0.0,0.0,0.0
node,shanghai,routing.ospf6_interface_cost,node_id,4,80531,0.99864831,0.0,1.0,1.0,1.0,80519,0.0,0.0,0.0,0.0
node,shanghai,routing.ospf6_interface_enabled,node_id,4,80531,0.99864831,1.0,0.0,0.0,0.0,80519,0.0,0.0,0.0,0.0
node,shanghai,routing.ospf6_neighbor_state_code,node_id,4,80531,0.99864831,0.0,6.0,6.0,6.0,80519,0.0,0.0,0.0,0.0
node,shanghai,scrape.scrape_duration_seconds,node_id,9,181440,1.0,0.0,0.040199704,0.05025984,0.058637585,181431,0.0025327522,0.013095663,0.020814743,0.036648095
node,shanghai,scrape.scrape_samples,node_id,9,181440,1.0,0.00060074956,1565.0,1584.0,1589.0,181431,0.0,10.0,11.0,13.0
node,shanghai,scrape.scrape_up,node_id,9,181440,1.0,0.00060074956,1.0,1.0,1.0,181431,0.0,0.0,0.0,0.0
node,nanjing,interface.carrier_changes,node_id,9,181422,0.99990079,1.0,0.0,0.0,0.0,181411,0.0,0.0,0.0,0.0
node,nanjing,interface.rx_bytes_rate,node_id,9,181422,0.99990079,0.0,1253.7556,12942.386,5027875.5,181411,305.84448,3515.022,4779140.0,13042206.0
node,nanjing,interface.rx_drop_rate,node_id,9,181422,0.99990079,1.0,0.0,0.0,0.0,181411,0.0,0.0,0.0,0.0
node,nanjing,interface.rx_error_rate,node_id,9,181422,0.99990079,1.0,0.0,0.0,0.0,181411,0.0,0.0,0.0,0.0
node,nanjing,interface.rx_packets_rate,node_id,9,181422,0.99990079,0.0,8.3555555,37.400002,3404.3928,181411,2.1777782,22.244446,3291.0825,8754.0664
node,nanjing,interface.tx_bytes_rate,node_id,9,181422,0.99990079,0.0,3593.4778,17990.982,4924735.0,181411,282.2002,3271.9893,4673621.0,13042206.0
node,nanjing,interface.tx_drop_rate,node_id,9,181422,0.99990079,1.0,0.0,0.0,0.0,181411,0.0,0.0,0.0,0.0
node,nanjing,interface.tx_error_rate,node_id,9,181422,0.99990079,1.0,0.0,0.0,0.0,181411,0.0,0.0,0.0,0.0
node,nanjing,interface.tx_packets_rate,node_id,9,181422,0.99990079,0.0,7.4444447,34.444443,3340.1091,181411,2.0888891,21.666668,3249.7913,8755.54
node,nanjing,node.cpu_usage,node_id,9,181422,0.99990079,0.0,0.6111111,2.4555554,4.0,181411,0.13333336,1.7722222,2.938889,7.9542775
node,nanjing,node.disk_io_util,node_id,9,181422,0.99990079,0.069903319,0.19777778,7.3422222,10.815911,181411,0.19555555,4.0533333,7.3955555,16.183022
node,nanjing,node.disk_read_rate,node_id,9,181422,0.99990079,0.99894721,0.0,0.0,0.0,181411,0.0,0.0,0.0,3094.7556
node,nanjing,node.disk_write_rate,node_id,9,181422,0.99990079,0.069908831,4778.6665,147820.09,211353.59,181411,4778.6665,77915.023,134166.75,4079307.2
node,nanjing,node.filesystem_used_ratio,node_id,9,181422,0.99990079,0.0,0.18868065,0.71884352,0.71890748,181411,0.0,6.1988831e-06,4.875064e-05,0.00017899275
node,nanjing,node.inode_used_ratio,node_id,9,181422,0.99990079,0.0,0.018666014,0.019264378,0.019273875,181411,0.0,0.0,1.5646219e-07,6.2398612e-07
node,nanjing,node.load1,node_id,9,181422,0.99990079,0.45875362,0.0099999998,0.18000001,0.37,181411,0.02,0.13,0.26999998,0.52000004
node,nanjing,node.load5,node_id,9,181422,0.99990079,0.36869839,0.0099999998,0.15000001,0.23,181411,0.0099999998,0.030000001,0.069999993,0.17
node,nanjing,node.memory_available_ratio,node_id,9,181422,0.99990079,0.0,0.91956604,0.92642534,0.92725641,181411,0.00027275085,0.0013182163,0.0020223856,0.0034699405
node,nanjing,node.open_fd_ratio,node_id,9,181422,0.99990079,0.0,1.6306401e-16,0.0064932788,0.0065333606,181411,0.0,8.0164056e-05,0.00012024585,0.00020040991
node,nanjing,node.process_count,node_id,9,181422,0.99990079,0.0,132.0,192.0,193.0,181411,0.0,3.0,4.0,8.0
node,nanjing,node.swap_used_ratio,node_id,9,181422,0.99990079,0.46107418,0.00012493145,0.00037288701,0.00037288701,181411,0.0,0.0,0.0,0.0
node,nanjing,routing.bgp_command_success,node_id,2,40302,0.99955357,0.0,1.0,1.0,1.0,40298,0.0,0.0,0.0,0.0
node,nanjing,routing.bgp_peer_count,node_id,2,40302,0.99955357,0.0,2.0,2.0,2.0,40298,0.0,0.0,0.0,0.0
node,nanjing,routing.bgp_peer_prefix_received,node_id,2,40302,0.99955357,0.0,7.0,7.0,7.0,40298,0.0,0.0,0.0,0.0
node,nanjing,routing.bgp_peer_prefix_sent,node_id,2,40302,0.99955357,0.0,8.0,8.0,8.0,40298,0.0,0.0,0.0,0.0
node,nanjing,routing.bgp_peer_up,node_id,2,40302,0.99955357,0.0015135725,1.0,1.0,1.0,40298,0.0,0.0,0.0,0.0
node,nanjing,routing.bgp_peer_uptime_seconds,node_id,2,40302,0.99955357,2.4812664e-05,346893.0,1839900.0,1936625.4,40298,61.0,62.0,62.0,62.0
node,nanjing,routing.ipv6_default_route_changed_total,node_id,4,80622,0.99977679,1.0,0.0,0.0,0.0,80616,0.0,0.0,0.0,0.0
node,nanjing,routing.ipv6_default_route_info,node_id,4,80622,0.99977679,0.0,1.0,1.0,1.0,80616,0.0,0.0,0.0,0.0
node,nanjing,routing.ipv6_route_change_total,node_id,4,80622,0.99977679,0.0,5.0,16.0,30.0,80616,0.0,0.0,0.0,0.0
node,nanjing,routing.ipv6_route_count,node_id,4,80622,0.99977679,0.0,16.0,17.0,17.0,80616,0.0,0.0,0.0,0.0
node,nanjing,routing.ipv6_route_exists,node_id,4,80622,0.99977679,0.0,1.0,1.0,1.0,80616,0.0,0.0,0.0,0.0
node,nanjing,routing.ipv6_route_nexthop_info,node_id,4,80622,0.99977679,0.0,1.0,1.0,1.0,80616,0.0,0.0,0.0,0.0
node,nanjing,routing.ospf6_interface_cost,node_id,4,80622,0.99977679,0.0,1.0,1.0,1.0,80616,0.0,0.0,0.0,0.0
node,nanjing,routing.ospf6_interface_enabled,node_id,4,80622,0.99977679,1.0,0.0,0.0,0.0,80616,0.0,0.0,0.0,0.0
node,nanjing,routing.ospf6_neighbor_state_code,node_id,4,80622,0.99977679,0.0,4.0,6.0,6.0,80616,0.0,0.0,0.0,0.0
node,nanjing,scrape.scrape_duration_seconds,node_id,9,181440,1.0,0.0,0.041610096,0.057685841,0.066403262,181431,0.0024262965,0.014129853,0.022800276,0.040051222
node,nanjing,scrape.scrape_samples,node_id,9,181440,1.0,9.9206349e-05,1579.0,1608.0,1613.0,181431,0.0,1.0,10.0,12.0
node,nanjing,scrape.scrape_up,node_id,9,181440,1.0,9.9206349e-05,1.0,1.0,1.0,181431,0.0,0.0,0.0,0.0
node,guangzhou,interface.carrier_changes,node_id,9,181412,0.99984568,1.0,0.0,0.0,0.0,181399,0.0,0.0,0.0,0.0
node,guangzhou,interface.rx_bytes_rate,node_id,9,181412,0.99984568,0.0,1310.7556,13397.216,5952970.0,181399,302.59985,33911.957,6038191.0,13042770.0
node,guangzhou,interface.rx_drop_rate,node_id,9,181412,0.99984568,1.0,0.0,0.0,0.0,181399,0.0,0.0,0.0,0.0
node,guangzhou,interface.rx_error_rate,node_id,9,181412,0.99984568,1.0,0.0,0.0,0.0,181399,0.0,0.0,0.0,0.0
node,guangzhou,interface.rx_packets_rate,node_id,9,181412,0.99984568,0.0,9.0222225,42.111111,4012.7268,181399,2.2222223,34.757778,4089.7854,8753.915
node,guangzhou,interface.tx_bytes_rate,node_id,9,181412,0.99984568,0.0,3743.8667,18238.693,5582320.0,181399,278.1333,5689.4536,5779571.5,13042801.0
node,guangzhou,interface.tx_drop_rate,node_id,9,181412,0.99984568,1.0,0.0,0.0,0.0,181399,0.0,0.0,0.0,0.0
node,guangzhou,interface.tx_error_rate,node_id,9,181412,0.99984568,1.0,0.0,0.0,0.0,181399,0.0,0.0,0.0,0.0
node,guangzhou,interface.tx_packets_rate,node_id,9,181412,0.99984568,0.0,7.4666667,37.022221,3769.012,181399,2.0888891,28.333332,3919.4509,8754.7822
node,guangzhou,node.cpu_usage,node_id,9,181412,0.99984568,0.0,0.60000002,2.1944444,3.3777778,181399,0.13333333,1.6555555,2.6890001,7.6900225
node,guangzhou,node.disk_io_util,node_id,9,181412,0.99984568,0.06968668,0.18222222,6.4977779,9.7333336,181399,0.17555556,3.7333336,6.8355556,15.489973
node,guangzhou,node.disk_read_rate,node_id,9,181412,0.99984568,0.99845655,0.0,0.0,0.0,181399,0.0,0.0,0.0,14855.19
node,guangzhou,node.disk_write_rate,node_id,9,181412,0.99984568,0.069681168,4846.9331,139992.17,201159.11,181399,4960.7114,78461.156,132164.28,3973458.0
node,guangzhou,node.filesystem_used_ratio,node_id,9,181412,0.99984568,0.0,0.19350863,0.71883893,0.7188915,181399,0.0,6.1988831e-06,4.5180321e-05,9.2542294e-05
node,guangzhou,node.inode_used_ratio,node_id,9,181412,0.99984568,0.0,0.018600307,0.020553589,0.020555303,181399,0.0,0.0,1.5646219e-07,6.2398612e-07
node,guangzhou,node.load1,node_id,9,181412,0.99984568,0.4718431,0.0099999998,0.17,0.34,181399,0.02,0.13,0.25999999,0.50999999
node,guangzhou,node.load5,node_id,9,181412,0.99984568,0.38069146,0.0099999998,0.14,0.2,181399,0.0099999998,0.030000001,0.069999993,0.17
node,guangzhou,node.memory_available_ratio,node_id,9,181412,0.99984568,0.0,0.92073148,0.92705137,0.92797434,181399,0.00027352571,0.0013295412,0.002024889,0.0034168402
node,guangzhou,node.open_fd_ratio,node_id,9,181412,0.99984568,0.0,1.7347235e-16,0.0066135908,0.0066536735,181399,3.469447e-18,8.0162194e-05,0.00012024678,0.00020040991
node,guangzhou,node.process_count,node_id,9,181412,0.99984568,0.0,136.0,195.0,196.0,181399,0.0,3.0,4.0,7.0
node,guangzhou,node.swap_used_ratio,node_id,9,181412,0.99984568,0.4443587,0.00018596667,0.00037956273,0.00037956273,181399,0.0,0.0,0.0,0.0
node,guangzhou,routing.bgp_command_success,node_id,2,40290,0.99925595,0.0,1.0,1.0,1.0,40284,0.0,0.0,0.0,0.0
node,guangzhou,routing.bgp_peer_count,node_id,2,40290,0.99925595,0.0,2.0,2.0,2.0,40284,0.0,0.0,0.0,0.0
node,guangzhou,routing.bgp_peer_prefix_received,node_id,2,40290,0.99925595,0.0,7.0,7.0,7.0,40284,0.0,0.0,0.0,0.0
node,guangzhou,routing.bgp_peer_prefix_sent,node_id,2,40290,0.99925595,0.0,8.0,8.0,8.0,40284,0.0,0.0,0.0,0.0
node,guangzhou,routing.bgp_peer_up,node_id,2,40290,0.99925595,0.0019856044,1.0,1.0,1.0,40284,0.0,0.0,0.0,0.0
node,guangzhou,routing.bgp_peer_uptime_seconds,node_id,2,40290,0.99925595,0.0,309387.5,4283613.5,4380306.5,40284,61.0,62.0,62.0,62.0
node,guangzhou,routing.ipv6_default_route_changed_total,node_id,4,80610,0.99962798,1.0,0.0,0.0,0.0,80602,0.0,0.0,0.0,0.0
node,guangzhou,routing.ipv6_default_route_info,node_id,4,80610,0.99962798,0.0,1.0,1.0,1.0,80602,0.0,0.0,0.0,0.0
node,guangzhou,routing.ipv6_route_change_total,node_id,4,80610,0.99962798,0.0,2.0,16.0,16.0,80602,0.0,0.0,0.0,0.0
node,guangzhou,routing.ipv6_route_count,node_id,4,80610,0.99962798,0.0,15.0,17.0,17.0,80602,0.0,0.0,0.0,0.0
node,guangzhou,routing.ipv6_route_exists,node_id,4,80610,0.99962798,0.0,1.0,1.0,1.0,80602,0.0,0.0,0.0,0.0
node,guangzhou,routing.ipv6_route_nexthop_info,node_id,4,80610,0.99962798,0.0,1.0,1.0,1.0,80602,0.0,0.0,0.0,0.0
node,guangzhou,routing.ospf6_interface_cost,node_id,4,80610,0.99962798,0.0,1.0,1.0,1.0,80602,0.0,0.0,0.0,0.0
node,guangzhou,routing.ospf6_interface_enabled,node_id,4,80610,0.99962798,1.0,0.0,0.0,0.0,80602,0.0,0.0,0.0,0.0
node,guangzhou,routing.ospf6_neighbor_state_code,node_id,4,80610,0.99962798,0.0,2.0,6.0,6.0,80602,0.0,0.0,0.0,0.0
node,guangzhou,scrape.scrape_duration_seconds,node_id,9,181440,1.0,0.0,0.041146215,0.055810478,0.064432457,181431,0.0024188496,0.013632128,0.021527886,0.036983024
node,guangzhou,scrape.scrape_samples,node_id,9,181440,1.0,0.00016534392,1571.0,1591.0,1595.0,181431,0.0,1.0,10.0,12.0
node,guangzhou,scrape.scrape_up,node_id,9,181440,1.0,0.00016534392,1.0,1.0,1.0,181431,0.0,0.0,0.0,0.0
edge,beida,traffic.dns.error_rate,traffic_target_region,8,159634,0.98979415,0.984809,0.0,0.0,8.0,158114,0.0,0.0,10.0,41.0
edge,beida,traffic.dns.latency_p95_seconds,traffic_target_region,8,159642,0.98984375,0.0,0.026560642,0.057524465,0.058159161,158122,0.0002770042,0.0013163446,0.0036629953,0.66683292
edge,beida,traffic.dns.requests_rate,traffic_target_region,8,159634,0.98979415,0.0037648621,62.0,170.0,219.67,158114,44.0,140.0,182.0,230.0
edge,beida,traffic.dns.success_rate,traffic_target_region,8,159634,0.98979415,0.012935841,61.0,170.0,220.0,158114,44.0,140.0,182.0,230.0
edge,beida,traffic.elephant.error_rate,traffic_target_region,8,256,0.0015873016,1.0,0.0,0.0,0.0,2,0.0,0.0,0.0,0.0
edge,beida,traffic.elephant.requests_rate,traffic_target_region,8,256,0.0015873016,1.0,0.0,0.0,0.0,2,0.0,0.0,0.0,0.0
edge,beida,traffic.elephant.success_rate,traffic_target_region,8,256,0.0015873016,1.0,0.0,0.0,0.0,2,0.0,0.0,0.0,0.0
edge,shenyang,traffic.elephant.error_rate,traffic_target_region,8,974,0.0060391865,1.0,0.0,0.0,0.0,572,0.0,0.0,0.0,0.0
edge,shenyang,traffic.elephant.loss_rate,traffic_target_region,8,998,0.006187996,1.0,0.0,0.0,0.0,595,0.0,0.0,0.0,0.0
edge,shenyang,traffic.elephant.requests_rate,traffic_target_region,8,974,0.0060391865,0.59445585,0.0,4.0,4.0,572,1.0,4.0,4.0,4.0
edge,shenyang,traffic.elephant.success_rate,traffic_target_region,8,974,0.0060391865,0.59445585,0.0,4.0,4.0,572,1.0,4.0,4.0,4.0
edge,shenyang,traffic.elephant.throughput_bps,traffic_target_region,8,998,0.006187996,0.0,49999740.0,99999360.0,99999544.0,595,528.0,79999264.0,79999568.0,79999760.0
edge,xian,traffic.elephant.error_rate,traffic_target_region,8,1100,0.0068204365,1.0,0.0,0.0,0.0,651,0.0,0.0,0.0,0.0
edge,xian,traffic.elephant.loss_rate,traffic_target_region,8,1124,0.006969246,0.99021352,0.0,0.0,0.0,675,0.0,0.0,3.8080259e-06,0.0019744614
edge,xian,traffic.elephant.requests_rate,traffic_target_region,8,1100,0.0068204365,0.60181818,0.0,4.0,4.0,651,1.0,4.0,4.0,4.0
edge,xian,traffic.elephant.success_rate,traffic_target_region,8,1100,0.0068204365,0.60181818,0.0,4.0,4.0,651,1.0,4.0,4.0,4.0
edge,xian,traffic.elephant.throughput_bps,traffic_target_region,8,1124,0.006969246,0.0,49999740.0,99999536.0,99999544.0,675,304.0,79999280.0,79999560.0,79999696.0
edge,chengdu,traffic.elephant.error_rate,traffic_target_region,8,1018,0.006312004,1.0,0.0,0.0,0.0,599,0.0,0.0,0.0,0.0
edge,chengdu,traffic.elephant.loss_rate,traffic_target_region,8,1042,0.0064608135,0.99520154,0.0,0.0,0.0,620,0.0,0.0,0.0,0.00045125108
edge,chengdu,traffic.elephant.requests_rate,traffic_target_region,8,1018,0.006312004,0.59724951,0.0,4.0,4.0,599,1.0,4.0,4.0,4.0
edge,chengdu,traffic.elephant.success_rate,traffic_target_region,8,1018,0.006312004,0.59724951,0.0,4.0,4.0,599,1.0,4.0,4.0,4.0
edge,chengdu,traffic.elephant.throughput_bps,traffic_target_region,8,1042,0.0064608135,0.0,49999676.0,99999360.0,99999544.0,620,412.0,79999376.0,79999568.0,79999760.0
edge,wuhan,traffic.auth.error_rate,traffic_target_region,8,105138,0.65189732,0.98087276,0.0,0.0,8.0,72467,0.0,0.0,8.0,38.0
edge,wuhan,traffic.auth.latency_p95_seconds,traffic_target_region,8,105146,0.65194692,0.0,0.063038632,0.32644165,0.34564817,72473,0.0017844401,0.23246829,0.23812783,0.26856729
edge,wuhan,traffic.auth.requests_rate,traffic_target_region,8,105138,0.65189732,0.030407655,11.0,48.0,60.0,72467,12.0,47.0,56.0,60.0
edge,wuhan,traffic.auth.success_rate,traffic_target_region,8,105138,0.65189732,0.048060644,10.0,48.0,60.0,72467,12.0,47.0,56.0,60.0
edge,wuhan,traffic.elephant.error_rate,traffic_target_region,8,454,0.0028149802,1.0,0.0,0.0,0.0,168,0.0,0.0,0.0,0.0
edge,wuhan,traffic.elephant.loss_rate,traffic_target_region,8,300,0.001860119,0.99,0.0,0.0,2.2848307e-07,173,0.0,0.0,6.3975262e-06,2.2848308e-05
edge,wuhan,traffic.elephant.requests_rate,traffic_target_region,8,454,0.0028149802,0.72907489,0.0,4.0,4.0,168,2.0,4.0,4.0,4.0
edge,wuhan,traffic.elephant.success_rate,traffic_target_region,8,454,0.0028149802,0.72907489,0.0,4.0,4.0,168,2.0,4.0,4.0,4.0
edge,wuhan,traffic.elephant.throughput_bps,traffic_target_region,8,300,0.001860119,0.0,49999364.0,99999528.0,99999544.0,173,616.0,79999112.0,79999568.0,79999568.0
edge,shanghai,traffic.elephant.error_rate,traffic_target_region,8,292,0.0018105159,1.0,0.0,0.0,0.0,1,0.0,0.0,0.0,0.0
edge,shanghai,traffic.elephant.requests_rate,traffic_target_region,8,292,0.0018105159,1.0,0.0,0.0,0.0,1,0.0,0.0,0.0,0.0
edge,shanghai,traffic.elephant.success_rate,traffic_target_region,8,292,0.0018105159,1.0,0.0,0.0,0.0,1,0.0,0.0,0.0,0.0
edge,shanghai,traffic.web.error_rate,traffic_target_region,8,150130,0.93086558,0.98440019,0.0,0.0,12.0,139875,0.0,0.0,10.0,90.0
edge,shanghai,traffic.web.latency_p95_seconds,traffic_target_region,8,150138,0.93091518,0.0,0.10324698,0.35357141,0.37906292,139883,0.0025942326,0.24677978,0.26436111,4.9195638
edge,shanghai,traffic.web.requests_rate,traffic_target_region,8,150130,0.93086558,0.017544795,59.0,188.0,228.0,139875,40.0,151.0,201.0,234.0
edge,shanghai,traffic.web.success_rate,traffic_target_region,8,150130,0.93086558,0.033724106,58.0,188.0,228.0,139875,39.0,150.0,202.0,234.0
edge,nanjing,traffic.elephant.error_rate,traffic_target_region,8,890,0.0055183532,1.0,0.0,0.0,0.0,434,0.0,0.0,0.0,0.0
edge,nanjing,traffic.elephant.loss_rate,traffic_target_region,8,752,0.0046626984,0.99601064,0.0,0.0,0.0,449,0.0,0.0,0.0,0.00014851258
edge,nanjing,traffic.elephant.requests_rate,traffic_target_region,8,890,0.0055183532,0.66853933,0.0,4.0,4.0,434,1.0,4.0,4.0,4.0
edge,nanjing,traffic.elephant.success_rate,traffic_target_region,8,890,0.0055183532,0.66853933,0.0,4.0,4.0,434,1.0,4.0,4.0,4.0
edge,nanjing,traffic.elephant.throughput_bps,traffic_target_region,8,752,0.0046626984,0.0,49999676.0,99999528.0,99999552.0,449,208.0,79999328.0,79999568.0,79999648.0
edge,guangzhou,traffic.elephant.error_rate,traffic_target_region,8,1149,0.007124256,1.0,0.0,0.0,0.0,673,0.0,0.0,0.0,0.0
edge,guangzhou,traffic.elephant.loss_rate,traffic_target_region,8,1173,0.0072730655,0.9599318,0.0,0.0,0.00029161802,696,0.0,1.1900004e-06,0.00062146835,0.029769158
edge,guangzhou,traffic.elephant.requests_rate,traffic_target_region,8,1149,0.007124256,0.59704091,0.0,4.0,4.0,673,1.0,4.0,4.0,4.0
edge,guangzhou,traffic.elephant.success_rate,traffic_target_region,8,1149,0.007124256,0.59704091,0.0,4.0,4.0,673,1.0,4.0,4.0,4.0
edge,guangzhou,traffic.elephant.throughput_bps,traffic_target_region,8,1173,0.0072730655,0.0,49999672.0,99999520.0,99999544.0,696,380.0,79999368.0,79999576.0,79999760.0
log,beida,frr.bgp.info.count,node_id,1,1,4.9603175e-05,0.0,2.0,2.0,2.0,0,,,,
log,beida,frr.ospf.err.count,node_id,2,20,0.00049603175,0.0,6.0,6.3000002,10.86,17,0.0,6.5999999,8.5200005,8.9519997
log,beida,frr.ospf.info.count,node_id,4,24,0.00029761905,0.0,4.0,4.0,4.0,8,2.0,2.0,2.0,2.0
log,beida,frr.ospf.warning.count,node_id,2,20,0.00049603175,0.0,6.0,6.3000002,10.86,17,0.0,6.5999999,8.5200005,8.9519997
log,shenyang,frr.bgp.info.count,node_id,1,1,4.9603175e-05,0.0,2.0,2.0,2.0,0,,,,
log,shenyang,frr.ospf.err.count,node_id,1,25,0.0012400794,0.0,6.0,6.0,6.0,24,0.0,1.7,2.0,2.0
log,shenyang,frr.ospf.info.count,node_id,4,12,0.00014880952,0.0,4.0,4.0,4.0,4,2.0,2.0,2.0,2.0
log,shenyang,frr.ospf.warning.count,node_id,1,25,0.0012400794,0.0,6.0,6.0,6.0,24,0.0,1.7,2.0,2.0
log,xian,frr.bgp.err.count,node_id,2,15,0.00037202381,0.0,1.0,1.3,1.86,1,0.0,0.0,0.0,0.0
log,xian,frr.bgp.info.count,node_id,2,15,0.00037202381,0.0,1.0,1.3,1.86,0,,,,
log,xian,frr.ospf.err.count,node_id,3,29,0.00047949735,0.0,1.0,2.0,2.0,0,,,,
log,xian,frr.ospf.warning.count,node_id,3,21,0.00034722222,0.0,1.0,1.0,1.8,0,,,,
log,chengdu,frr.bgp.err.count,node_id,1,2,9.9206349e-05,0.0,1.0,1.0,1.0,0,,,,
log,chengdu,frr.bgp.info.count,node_id,2,6,0.00014880952,0.0,1.0,2.0,2.0,0,,,,
log,chengdu,frr.ospf.err.count,node_id,3,45,0.00074404762,0.0,6.0,6.0,8.0,28,0.0,1.3,2.73,2.973
log,chengdu,frr.ospf.info.count,node_id,4,12,0.00014880952,0.0,4.0,4.0,4.0,4,2.0,2.0,2.0,2.0
log,chengdu,frr.ospf.warning.count,node_id,3,38,0.00062830688,0.0,6.0,6.3000002,8.0,28,0.0,1.3,2.73,2.973
log,wuhan,frr.bgp.err.count,node_id,2,11,0.00027281746,0.0,1.0,2.0,2.0,1,1.0,1.0,1.0,1.0
log,wuhan,frr.bgp.info.count,node_id,2,11,0.00027281746,0.0,1.0,1.5,1.9,0,,,,
log,wuhan,frr.ospf.err.count,node_id,4,56,0.00069444444,0.0,6.0,6.0,8.8999996,50,0.0,2.0,5.5299997,6.8530002
log,wuhan,frr.ospf.info.count,node_id,4,52,0.00064484127,0.0,2.0,4.0,4.0,20,2.0,2.0,2.0,2.0
log,wuhan,frr.ospf.warning.count,node_id,4,56,0.00069444444,0.0,6.0,6.0,7.8000002,50,0.0,1.1,5.5299997,6.8530002
log,shanghai,frr.bgp.err.count,node_id,2,6,0.00014880952,0.0,1.0,1.75,1.95,0,,,,
log,shanghai,frr.bgp.info.count,node_id,2,12,0.00029761905,0.0,1.0,2.0,2.0,0,,,,
log,shanghai,frr.ospf.err.count,node_id,3,48,0.00079365079,0.0,6.0,6.0,7.0,36,0.0,1.5,4.3000002,4.9299998
log,shanghai,frr.ospf.info.count,node_id,4,24,0.00029761905,0.0,4.0,4.0,4.0,8,2.0,2.0,2.0,2.0
log,shanghai,frr.ospf.warning.count,node_id,3,46,0.00076058201,0.0,6.0,6.0,6.5500002,36,0.0,1.5,4.3000002,4.9299998
log,nanjing,frr.bgp.err.count,node_id,1,3,0.00014880952,0.0,1.0,1.0,1.0,0,,,,
log,nanjing,frr.bgp.info.count,node_id,2,5,0.00012400794,0.0,1.0,1.0,1.0,0,,,,
log,nanjing,frr.ospf.err.count,node_id,4,38,0.00047123016,0.0,6.0,6.0,6.0,31,0.0,4.0,4.0,4.0
log,nanjing,frr.ospf.info.count,node_id,4,32,0.0003968254,0.0,2.0,4.0,4.0,8,2.0,2.0,2.0,2.0
log,nanjing,frr.ospf.warning.count,node_id,4,35,0.00043402778,0.0,6.0,6.0,6.0,31,0.0,4.0,4.0,4.0
log,guangzhou,frr.bgp.err.count,node_id,1,2,9.9206349e-05,0.0,1.0,1.0,1.0,0,,,,
log,guangzhou,frr.bgp.info.count,node_id,2,7,0.00017361111,0.0,1.0,2.0,2.0,0,,,,
log,guangzhou,frr.ospf.err.count,node_id,2,33,0.00081845238,0.0,6.0,6.4000001,7.6799998,23,0.0,0.89999998,1.0,1.0
log,guangzhou,frr.ospf.info.count,node_id,4,36,0.00044642857,0.0,2.0,6.0,6.0,8,2.0,3.3,3.8599999,3.9860001
log,guangzhou,frr.ospf.warning.count,node_id,2,31,0.00076884921,0.0,6.0,6.5,7.6999998,23,0.0,1.0,1.78,1.978
