city,raw_region,raw_node,raw_node_type,canonical_node_id,raw_row_count
beida,ccf-aiops-北大,br-1,br,beida-br-1,20152
beida,ccf-aiops-北大,br-2,br,beida-br-2,20152
beida,ccf-aiops-北大,cr-1,cr,beida-cr-1,20159
beida,ccf-aiops-北大,cr-2,cr,beida-cr-2,20159
beida,ccf-aiops-北大,fw,firewall,beida-fw,20159
beida,ccf-aiops-北大,service-vm-1,service,beida-service-vm-1,20159
beida,ccf-aiops-北大,service-vm-2,service,beida-service-vm-2,20159
beida,ccf-aiops-北大,service-vm-3,service,beida-service-vm-3,20159
beida,ccf-aiops-北大,traffic-vm,traffic,beida-traffic-vm,20159
chengdu,ccf-aiops-成都,br-1,br,chengdu-br-1,20131
chengdu,ccf-aiops-成都,br-2,br,chengdu-br-2,20131
chengdu,ccf-aiops-成都,cr-1,cr,chengdu-cr-1,20147
chengdu,ccf-aiops-成都,cr-2,cr,chengdu-cr-2,20147
chengdu,ccf-aiops-成都,fw,firewall,chengdu-fw,20147
chengdu,ccf-aiops-成都,service-vm-1,service,chengdu-service-vm-1,20147
chengdu,ccf-aiops-成都,service-vm-2,service,chengdu-service-vm-2,20147
chengdu,ccf-aiops-成都,service-vm-3,service,chengdu-service-vm-3,20147
chengdu,ccf-aiops-成都,traffic-vm,traffic,chengdu-traffic-vm,20147
guangzhou,ccf-aiops-广州,br-1,br,guangzhou-br-1,20147
guangzhou,ccf-aiops-广州,br-2,br,guangzhou-br-2,20147
guangzhou,ccf-aiops-广州,cr-1,cr,guangzhou-cr-1,20160
guangzhou,ccf-aiops-广州,cr-2,cr,guangzhou-cr-2,20160
guangzhou,ccf-aiops-广州,fw,firewall,guangzhou-fw,20160
guangzhou,ccf-aiops-广州,service-vm-1,service,guangzhou-service-vm-1,20160
guangzhou,ccf-aiops-广州,service-vm-2,service,guangzhou-service-vm-2,20160
guangzhou,ccf-aiops-广州,service-vm-3,service,guangzhou-service-vm-3,20160
guangzhou,ccf-aiops-广州,traffic-vm,traffic,guangzhou-traffic-vm,20160
nanjing,ccf-aiops-南京,br-1,br,nanjing-br-1,20152
nanjing,ccf-aiops-南京,br-2,br,nanjing-br-2,20152
nanjing,ccf-aiops-南京,cr-1,cr,nanjing-cr-1,20160
nanjing,ccf-aiops-南京,cr-2,cr,nanjing-cr-2,20160
nanjing,ccf-aiops-南京,fw,firewall,nanjing-fw,20160
nanjing,ccf-aiops-南京,service-vm-1,service,nanjing-service-vm-1,20160
nanjing,ccf-aiops-南京,service-vm-2,service,nanjing-service-vm-2,20160
nanjing,ccf-aiops-南京,service-vm-3,service,nanjing-service-vm-3,20160
nanjing,ccf-aiops-南京,traffic-vm,traffic,nanjing-traffic-vm,20160
shanghai,ccf-aiops-上海,br-1,br,shanghai-br-1,20108
shanghai,ccf-aiops-上海,br-2,br,shanghai-br-2,20108
shanghai,ccf-aiops-上海,cr-1,cr,shanghai-cr-1,20160
shanghai,ccf-aiops-上海,cr-2,cr,shanghai-cr-2,20160
shanghai,ccf-aiops-上海,fw,firewall,shanghai-fw,20160
shanghai,ccf-aiops-上海,service-vm-1,service,shanghai-service-vm-1,20160
shanghai,ccf-aiops-上海,service-vm-2,service,shanghai-service-vm-2,20160
shanghai,ccf-aiops-上海,service-vm-3,service,shanghai-service-vm-3,20160
shanghai,ccf-aiops-上海,traffic-vm,traffic,shanghai-traffic-vm,20160
shenyang,ccf-aiops-沈阳,br-1,br,shenyang-br-1,20139
shenyang,ccf-aiops-沈阳,br-2,br,shenyang-br-2,20139
shenyang,ccf-aiops-沈阳,cr-1,cr,shenyang-cr-1,20160
shenyang,ccf-aiops-沈阳,cr-2,cr,shenyang-cr-2,20160
shenyang,ccf-aiops-沈阳,fw,firewall,shenyang-fw,20160
shenyang,ccf-aiops-沈阳,service-vm-1,service,shenyang-service-vm-1,20160
shenyang,ccf-aiops-沈阳,service-vm-2,service,shenyang-service-vm-2,20160
shenyang,ccf-aiops-沈阳,service-vm-3,service,shenyang-service-vm-3,20160
shenyang,ccf-aiops-沈阳,traffic-vm,traffic,shenyang-traffic-vm,20134
wuhan,ccf-aiops-武汉,br-1,br,wuhan-br-1,20122
wuhan,ccf-aiops-武汉,br-2,br,wuhan-br-2,20122
wuhan,ccf-aiops-武汉,cr-1,cr,wuhan-cr-1,20160
wuhan,ccf-aiops-武汉,cr-2,cr,wuhan-cr-2,20160
wuhan,ccf-aiops-武汉,fw,firewall,wuhan-fw,20160
wuhan,ccf-aiops-武汉,service-vm-1,service,wuhan-service-vm-1,20160
wuhan,ccf-aiops-武汉,service-vm-2,service,wuhan-service-vm-2,20160
wuhan,ccf-aiops-武汉,service-vm-3,service,wuhan-service-vm-3,20160
wuhan,ccf-aiops-武汉,traffic-vm,traffic,wuhan-traffic-vm,20160
xian,ccf-aiops-西安,br-1,br,xian-br-1,20116
xian,ccf-aiops-西安,br-2,br,xian-br-2,20116
xian,ccf-aiops-西安,cr-1,cr,xian-cr-1,20160
xian,ccf-aiops-西安,cr-2,cr,xian-cr-2,20160
xian,ccf-aiops-西安,fw,firewall,xian-fw,20160
xian,ccf-aiops-西安,service-vm-1,service,xian-service-vm-1,20160
xian,ccf-aiops-西安,service-vm-2,service,xian-service-vm-2,20160
xian,ccf-aiops-西安,service-vm-3,service,xian-service-vm-3,20160
xian,ccf-aiops-西安,traffic-vm,traffic,xian-traffic-vm,20160
