source,field,rows,missing,non_missing,missing_fraction
frr,event_time,3481,0,3481,0.0
frr,event_time_raw,3481,0,3481,0.0
frr,facility,3481,0,3481,0.0
frr,hostname,3481,0,3481,0.0
frr,id,3481,0,3481,0.0
frr,inserted_at,3481,0,3481,0.0
frr,message,3481,0,3481,0.0
frr,pid,3481,0,3481,0.0
frr,program,3481,0,3481,0.0
frr,received_at,3481,0,3481,0.0
frr,received_at_raw,3481,0,3481,0.0
frr,region,3481,0,3481,0.0
frr,severity,3481,0,3481,0.0
frr,severity_code,3481,0,3481,0.0
frr,source_ip,3481,0,3481,0.0
interface,carrier_changes,9712086,0,9712086,0.0
interface,if_role,9712086,7455206,2256880,0.7676215
interface,interface_id,9712086,0,9712086,0.0
interface,node,9712086,0,9712086,0.0
interface,node_type,9712086,0,9712086,0.0
interface,region,9712086,0,9712086,0.0
interface,rx_bytes_rate,9712086,0,9712086,0.0
interface,rx_drop_rate,9712086,0,9712086,0.0
interface,rx_error_rate,9712086,0,9712086,0.0
interface,rx_packets_rate,9712086,0,9712086,0.0
interface,timestamp,9712086,0,9712086,0.0
interface,tx_bytes_rate,9712086,0,9712086,0.0
interface,tx_drop_rate,9712086,0,9712086,0.0
interface,tx_error_rate,9712086,0,9712086,0.0
interface,tx_packets_rate,9712086,0,9712086,0.0
netflow,bytes,465667376,0,465667376,0.0
netflow,collector_port,465667376,0,465667376,0.0
netflow,dst_addr,465667376,0,465667376,0.0
netflow,dst_port,465667376,0,465667376,0.0
netflow,first_seen,465667376,0,465667376,0.0
netflow,flow_record_count,465667376,0,465667376,0.0
netflow,if_role,465667376,465667376,0,1.0
netflow,interface_id,465667376,0,465667376,0.0
netflow,last_seen,465667376,0,465667376,0.0
netflow,minute_utc,465667376,0,465667376,0.0
netflow,node,465667376,0,465667376,0.0
netflow,node_key,465667376,0,465667376,0.0
netflow,node_type,465667376,0,465667376,0.0
netflow,packets,465667376,0,465667376,0.0
netflow,protocol,465667376,0,465667376,0.0
netflow,region,465667376,0,465667376,0.0
netflow,region_code,465667376,0,465667376,0.0
netflow,src_addr,465667376,0,465667376,0.0
netflow,src_port,465667376,0,465667376,0.0
node,cpu_usage,1450970,11,1450959,7.58e-06
node,disk_io_util,1450970,11,1450959,7.58e-06
node,disk_read_rate,1450970,11,1450959,7.58e-06
node,disk_write_rate,1450970,11,1450959,7.58e-06
node,filesystem_used_ratio,1450970,11,1450959,7.58e-06
node,inode_used_ratio,1450970,11,1450959,7.58e-06
node,load1,1450970,11,1450959,7.58e-06
node,load5,1450970,11,1450959,7.58e-06
node,memory_available_ratio,1450970,11,1450959,7.58e-06
node,node,1450970,0,1450970,0.0
node,node_type,1450970,0,1450970,0.0
node,open_fd_ratio,1450970,11,1450959,7.58e-06
node,process_count,1450970,11,1450959,7.58e-06
node,region,1450970,0,1450970,0.0
node,swap_used_ratio,1450970,11,1450959,7.58e-06
node,timestamp,1450970,0,1450970,0.0
routing,label,42139971,2902062,39237909,0.0688672
routing,metric_name,42139971,0,42139971,0.0
routing,node,42139971,0,42139971,0.0
routing,node_type,42139971,0,42139971,0.0
routing,region,42139971,0,42139971,0.0
routing,timestamp,42139971,0,42139971,0.0
routing,value,42139971,1935264,40204707,0.04592466
scrape,exporter_type,2096458,0,2096458,0.0
scrape,node,2096458,0,2096458,0.0
scrape,region,2096458,0,2096458,0.0
scrape,scrape_duration_seconds,2096458,0,2096458,0.0
scrape,scrape_error,2096458,2095606,852,0.9995936
scrape,scrape_samples,2096458,0,2096458,0.0
scrape,scrape_up,2096458,0,2096458,0.0
scrape,target_id,2096458,0,2096458,0.0
scrape,timestamp,2096458,0,2096458,0.0
traffic,auth_flow_active,421227,316081,105146,0.75038162
traffic,auth_flow_active_seconds_total,421227,316081,105146,0.75038162
traffic,auth_flow_batch_concurrency,421227,316081,105146,0.75038162
traffic,auth_flow_batch_duration_seconds,421227,316081,105146,0.75038162
traffic,auth_flow_batches_completed_total,421227,316081,105146,0.75038162
traffic,auth_flow_batches_failed_total,421227,316081,105146,0.75038162
traffic,auth_flow_batches_started_total,421227,316081,105146,0.75038162
traffic,auth_flow_batches_timeout_total,421227,316081,105146,0.75038162
traffic,auth_flow_bytes_received_total,421227,316081,105146,0.75038162
traffic,auth_flow_bytes_sent_total,421227,316081,105146,0.75038162
traffic,auth_flow_duration_seconds_count,421227,316081,105146,0.75038162
traffic,auth_flow_duration_seconds_sum,421227,316081,105146,0.75038162
traffic,auth_flow_error_total,421227,316081,105146,0.75038162
traffic,auth_flow_last_batch_timestamp_seconds,421227,316081,105146,0.75038162
traffic,auth_flow_latency_mean_seconds,421227,316081,105146,0.75038162
traffic,auth_flow_latency_p95_seconds,421227,316081,105146,0.75038162
traffic,auth_flow_observed_qps,421227,316081,105146,0.75038162
traffic,auth_flow_request_latency_seconds_bucket_le_0_01,421227,316081,105146,0.75038162
traffic,auth_flow_request_latency_seconds_bucket_le_0_025,421227,316081,105146,0.75038162
traffic,auth_flow_request_latency_seconds_bucket_le_0_05,421227,316081,105146,0.75038162
traffic,auth_flow_request_latency_seconds_bucket_le_0_1,421227,316081,105146,0.75038162
traffic,auth_flow_request_latency_seconds_bucket_le_0_25,421227,316081,105146,0.75038162
traffic,auth_flow_request_latency_seconds_bucket_le_0_5,421227,316081,105146,0.75038162
traffic,auth_flow_request_latency_seconds_bucket_le_1,421227,316081,105146,0.75038162
traffic,auth_flow_request_latency_seconds_bucket_le_2_5,421227,316081,105146,0.75038162
traffic,auth_flow_request_latency_seconds_bucket_le_5,421227,316081,105146,0.75038162
traffic,auth_flow_request_latency_seconds_bucket_le_plus_inf,421227,316081,105146,0.75038162
traffic,auth_flow_request_latency_seconds_count,421227,316081,105146,0.75038162
traffic,auth_flow_request_latency_seconds_sum,421227,316081,105146,0.75038162
traffic,auth_flow_requests_total,421227,316081,105146,0.75038162
traffic,auth_flow_success_total,421227,316081,105146,0.75038162
traffic,dns_flow_active,421227,261585,159642,0.6210072
traffic,dns_flow_active_seconds_total,421227,261585,159642,0.6210072
traffic,dns_flow_batch_concurrency,421227,261585,159642,0.6210072
traffic,dns_flow_batch_duration_seconds,421227,261585,159642,0.6210072
traffic,dns_flow_batches_completed_total,421227,261585,159642,0.6210072
traffic,dns_flow_batches_failed_total,421227,261585,159642,0.6210072
traffic,dns_flow_batches_started_total,421227,261585,159642,0.6210072
traffic,dns_flow_batches_timeout_total,421227,261585,159642,0.6210072
traffic,dns_flow_bytes_received_total,421227,261585,159642,0.6210072
traffic,dns_flow_bytes_sent_total,421227,261585,159642,0.6210072
traffic,dns_flow_duration_seconds_count,421227,261585,159642,0.6210072
traffic,dns_flow_duration_seconds_sum,421227,261585,159642,0.6210072
traffic,dns_flow_error_total,421227,261585,159642,0.6210072
traffic,dns_flow_last_batch_timestamp_seconds,421227,261585,159642,0.6210072
traffic,dns_flow_latency_mean_seconds,421227,261585,159642,0.6210072
traffic,dns_flow_latency_p95_seconds,421227,261585,159642,0.6210072
traffic,dns_flow_observed_qps,421227,261585,159642,0.6210072
traffic,dns_flow_request_latency_seconds_bucket_le_0_01,421227,261585,159642,0.6210072
traffic,dns_flow_request_latency_seconds_bucket_le_0_025,421227,261585,159642,0.6210072
traffic,dns_flow_request_latency_seconds_bucket_le_0_05,421227,261585,159642,0.6210072
traffic,dns_flow_request_latency_seconds_bucket_le_0_1,421227,261585,159642,0.6210072
traffic,dns_flow_request_latency_seconds_bucket_le_0_25,421227,261585,159642,0.6210072
traffic,dns_flow_request_latency_seconds_bucket_le_0_5,421227,261585,159642,0.6210072
traffic,dns_flow_request_latency_seconds_bucket_le_1,421227,261585,159642,0.6210072
traffic,dns_flow_request_latency_seconds_bucket_le_2_5,421227,261585,159642,0.6210072
traffic,dns_flow_request_latency_seconds_bucket_le_5,421227,261585,159642,0.6210072
traffic,dns_flow_request_latency_seconds_bucket_le_plus_inf,421227,261585,159642,0.6210072
traffic,dns_flow_request_latency_seconds_count,421227,261585,159642,0.6210072
traffic,dns_flow_request_latency_seconds_sum,421227,261585,159642,0.6210072
traffic,dns_flow_requests_total,421227,261585,159642,0.6210072
traffic,dns_flow_success_total,421227,261585,159642,0.6210072
traffic,elephant_flow_active,421227,414926,6301,0.98504132
traffic,elephant_flow_active_seconds_total,421227,414926,6301,0.98504132
traffic,elephant_flow_batch_concurrency,421227,414926,6301,0.98504132
traffic,elephant_flow_batch_duration_seconds,421227,414926,6301,0.98504132
traffic,elephant_flow_batches_completed_total,421227,414926,6301,0.98504132
traffic,elephant_flow_batches_failed_total,421227,414926,6301,0.98504132
traffic,elephant_flow_batches_started_total,421227,414926,6301,0.98504132
traffic,elephant_flow_batches_timeout_total,421227,414926,6301,0.98504132
traffic,elephant_flow_bytes_received_total,421227,414926,6301,0.98504132
traffic,elephant_flow_bytes_sent_total,421227,414926,6301,0.98504132
traffic,elephant_flow_duration_seconds_count,421227,414926,6301,0.98504132
traffic,elephant_flow_duration_seconds_sum,421227,414926,6301,0.98504132
traffic,elephant_flow_error_total,421227,414926,6301,0.98504132
traffic,elephant_flow_jitter_seconds,421227,415838,5389,0.98720642
traffic,elephant_flow_last_batch_timestamp_seconds,421227,414926,6301,0.98504132
traffic,elephant_flow_latency_mean_seconds,421227,421227,0,1.0
traffic,elephant_flow_latency_p95_seconds,421227,421227,0,1.0
traffic,elephant_flow_loss_rate,421227,415838,5389,0.98720642
traffic,elephant_flow_observed_qps,421227,421227,0,1.0
traffic,elephant_flow_requests_total,421227,414926,6301,0.98504132
traffic,elephant_flow_retransmits_total,421227,414926,6301,0.98504132
traffic,elephant_flow_success_total,421227,414926,6301,0.98504132
traffic,elephant_flow_throughput_bps,421227,415838,5389,0.98720642
traffic,flow_type,421227,0,421227,0.0
traffic,id,421227,0,421227,0.0
traffic,prometheus_sample_time_utc,421227,0,421227,0.0
traffic,protocol,421227,0,421227,0.0
traffic,series_key,421227,0,421227,0.0
traffic,source_ip,421227,0,421227,0.0
traffic,source_region,421227,0,421227,0.0
traffic,target_domain,421227,0,421227,0.0
traffic,target_region,421227,0,421227,0.0
traffic,timestamp_utc,421227,0,421227,0.0
traffic,web_flow_active,421227,271089,150138,0.64356986
traffic,web_flow_active_seconds_total,421227,271089,150138,0.64356986
traffic,web_flow_batch_concurrency,421227,271089,150138,0.64356986
traffic,web_flow_batch_duration_seconds,421227,271089,150138,0.64356986
traffic,web_flow_batches_completed_total,421227,271089,150138,0.64356986
traffic,web_flow_batches_failed_total,421227,271089,150138,0.64356986
traffic,web_flow_batches_started_total,421227,271089,150138,0.64356986
traffic,web_flow_batches_timeout_total,421227,271089,150138,0.64356986
traffic,web_flow_bytes_received_total,421227,271089,150138,0.64356986
traffic,web_flow_bytes_sent_total,421227,271089,150138,0.64356986
traffic,web_flow_duration_seconds_count,421227,271089,150138,0.64356986
traffic,web_flow_duration_seconds_sum,421227,271089,150138,0.64356986
traffic,web_flow_error_total,421227,271089,150138,0.64356986
traffic,web_flow_last_batch_timestamp_seconds,421227,271089,150138,0.64356986
traffic,web_flow_latency_mean_seconds,421227,271089,150138,0.64356986
traffic,web_flow_latency_p95_seconds,421227,271089,150138,0.64356986
traffic,web_flow_observed_qps,421227,271089,150138,0.64356986
traffic,web_flow_request_latency_seconds_bucket_le_0_01,421227,271089,150138,0.64356986
traffic,web_flow_request_latency_seconds_bucket_le_0_025,421227,271089,150138,0.64356986
traffic,web_flow_request_latency_seconds_bucket_le_0_05,421227,271089,150138,0.64356986
traffic,web_flow_request_latency_seconds_bucket_le_0_1,421227,271089,150138,0.64356986
traffic,web_flow_request_latency_seconds_bucket_le_0_25,421227,271089,150138,0.64356986
traffic,web_flow_request_latency_seconds_bucket_le_0_5,421227,271089,150138,0.64356986
traffic,web_flow_request_latency_seconds_bucket_le_1,421227,271089,150138,0.64356986
traffic,web_flow_request_latency_seconds_bucket_le_2_5,421227,271089,150138,0.64356986
traffic,web_flow_request_latency_seconds_bucket_le_5,421227,271089,150138,0.64356986
traffic,web_flow_request_latency_seconds_bucket_le_plus_inf,421227,271089,150138,0.64356986
traffic,web_flow_request_latency_seconds_count,421227,271089,150138,0.64356986
traffic,web_flow_request_latency_seconds_sum,421227,271089,150138,0.64356986
traffic,web_flow_requests_total,421227,271089,150138,0.64356986
traffic,web_flow_success_total,421227,271089,150138,0.64356986
