source,field,role,city_count,cities
node,cpu_usage,metric_or_payload,8,beida;chengdu;guangzhou;nanjing;shanghai;shenyang;wuhan;xian
node,disk_io_util,metric_or_payload,8,beida;chengdu;guangzhou;nanjing;shanghai;shenyang;wuhan;xian
node,disk_read_rate,metric_or_payload,8,beida;chengdu;guangzhou;nanjing;shanghai;shenyang;wuhan;xian
node,disk_write_rate,metric_or_payload,8,beida;chengdu;guangzhou;nanjing;shanghai;shenyang;wuhan;xian
node,filesystem_used_ratio,metric_or_payload,8,beida;chengdu;guangzhou;nanjing;shanghai;shenyang;wuhan;xian
node,inode_used_ratio,metric_or_payload,8,beida;chengdu;guangzhou;nanjing;shanghai;shenyang;wuhan;xian
node,load1,metric_or_payload,8,beida;chengdu;guangzhou;nanjing;shanghai;shenyang;wuhan;xian
node,load5,metric_or_payload,8,beida;chengdu;guangzhou;nanjing;shanghai;shenyang;wuhan;xian
node,memory_available_ratio,metric_or_payload,8,beida;chengdu;guangzhou;nanjing;shanghai;shenyang;wuhan;xian
node,node,identity_or_time,8,beida;chengdu;guangzhou;nanjing;shanghai;shenyang;wuhan;xian
node,node_type,identity_or_time,8,beida;chengdu;guangzhou;nanjing;shanghai;shenyang;wuhan;xian
node,open_fd_ratio,metric_or_payload,8,beida;chengdu;guangzhou;nanjing;shanghai;shenyang;wuhan;xian
node,process_count,metric_or_payload,8,beida;chengdu;guangzhou;nanjing;shanghai;shenyang;wuhan;xian
node,region,identity_or_time,8,beida;chengdu;guangzhou;nanjing;shanghai;shenyang;wuhan;xian
node,swap_used_ratio,metric_or_payload,8,beida;chengdu;guangzhou;nanjing;shanghai;shenyang;wuhan;xian
node,timestamp,identity_or_time,8,beida;chengdu;guangzhou;nanjing;shanghai;shenyang;wuhan;xian
interface,carrier_changes,metric_or_payload,8,beida;chengdu;guangzhou;nanjing;shanghai;shenyang;wuhan;xian
interface,if_role,identity_or_time,8,beida;chengdu;guangzhou;nanjing;shanghai;shenyang;wuhan;xian
interface,interface_id,identity_or_time,8,beida;chengdu;guangzhou;nanjing;shanghai;shenyang;wuhan;xian
interface,node,identity_or_time,8,beida;chengdu;guangzhou;nanjing;shanghai;shenyang;wuhan;xian
interface,node_type,identity_or_time,8,beida;chengdu;guangzhou;nanjing;shanghai;shenyang;wuhan;xian
interface,region,identity_or_time,8,beida;chengdu;guangzhou;nanjing;shanghai;shenyang;wuhan;xian
interface,rx_bytes_rate,metric_or_payload,8,beida;chengdu;guangzhou;nanjing;shanghai;shenyang;wuhan;xian
interface,rx_drop_rate,metric_or_payload,8,beida;chengdu;guangzhou;nanjing;shanghai;shenyang;wuhan;xian
interface,rx_error_rate,metric_or_payload,8,beida;chengdu;guangzhou;nanjing;shanghai;shenyang;wuhan;xian
interface,rx_packets_rate,metric_or_payload,8,beida;chengdu;guangzhou;nanjing;shanghai;shenyang;wuhan;xian
interface,timestamp,identity_or_time,8,beida;chengdu;guangzhou;nanjing;shanghai;shenyang;wuhan;xian
interface,tx_bytes_rate,metric_or_payload,8,beida;chengdu;guangzhou;nanjing;shanghai;shenyang;wuhan;xian
interface,tx_drop_rate,metric_or_payload,8,beida;chengdu;guangzhou;nanjing;shanghai;shenyang;wuhan;xian
interface,tx_error_rate,metric_or_payload,8,beida;chengdu;guangzhou;nanjing;shanghai;shenyang;wuhan;xian
interface,tx_packets_rate,metric_or_payload,8,beida;chengdu;guangzhou;nanjing;shanghai;shenyang;wuhan;xian
routing,label,identity_or_time,8,beida;chengdu;guangzhou;nanjing;shanghai;shenyang;wuhan;xian
routing,metric_name,identity_or_time,8,beida;chengdu;guangzhou;nanjing;shanghai;shenyang;wuhan;xian
routing,node,identity_or_time,8,beida;chengdu;guangzhou;nanjing;shanghai;shenyang;wuhan;xian
routing,node_type,identity_or_time,8,beida;chengdu;guangzhou;nanjing;shanghai;shenyang;wuhan;xian
routing,region,identity_or_time,8,beida;chengdu;guangzhou;nanjing;shanghai;shenyang;wuhan;xian
routing,timestamp,identity_or_time,8,beida;chengdu;guangzhou;nanjing;shanghai;shenyang;wuhan;xian
routing,value,metric_or_payload,8,beida;chengdu;guangzhou;nanjing;shanghai;shenyang;wuhan;xian
scrape,exporter_type,identity_or_time,8,beida;chengdu;guangzhou;nanjing;shanghai;shenyang;wuhan;xian
scrape,node,identity_or_time,8,beida;chengdu;guangzhou;nanjing;shanghai;shenyang;wuhan;xian
scrape,region,identity_or_time,8,beida;chengdu;guangzhou;nanjing;shanghai;shenyang;wuhan;xian
scrape,scrape_duration_seconds,metric_or_payload,8,beida;chengdu;guangzhou;nanjing;shanghai;shenyang;wuhan;xian
scrape,scrape_error,identity_or_time,8,beida;chengdu;guangzhou;nanjing;shanghai;shenyang;wuhan;xian
scrape,scrape_samples,metric_or_payload,8,beida;chengdu;guangzhou;nanjing;shanghai;shenyang;wuhan;xian
scrape,scrape_up,metric_or_payload,8,beida;chengdu;guangzhou;nanjing;shanghai;shenyang;wuhan;xian
scrape,target_id,identity_or_time,8,beida;chengdu;guangzhou;nanjing;shanghai;shenyang;wuhan;xian
scrape,timestamp,identity_or_time,8,beida;chengdu;guangzhou;nanjing;shanghai;shenyang;wuhan;xian
traffic,auth_flow_active,metric_or_payload,8,beida;chengdu;guangzhou;nanjing;shanghai;shenyang;wuhan;xian
traffic,auth_flow_active_seconds_total,metric_or_payload,8,beida;chengdu;guangzhou;nanjing;shanghai;shenyang;wuhan;xian
traffic,auth_flow_batch_concurrency,metric_or_payload,8,beida;chengdu;guangzhou;nanjing;shanghai;shenyang;wuhan;xian
traffic,auth_flow_batch_duration_seconds,metric_or_payload,8,beida;chengdu;guangzhou;nanjing;shanghai;shenyang;wuhan;xian
traffic,auth_flow_batches_completed_total,metric_or_payload,8,beida;chengdu;guangzhou;nanjing;shanghai;shenyang;wuhan;xian
traffic,auth_flow_batches_failed_total,metric_or_payload,8,beida;chengdu;guangzhou;nanjing;shanghai;shenyang;wuhan;xian
traffic,auth_flow_batches_started_total,metric_or_payload,8,beida;chengdu;guangzhou;nanjing;shanghai;shenyang;wuhan;xian
traffic,auth_flow_batches_timeout_total,metric_or_payload,8,beida;chengdu;guangzhou;nanjing;shanghai;shenyang;wuhan;xian
traffic,auth_flow_bytes_received_total,metric_or_payload,8,beida;chengdu;guangzhou;nanjing;shanghai;shenyang;wuhan;xian
traffic,auth_flow_bytes_sent_total,metric_or_payload,8,beida;chengdu;guangzhou;nanjing;shanghai;shenyang;wuhan;xian
traffic,auth_flow_duration_seconds_count,metric_or_payload,8,beida;chengdu;guangzhou;nanjing;shanghai;shenyang;wuhan;xian
traffic,auth_flow_duration_seconds_sum,metric_or_payload,8,beida;chengdu;guangzhou;nanjing;shanghai;shenyang;wuhan;xian
traffic,auth_flow_error_total,metric_or_payload,8,beida;chengdu;guangzhou;nanjing;shanghai;shenyang;wuhan;xian
traffic,auth_flow_last_batch_timestamp_seconds,metric_or_payload,8,beida;chengdu;guangzhou;nanjing;shanghai;shenyang;wuhan;xian
traffic,auth_flow_latency_mean_seconds,metric_or_payload,8,beida;chengdu;guangzhou;nanjing;shanghai;shenyang;wuhan;xian
traffic,auth_flow_latency_p95_seconds,metric_or_payload,8,beida;chengdu;guangzhou;nanjing;shanghai;shenyang;wuhan;xian
traffic,auth_flow_observed_qps,metric_or_payload,8,beida;chengdu;guangzhou;nanjing;shanghai;shenyang;wuhan;xian
traffic,auth_flow_request_latency_seconds_bucket_le_0_01,metric_or_payload,8,beida;chengdu;guangzhou;nanjing;shanghai;shenyang;wuhan;xian
traffic,auth_flow_request_latency_seconds_bucket_le_0_025,metric_or_payload,8,beida;chengdu;guangzhou;nanjing;shanghai;shenyang;wuhan;xian
traffic,auth_flow_request_latency_seconds_bucket_le_0_05,metric_or_payload,8,beida;chengdu;guangzhou;nanjing;shanghai;shenyang;wuhan;xian
traffic,auth_flow_request_latency_seconds_bucket_le_0_1,metric_or_payload,8,beida;chengdu;guangzhou;nanjing;shanghai;shenyang;wuhan;xian
traffic,auth_flow_request_latency_seconds_bucket_le_0_25,metric_or_payload,8,beida;chengdu;guangzhou;nanjing;shanghai;shenyang;wuhan;xian
traffic,auth_flow_request_latency_seconds_bucket_le_0_5,metric_or_payload,8,beida;chengdu;guangzhou;nanjing;shanghai;shenyang;wuhan;xian
traffic,auth_flow_request_latency_seconds_bucket_le_1,metric_or_payload,8,beida;chengdu;guangzhou;nanjing;shanghai;shenyang;wuhan;xian
traffic,auth_flow_request_latency_seconds_bucket_le_2_5,metric_or_payload,8,beida;chengdu;guangzhou;nanjing;shanghai;shenyang;wuhan;xian
traffic,auth_flow_request_latency_seconds_bucket_le_5,metric_or_payload,8,beida;chengdu;guangzhou;nanjing;shanghai;shenyang;wuhan;xian
traffic,auth_flow_request_latency_seconds_bucket_le_plus_inf,metric_or_payload,8,beida;chengdu;guangzhou;nanjing;shanghai;shenyang;wuhan;xian
traffic,auth_flow_request_latency_seconds_count,metric_or_payload,8,beida;chengdu;guangzhou;nanjing;shanghai;shenyang;wuhan;xian
traffic,auth_flow_request_latency_seconds_sum,metric_or_payload,8,beida;chengdu;guangzhou;nanjing;shanghai;shenyang;wuhan;xian
traffic,auth_flow_requests_total,metric_or_payload,8,beida;chengdu;guangzhou;nanjing;shanghai;shenyang;wuhan;xian
traffic,auth_flow_success_total,metric_or_payload,8,beida;chengdu;guangzhou;nanjing;shanghai;shenyang;wuhan;xian
traffic,dns_flow_active,metric_or_payload,8,beida;chengdu;guangzhou;nanjing;shanghai;shenyang;wuhan;xian
traffic,dns_flow_active_seconds_total,metric_or_payload,8,beida;chengdu;guangzhou;nanjing;shanghai;shenyang;wuhan;xian
traffic,dns_flow_batch_concurrency,metric_or_payload,8,beida;chengdu;guangzhou;nanjing;shanghai;shenyang;wuhan;xian
traffic,dns_flow_batch_duration_seconds,metric_or_payload,8,beida;chengdu;guangzhou;nanjing;shanghai;shenyang;wuhan;xian
traffic,dns_flow_batches_completed_total,metric_or_payload,8,beida;chengdu;guangzhou;nanjing;shanghai;shenyang;wuhan;xian
traffic,dns_flow_batches_failed_total,metric_or_payload,8,beida;chengdu;guangzhou;nanjing;shanghai;shenyang;wuhan;xian
traffic,dns_flow_batches_started_total,metric_or_payload,8,beida;chengdu;guangzhou;nanjing;shanghai;shenyang;wuhan;xian
traffic,dns_flow_batches_timeout_total,metric_or_payload,8,beida;chengdu;guangzhou;nanjing;shanghai;shenyang;wuhan;xian
traffic,dns_flow_bytes_received_total,metric_or_payload,8,beida;chengdu;guangzhou;nanjing;shanghai;shenyang;wuhan;xian
traffic,dns_flow_bytes_sent_total,metric_or_payload,8,beida;chengdu;guangzhou;nanjing;shanghai;shenyang;wuhan;xian
traffic,dns_flow_duration_seconds_count,metric_or_payload,8,beida;chengdu;guangzhou;nanjing;shanghai;shenyang;wuhan;xian
traffic,dns_flow_duration_seconds_sum,metric_or_payload,8,beida;chengdu;guangzhou;nanjing;shanghai;shenyang;wuhan;xian
traffic,dns_flow_error_total,metric_or_payload,8,beida;chengdu;guangzhou;nanjing;shanghai;shenyang;wuhan;xian
traffic,dns_flow_last_batch_timestamp_seconds,metric_or_payload,8,beida;chengdu;guangzhou;nanjing;shanghai;shenyang;wuhan;xian
traffic,dns_flow_latency_mean_seconds,metric_or_payload,8,beida;chengdu;guangzhou;nanjing;shanghai;shenyang;wuhan;xian
traffic,dns_flow_latency_p95_seconds,metric_or_payload,8,beida;chengdu;guangzhou;nanjing;shanghai;shenyang;wuhan;xian
traffic,dns_flow_observed_qps,metric_or_payload,8,beida;chengdu;guangzhou;nanjing;shanghai;shenyang;wuhan;xian
traffic,dns_flow_request_latency_seconds_bucket_le_0_01,metric_or_payload,8,beida;chengdu;guangzhou;nanjing;shanghai;shenyang;wuhan;xian
traffic,dns_flow_request_latency_seconds_bucket_le_0_025,metric_or_payload,8,beida;chengdu;guangzhou;nanjing;shanghai;shenyang;wuhan;xian
traffic,dns_flow_request_latency_seconds_bucket_le_0_05,metric_or_payload,8,beida;chengdu;guangzhou;nanjing;shanghai;shenyang;wuhan;xian
traffic,dns_flow_request_latency_seconds_bucket_le_0_1,metric_or_payload,8,beida;chengdu;guangzhou;nanjing;shanghai;shenyang;wuhan;xian
traffic,dns_flow_request_latency_seconds_bucket_le_0_25,metric_or_payload,8,beida;chengdu;guangzhou;nanjing;shanghai;shenyang;wuhan;xian
traffic,dns_flow_request_latency_seconds_bucket_le_0_5,metric_or_payload,8,beida;chengdu;guangzhou;nanjing;shanghai;shenyang;wuhan;xian
traffic,dns_flow_request_latency_seconds_bucket_le_1,metric_or_payload,8,beida;chengdu;guangzhou;nanjing;shanghai;shenyang;wuhan;xian
traffic,dns_flow_request_latency_seconds_bucket_le_2_5,metric_or_payload,8,beida;chengdu;guangzhou;nanjing;shanghai;shenyang;wuhan;xian
traffic,dns_flow_request_latency_seconds_bucket_le_5,metric_or_payload,8,beida;chengdu;guangzhou;nanjing;shanghai;shenyang;wuhan;xian
traffic,dns_flow_request_latency_seconds_bucket_le_plus_inf,metric_or_payload,8,beida;chengdu;guangzhou;nanjing;shanghai;shenyang;wuhan;xian
traffic,dns_flow_request_latency_seconds_count,metric_or_payload,8,beida;chengdu;guangzhou;nanjing;shanghai;shenyang;wuhan;xian
traffic,dns_flow_request_latency_seconds_sum,metric_or_payload,8,beida;chengdu;guangzhou;nanjing;shanghai;shenyang;wuhan;xian
traffic,dns_flow_requests_total,metric_or_payload,8,beida;chengdu;guangzhou;nanjing;shanghai;shenyang;wuhan;xian
traffic,dns_flow_success_total,metric_or_payload,8,beida;chengdu;guangzhou;nanjing;shanghai;shenyang;wuhan;xian
traffic,elephant_flow_active,metric_or_payload,8,beida;chengdu;guangzhou;nanjing;shanghai;shenyang;wuhan;xian
traffic,elephant_flow_active_seconds_total,metric_or_payload,8,beida;chengdu;guangzhou;nanjing;shanghai;shenyang;wuhan;xian
traffic,elephant_flow_batch_concurrency,metric_or_payload,8,beida;chengdu;guangzhou;nanjing;shanghai;shenyang;wuhan;xian
traffic,elephant_flow_batch_duration_seconds,metric_or_payload,8,beida;chengdu;guangzhou;nanjing;shanghai;shenyang;wuhan;xian
traffic,elephant_flow_batches_completed_total,metric_or_payload,8,beida;chengdu;guangzhou;nanjing;shanghai;shenyang;wuhan;xian
traffic,elephant_flow_batches_failed_total,metric_or_payload,8,beida;chengdu;guangzhou;nanjing;shanghai;shenyang;wuhan;xian
traffic,elephant_flow_batches_started_total,metric_or_payload,8,beida;chengdu;guangzhou;nanjing;shanghai;shenyang;wuhan;xian
traffic,elephant_flow_batches_timeout_total,metric_or_payload,8,beida;chengdu;guangzhou;nanjing;shanghai;shenyang;wuhan;xian
traffic,elephant_flow_bytes_received_total,metric_or_payload,8,beida;chengdu;guangzhou;nanjing;shanghai;shenyang;wuhan;xian
traffic,elephant_flow_bytes_sent_total,metric_or_payload,8,beida;chengdu;guangzhou;nanjing;shanghai;shenyang;wuhan;xian
traffic,elephant_flow_duration_seconds_count,metric_or_payload,8,beida;chengdu;guangzhou;nanjing;shanghai;shenyang;wuhan;xian
traffic,elephant_flow_duration_seconds_sum,metric_or_payload,8,beida;chengdu;guangzhou;nanjing;shanghai;shenyang;wuhan;xian
traffic,elephant_flow_error_total,metric_or_payload,8,beida;chengdu;guangzhou;nanjing;shanghai;shenyang;wuhan;xian
traffic,elephant_flow_jitter_seconds,metric_or_payload,8,beida;chengdu;guangzhou;nanjing;shanghai;shenyang;wuhan;xian
traffic,elephant_flow_last_batch_timestamp_seconds,metric_or_payload,8,beida;chengdu;guangzhou;nanjing;shanghai;shenyang;wuhan;xian
traffic,elephant_flow_latency_mean_seconds,metric_or_payload,8,beida;chengdu;guangzhou;nanjing;shanghai;shenyang;wuhan;xian
traffic,elephant_flow_latency_p95_seconds,metric_or_payload,8,beida;chengdu;guangzhou;nanjing;shanghai;shenyang;wuhan;xian
traffic,elephant_flow_loss_rate,metric_or_payload,8,beida;chengdu;guangzhou;nanjing;shanghai;shenyang;wuhan;xian
traffic,elephant_flow_observed_qps,metric_or_payload,8,beida;chengdu;guangzhou;nanjing;shanghai;shenyang;wuhan;xian
traffic,elephant_flow_requests_total,metric_or_payload,8,beida;chengdu;guangzhou;nanjing;shanghai;shenyang;wuhan;xian
traffic,elephant_flow_retransmits_total,metric_or_payload,8,beida;chengdu;guangzhou;nanjing;shanghai;shenyang;wuhan;xian
traffic,elephant_flow_success_total,metric_or_payload,8,beida;chengdu;guangzhou;nanjing;shanghai;shenyang;wuhan;xian
traffic,elephant_flow_throughput_bps,metric_or_payload,8,beida;chengdu;guangzhou;nanjing;shanghai;shenyang;wuhan;xian
traffic,flow_type,identity_or_time,8,beida;chengdu;guangzhou;nanjing;shanghai;shenyang;wuhan;xian
traffic,id,identity_or_time,8,beida;chengdu;guangzhou;nanjing;shanghai;shenyang;wuhan;xian
traffic,prometheus_sample_time_utc,identity_or_time,8,beida;chengdu;guangzhou;nanjing;shanghai;shenyang;wuhan;xian
traffic,protocol,identity_or_time,8,beida;chengdu;guangzhou;nanjing;shanghai;shenyang;wuhan;xian
traffic,series_key,identity_or_time,8,beida;chengdu;guangzhou;nanjing;shanghai;shenyang;wuhan;xian
traffic,source_ip,identity_or_time,8,beida;chengdu;guangzhou;nanjing;shanghai;shenyang;wuhan;xian
traffic,source_region,identity_or_time,8,beida;chengdu;guangzhou;nanjing;shanghai;shenyang;wuhan;xian
traffic,target_domain,identity_or_time,8,beida;chengdu;guangzhou;nanjing;shanghai;shenyang;wuhan;xian
traffic,target_region,identity_or_time,8,beida;chengdu;guangzhou;nanjing;shanghai;shenyang;wuhan;xian
traffic,timestamp_utc,identity_or_time,8,beida;chengdu;guangzhou;nanjing;shanghai;shenyang;wuhan;xian
traffic,web_flow_active,metric_or_payload,8,beida;chengdu;guangzhou;nanjing;shanghai;shenyang;wuhan;xian
traffic,web_flow_active_seconds_total,metric_or_payload,8,beida;chengdu;guangzhou;nanjing;shanghai;shenyang;wuhan;xian
traffic,web_flow_batch_concurrency,metric_or_payload,8,beida;chengdu;guangzhou;nanjing;shanghai;shenyang;wuhan;xian
traffic,web_flow_batch_duration_seconds,metric_or_payload,8,beida;chengdu;guangzhou;nanjing;shanghai;shenyang;wuhan;xian
traffic,web_flow_batches_completed_total,metric_or_payload,8,beida;chengdu;guangzhou;nanjing;shanghai;shenyang;wuhan;xian
traffic,web_flow_batches_failed_total,metric_or_payload,8,beida;chengdu;guangzhou;nanjing;shanghai;shenyang;wuhan;xian
traffic,web_flow_batches_started_total,metric_or_payload,8,beida;chengdu;guangzhou;nanjing;shanghai;shenyang;wuhan;xian
traffic,web_flow_batches_timeout_total,metric_or_payload,8,beida;chengdu;guangzhou;nanjing;shanghai;shenyang;wuhan;xian
traffic,web_flow_bytes_received_total,metric_or_payload,8,beida;chengdu;guangzhou;nanjing;shanghai;shenyang;wuhan;xian
traffic,web_flow_bytes_sent_total,metric_or_payload,8,beida;chengdu;guangzhou;nanjing;shanghai;shenyang;wuhan;xian
traffic,web_flow_duration_seconds_count,metric_or_payload,8,beida;chengdu;guangzhou;nanjing;shanghai;shenyang;wuhan;xian
traffic,web_flow_duration_seconds_sum,metric_or_payload,8,beida;chengdu;guangzhou;nanjing;shanghai;shenyang;wuhan;xian
traffic,web_flow_error_total,metric_or_payload,8,beida;chengdu;guangzhou;nanjing;shanghai;shenyang;wuhan;xian
traffic,web_flow_last_batch_timestamp_seconds,metric_or_payload,8,beida;chengdu;guangzhou;nanjing;shanghai;shenyang;wuhan;xian
traffic,web_flow_latency_mean_seconds,metric_or_payload,8,beida;chengdu;guangzhou;nanjing;shanghai;shenyang;wuhan;xian
traffic,web_flow_latency_p95_seconds,metric_or_payload,8,beida;chengdu;guangzhou;nanjing;shanghai;shenyang;wuhan;xian
traffic,web_flow_observed_qps,metric_or_payload,8,beida;chengdu;guangzhou;nanjing;shanghai;shenyang;wuhan;xian
traffic,web_flow_request_latency_seconds_bucket_le_0_01,metric_or_payload,8,beida;chengdu;guangzhou;nanjing;shanghai;shenyang;wuhan;xian
traffic,web_flow_request_latency_seconds_bucket_le_0_025,metric_or_payload,8,beida;chengdu;guangzhou;nanjing;shanghai;shenyang;wuhan;xian
traffic,web_flow_request_latency_seconds_bucket_le_0_05,metric_or_payload,8,beida;chengdu;guangzhou;nanjing;shanghai;shenyang;wuhan;xian
traffic,web_flow_request_latency_seconds_bucket_le_0_1,metric_or_payload,8,beida;chengdu;guangzhou;nanjing;shanghai;shenyang;wuhan;xian
traffic,web_flow_request_latency_seconds_bucket_le_0_25,metric_or_payload,8,beida;chengdu;guangzhou;nanjing;shanghai;shenyang;wuhan;xian
traffic,web_flow_request_latency_seconds_bucket_le_0_5,metric_or_payload,8,beida;chengdu;guangzhou;nanjing;shanghai;shenyang;wuhan;xian
traffic,web_flow_request_latency_seconds_bucket_le_1,metric_or_payload,8,beida;chengdu;guangzhou;nanjing;shanghai;shenyang;wuhan;xian
traffic,web_flow_request_latency_seconds_bucket_le_2_5,metric_or_payload,8,beida;chengdu;guangzhou;nanjing;shanghai;shenyang;wuhan;xian
traffic,web_flow_request_latency_seconds_bucket_le_5,metric_or_payload,8,beida;chengdu;guangzhou;nanjing;shanghai;shenyang;wuhan;xian
traffic,web_flow_request_latency_seconds_bucket_le_plus_inf,metric_or_payload,8,beida;chengdu;guangzhou;nanjing;shanghai;shenyang;wuhan;xian
traffic,web_flow_request_latency_seconds_count,metric_or_payload,8,beida;chengdu;guangzhou;nanjing;shanghai;shenyang;wuhan;xian
traffic,web_flow_request_latency_seconds_sum,metric_or_payload,8,beida;chengdu;guangzhou;nanjing;shanghai;shenyang;wuhan;xian
traffic,web_flow_requests_total,metric_or_payload,8,beida;chengdu;guangzhou;nanjing;shanghai;shenyang;wuhan;xian
traffic,web_flow_success_total,metric_or_payload,8,beida;chengdu;guangzhou;nanjing;shanghai;shenyang;wuhan;xian
netflow,bytes,metric_or_payload,8,beida;chengdu;guangzhou;nanjing;shanghai;shenyang;wuhan;xian
netflow,collector_port,identity_or_time,8,beida;chengdu;guangzhou;nanjing;shanghai;shenyang;wuhan;xian
netflow,dst_addr,identity_or_time,8,beida;chengdu;guangzhou;nanjing;shanghai;shenyang;wuhan;xian
netflow,dst_port,identity_or_time,8,beida;chengdu;guangzhou;nanjing;shanghai;shenyang;wuhan;xian
netflow,first_seen,identity_or_time,8,beida;chengdu;guangzhou;nanjing;shanghai;shenyang;wuhan;xian
netflow,flow_record_count,metric_or_payload,8,beida;chengdu;guangzhou;nanjing;shanghai;shenyang;wuhan;xian
netflow,if_role,identity_or_time,8,beida;chengdu;guangzhou;nanjing;shanghai;shenyang;wuhan;xian
netflow,interface_id,identity_or_time,8,beida;chengdu;guangzhou;nanjing;shanghai;shenyang;wuhan;xian
netflow,last_seen,identity_or_time,8,beida;chengdu;guangzhou;nanjing;shanghai;shenyang;wuhan;xian
netflow,minute_utc,identity_or_time,8,beida;chengdu;guangzhou;nanjing;shanghai;shenyang;wuhan;xian
netflow,node,identity_or_time,8,beida;chengdu;guangzhou;nanjing;shanghai;shenyang;wuhan;xian
netflow,node_key,identity_or_time,8,beida;chengdu;guangzhou;nanjing;shanghai;shenyang;wuhan;xian
netflow,node_type,identity_or_time,8,beida;chengdu;guangzhou;nanjing;shanghai;shenyang;wuhan;xian
netflow,packets,metric_or_payload,8,beida;chengdu;guangzhou;nanjing;shanghai;shenyang;wuhan;xian
netflow,protocol,identity_or_time,8,beida;chengdu;guangzhou;nanjing;shanghai;shenyang;wuhan;xian
netflow,region,identity_or_time,8,beida;chengdu;guangzhou;nanjing;shanghai;shenyang;wuhan;xian
netflow,region_code,identity_or_time,8,beida;chengdu;guangzhou;nanjing;shanghai;shenyang;wuhan;xian
netflow,src_addr,identity_or_time,8,beida;chengdu;guangzhou;nanjing;shanghai;shenyang;wuhan;xian
netflow,src_port,identity_or_time,8,beida;chengdu;guangzhou;nanjing;shanghai;shenyang;wuhan;xian
frr,event_time,identity_or_time,8,beida;chengdu;guangzhou;nanjing;shanghai;shenyang;wuhan;xian
frr,event_time_raw,identity_or_time,8,beida;chengdu;guangzhou;nanjing;shanghai;shenyang;wuhan;xian
frr,facility,identity_or_time,8,beida;chengdu;guangzhou;nanjing;shanghai;shenyang;wuhan;xian
frr,hostname,identity_or_time,8,beida;chengdu;guangzhou;nanjing;shanghai;shenyang;wuhan;xian
frr,id,identity_or_time,8,beida;chengdu;guangzhou;nanjing;shanghai;shenyang;wuhan;xian
frr,inserted_at,identity_or_time,8,beida;chengdu;guangzhou;nanjing;shanghai;shenyang;wuhan;xian
frr,message,identity_or_time,8,beida;chengdu;guangzhou;nanjing;shanghai;shenyang;wuhan;xian
frr,pid,identity_or_time,8,beida;chengdu;guangzhou;nanjing;shanghai;shenyang;wuhan;xian
frr,program,identity_or_time,8,beida;chengdu;guangzhou;nanjing;shanghai;shenyang;wuhan;xian
frr,received_at,identity_or_time,8,beida;chengdu;guangzhou;nanjing;shanghai;shenyang;wuhan;xian
frr,received_at_raw,identity_or_time,8,beida;chengdu;guangzhou;nanjing;shanghai;shenyang;wuhan;xian
frr,region,identity_or_time,8,beida;chengdu;guangzhou;nanjing;shanghai;shenyang;wuhan;xian
frr,severity,identity_or_time,8,beida;chengdu;guangzhou;nanjing;shanghai;shenyang;wuhan;xian
frr,severity_code,identity_or_time,8,beida;chengdu;guangzhou;nanjing;shanghai;shenyang;wuhan;xian
frr,source_ip,identity_or_time,8,beida;chengdu;guangzhou;nanjing;shanghai;shenyang;wuhan;xian
