city,source,path,rows,malformed_rows,size_bytes
beida,frr,data/stage1/regions/beida_20260819040000_20260902040000/beida_20260819040000_20260902040000_data/frr_syslog_events_20260819040000_20260902040000.csv,310,0,82739
beida,interface,data/stage1/regions/beida_20260819040000_20260902040000/beida_20260819040000_20260902040000_data/interface_metrics_20260819040000_20260902040000.csv,1209400,0,121195314
beida,netflow,data/stage1/regions/beida_20260819040000_20260902040000/beida_20260819040000_20260902040000_data/netflow_5tuple_minute_readable.csv,109490525,0,22553679911
beida,node,data/stage1/regions/beida_20260819040000_20260902040000/beida_20260819040000_20260902040000_data/node_metrics_20260819040000_20260902040000.csv,181417,0,38800944
beida,routing,data/stage1/regions/beida_20260819040000_20260902040000/beida_20260819040000_20260902040000_data/routing_metrics_20260819040000_20260902040000.csv,5442058,0,669625648
beida,scrape,data/stage1/regions/beida_20260819040000_20260902040000/beida_20260819040000_20260902040000_data/scrape_health_20260819040000_20260902040000.csv,262067,0,27206256
beida,traffic,data/stage1/regions/beida_20260819040000_20260902040000/beida_20260819040000_20260902040000_data/traffic_flow_metrics.csv,52631,0,38653580
chengdu,frr,data/stage1/regions/chengdu_20260819040000_20260902040000/chengdu_20260819040000_20260902040000_data/frr_syslog_events_20260819040000_20260902040000.csv,432,0,116362
chengdu,interface,data/stage1/regions/chengdu_20260819040000_20260902040000/chengdu_20260819040000_20260902040000_data/interface_metrics_20260819040000_20260902040000.csv,1208480,0,119993948
chengdu,netflow,data/stage1/regions/chengdu_20260819040000_20260902040000/chengdu_20260819040000_20260902040000_data/netflow_5tuple_minute_readable.csv,32956265,0,6824312705
chengdu,node,data/stage1/regions/chengdu_20260819040000_20260902040000/chengdu_20260819040000_20260902040000_data/node_metrics_20260819040000_20260902040000.csv,181291,0,38588545
chengdu,routing,data/stage1/regions/chengdu_20260819040000_20260902040000/chengdu_20260819040000_20260902040000_data/routing_metrics_20260819040000_20260902040000.csv,5116507,0,626380342
chengdu,scrape,data/stage1/regions/chengdu_20260819040000_20260902040000/chengdu_20260819040000_20260902040000_data/scrape_health_20260819040000_20260902040000.csv,261911,0,27190221
chengdu,traffic,data/stage1/regions/chengdu_20260819040000_20260902040000/chengdu_20260819040000_20260902040000_data/traffic_flow_metrics.csv,52488,0,38346065
guangzhou,frr,data/stage1/regions/guangzhou_20260819040000_20260902040000/guangzhou_20260819040000_20260902040000_data/frr_syslog_events_20260819040000_20260902040000.csv,444,0,121666
guangzhou,interface,data/stage1/regions/guangzhou_20260819040000_20260902040000/guangzhou_20260819040000_20260902040000_data/interface_metrics_20260819040000_20260902040000.csv,1209320,0,121555335
guangzhou,netflow,data/stage1/regions/guangzhou_20260819040000_20260902040000/guangzhou_20260819040000_20260902040000_data/netflow_5tuple_minute_readable.csv,33812982,0,7067156937
guangzhou,node,data/stage1/regions/guangzhou_20260819040000_20260902040000/guangzhou_20260819040000_20260902040000_data/node_metrics_20260819040000_20260902040000.csv,181414,0,38601065
guangzhou,routing,data/stage1/regions/guangzhou_20260819040000_20260902040000/guangzhou_20260819040000_20260902040000_data/routing_metrics_20260819040000_20260902040000.csv,5014277,0,605388039
guangzhou,scrape,data/stage1/regions/guangzhou_20260819040000_20260902040000/guangzhou_20260819040000_20260902040000_data/scrape_health_20260819040000_20260902040000.csv,262080,0,27207242
guangzhou,traffic,data/stage1/regions/guangzhou_20260819040000_20260902040000/guangzhou_20260819040000_20260902040000_data/traffic_flow_metrics.csv,52723,0,38670107
nanjing,frr,data/stage1/regions/nanjing_20260819040000_20260902040000/nanjing_20260819040000_20260902040000_data/frr_syslog_events_20260819040000_20260902040000.csv,487,0,131561
nanjing,interface,data/stage1/regions/nanjing_20260819040000_20260902040000/nanjing_20260819040000_20260902040000_data/interface_metrics_20260819040000_20260902040000.csv,1249740,0,124266605
nanjing,netflow,data/stage1/regions/nanjing_20260819040000_20260902040000/nanjing_20260819040000_20260902040000_data/netflow_5tuple_minute_readable.csv,34484309,0,7139077043
nanjing,node,data/stage1/regions/nanjing_20260819040000_20260902040000/nanjing_20260819040000_20260902040000_data/node_metrics_20260819040000_20260902040000.csv,181424,0,38567235
nanjing,routing,data/stage1/regions/nanjing_20260819040000_20260902040000/nanjing_20260819040000_20260902040000_data/routing_metrics_20260819040000_20260902040000.csv,5139599,0,628789374
nanjing,scrape,data/stage1/regions/nanjing_20260819040000_20260902040000/nanjing_20260819040000_20260902040000_data/scrape_health_20260819040000_20260902040000.csv,262080,0,27207486
nanjing,traffic,data/stage1/regions/nanjing_20260819040000_20260902040000/nanjing_20260819040000_20260902040000_data/traffic_flow_metrics.csv,52565,0,38724302
shanghai,frr,data/stage1/regions/shanghai_20260819040000_20260902040000/shanghai_20260819040000_20260902040000_data/frr_syslog_events_20260819040000_20260902040000.csv,566,0,153466
shanghai,interface,data/stage1/regions/shanghai_20260819040000_20260902040000/shanghai_20260819040000_20260902040000_data/interface_metrics_20260819040000_20260902040000.csv,1208510,0,120892179
shanghai,netflow,data/stage1/regions/shanghai_20260819040000_20260902040000/shanghai_20260819040000_20260902040000_data/netflow_5tuple_minute_readable.csv,121624072,0,25214032200
shanghai,node,data/stage1/regions/shanghai_20260819040000_20260902040000/shanghai_20260819040000_20260902040000_data/node_metrics_20260819040000_20260902040000.csv,181336,0,38895792
shanghai,routing,data/stage1/regions/shanghai_20260819040000_20260902040000/shanghai_20260819040000_20260902040000_data/routing_metrics_20260819040000_20260902040000.csv,5435086,0,659981311
shanghai,scrape,data/stage1/regions/shanghai_20260819040000_20260902040000/shanghai_20260819040000_20260902040000_data/scrape_health_20260819040000_20260902040000.csv,262080,0,27208651
shanghai,traffic,data/stage1/regions/shanghai_20260819040000_20260902040000/shanghai_20260819040000_20260902040000_data/traffic_flow_metrics.csv,52754,0,39044228
shenyang,frr,data/stage1/regions/shenyang_20260819040000_20260902040000/shenyang_20260819040000_20260902040000_data/frr_syslog_events_20260819040000_20260902040000.csv,334,0,90825
shenyang,interface,data/stage1/regions/shenyang_20260819040000_20260902040000/shenyang_20260819040000_20260902040000_data/interface_metrics_20260819040000_20260902040000.csv,1209076,0,120491650
shenyang,netflow,data/stage1/regions/shenyang_20260819040000_20260902040000/shenyang_20260819040000_20260902040000_data/netflow_5tuple_minute_readable.csv,34595845,0,7210117570
shenyang,node,data/stage1/regions/shenyang_20260819040000_20260902040000/shenyang_20260819040000_20260902040000_data/node_metrics_20260819040000_20260902040000.csv,181372,0,36556492
shenyang,routing,data/stage1/regions/shenyang_20260819040000_20260902040000/shenyang_20260819040000_20260902040000_data/routing_metrics_20260819040000_20260902040000.csv,5158214,0,634513912
shenyang,scrape,data/stage1/regions/shenyang_20260819040000_20260902040000/shenyang_20260819040000_20260902040000_data/scrape_health_20260819040000_20260902040000.csv,262080,0,27207865
shenyang,traffic,data/stage1/regions/shenyang_20260819040000_20260902040000/shenyang_20260819040000_20260902040000_data/traffic_flow_metrics.csv,52686,0,38627468
wuhan,frr,data/stage1/regions/wuhan_20260819040000_20260902040000/wuhan_20260819040000_20260902040000_data/frr_syslog_events_20260819040000_20260902040000.csv,817,0,218452
wuhan,interface,data/stage1/regions/wuhan_20260819040000_20260902040000/wuhan_20260819040000_20260902040000_data/interface_metrics_20260819040000_20260902040000.csv,1208840,0,120628404
wuhan,netflow,data/stage1/regions/wuhan_20260819040000_20260902040000/wuhan_20260819040000_20260902040000_data/netflow_5tuple_minute_readable.csv,63067603,0,12951174764
wuhan,node,data/stage1/regions/wuhan_20260819040000_20260902040000/wuhan_20260819040000_20260902040000_data/node_metrics_20260819040000_20260902040000.csv,181364,0,38818620
wuhan,routing,data/stage1/regions/wuhan_20260819040000_20260902040000/wuhan_20260819040000_20260902040000_data/routing_metrics_20260819040000_20260902040000.csv,5759720,0,715566253
wuhan,scrape,data/stage1/regions/wuhan_20260819040000_20260902040000/wuhan_20260819040000_20260902040000_data/scrape_health_20260819040000_20260902040000.csv,262080,0,27205548
wuhan,traffic,data/stage1/regions/wuhan_20260819040000_20260902040000/wuhan_20260819040000_20260902040000_data/traffic_flow_metrics.csv,52706,0,38842092
xian,frr,data/stage1/regions/xian_20260819040000_20260902040000/xian_20260819040000_20260902040000_data/frr_syslog_events_20260819040000_20260902040000.csv,91,0,25439
xian,interface,data/stage1/regions/xian_20260819040000_20260902040000/xian_20260819040000_20260902040000_data/interface_metrics_20260819040000_20260902040000.csv,1208720,0,120933407
xian,netflow,data/stage1/regions/xian_20260819040000_20260902040000/xian_20260819040000_20260902040000_data/netflow_5tuple_minute_readable.csv,35635775,0,7269297257
xian,node,data/stage1/regions/xian_20260819040000_20260902040000/xian_20260819040000_20260902040000_data/node_metrics_20260819040000_20260902040000.csv,181352,0,38496326
xian,routing,data/stage1/regions/xian_20260819040000_20260902040000/xian_20260819040000_20260902040000_data/routing_metrics_20260819040000_20260902040000.csv,5074510,0,615324172
xian,scrape,data/stage1/regions/xian_20260819040000_20260902040000/xian_20260819040000_20260902040000_data/scrape_health_20260819040000_20260902040000.csv,262080,0,27208367
xian,traffic,data/stage1/regions/xian_20260819040000_20260902040000/xian_20260819040000_20260902040000_data/traffic_flow_metrics.csv,52674,0,38374463
