city,metric_name,node_type,rows,value_missing,value_missing_fraction
beida,bgp_command_success,br,40304,0,0.0
chengdu,bgp_command_success,br,40270,0,0.0
guangzhou,bgp_command_success,br,40290,0,0.0
nanjing,bgp_command_success,br,40302,0,0.0
shanghai,bgp_command_success,br,40211,0,0.0
shenyang,bgp_command_success,br,40276,0,0.0
wuhan,bgp_command_success,br,40244,0,0.0
xian,bgp_command_success,br,40230,0,0.0
beida,bgp_command_success,cr,40320,40320,1.0
chengdu,bgp_command_success,cr,40304,40304,1.0
guangzhou,bgp_command_success,cr,40320,40320,1.0
nanjing,bgp_command_success,cr,40320,40320,1.0
shanghai,bgp_command_success,cr,40320,40320,1.0
shenyang,bgp_command_success,cr,40320,40320,1.0
wuhan,bgp_command_success,cr,40320,40320,1.0
xian,bgp_command_success,cr,40320,40320,1.0
beida,bgp_peer_count,br,40304,0,0.0
chengdu,bgp_peer_count,br,40270,0,0.0
guangzhou,bgp_peer_count,br,40290,0,0.0
nanjing,bgp_peer_count,br,40302,0,0.0
shanghai,bgp_peer_count,br,40211,0,0.0
shenyang,bgp_peer_count,br,40276,0,0.0
wuhan,bgp_peer_count,br,40244,0,0.0
xian,bgp_peer_count,br,40230,0,0.0
beida,bgp_peer_count,cr,40320,40320,1.0
chengdu,bgp_peer_count,cr,40304,40304,1.0
guangzhou,bgp_peer_count,cr,40320,40320,1.0
nanjing,bgp_peer_count,cr,40320,40320,1.0
shanghai,bgp_peer_count,cr,40320,40320,1.0
shenyang,bgp_peer_count,cr,40320,40320,1.0
wuhan,bgp_peer_count,cr,40320,40320,1.0
xian,bgp_peer_count,cr,40320,40320,1.0
beida,bgp_peer_prefix_received,br,161216,0,0.0
chengdu,bgp_peer_prefix_received,br,80540,0,0.0
guangzhou,bgp_peer_prefix_received,br,80580,0,0.0
nanjing,bgp_peer_prefix_received,br,80604,0,0.0
shanghai,bgp_peer_prefix_received,br,201055,0,0.0
shenyang,bgp_peer_prefix_received,br,80552,0,0.0
wuhan,bgp_peer_prefix_received,br,241464,0,0.0
xian,bgp_peer_prefix_received,br,120690,0,0.0
beida,bgp_peer_prefix_received,cr,40320,40320,1.0
chengdu,bgp_peer_prefix_received,cr,40304,40304,1.0
guangzhou,bgp_peer_prefix_received,cr,40320,40320,1.0
nanjing,bgp_peer_prefix_received,cr,40320,40320,1.0
shanghai,bgp_peer_prefix_received,cr,40320,40320,1.0
shenyang,bgp_peer_prefix_received,cr,40320,40320,1.0
wuhan,bgp_peer_prefix_received,cr,40320,40320,1.0
xian,bgp_peer_prefix_received,cr,40320,40320,1.0
beida,bgp_peer_prefix_sent,br,161180,0,0.0
chengdu,bgp_peer_prefix_sent,br,80505,0,0.0
guangzhou,bgp_peer_prefix_sent,br,80500,0,0.0
nanjing,bgp_peer_prefix_sent,br,80543,0,0.0
shanghai,bgp_peer_prefix_sent,br,200970,0,0.0
shenyang,bgp_peer_prefix_sent,br,80514,0,0.0
wuhan,bgp_peer_prefix_sent,br,241372,0,0.0
xian,bgp_peer_prefix_sent,br,120620,0,0.0
beida,bgp_peer_prefix_sent,cr,40320,40320,1.0
chengdu,bgp_peer_prefix_sent,cr,40304,40304,1.0
guangzhou,bgp_peer_prefix_sent,cr,40320,40320,1.0
nanjing,bgp_peer_prefix_sent,cr,40320,40320,1.0
shanghai,bgp_peer_prefix_sent,cr,40320,40320,1.0
shenyang,bgp_peer_prefix_sent,cr,40320,40320,1.0
wuhan,bgp_peer_prefix_sent,cr,40320,40320,1.0
xian,bgp_peer_prefix_sent,cr,40320,40320,1.0
beida,bgp_peer_up,br,161216,0,0.0
chengdu,bgp_peer_up,br,80540,0,0.0
guangzhou,bgp_peer_up,br,80580,0,0.0
nanjing,bgp_peer_up,br,80604,0,0.0
shanghai,bgp_peer_up,br,201055,0,0.0
shenyang,bgp_peer_up,br,80552,0,0.0
wuhan,bgp_peer_up,br,241464,0,0.0
xian,bgp_peer_up,br,120690,0,0.0
beida,bgp_peer_up,cr,40320,40320,1.0
chengdu,bgp_peer_up,cr,40304,40304,1.0
guangzhou,bgp_peer_up,cr,40320,40320,1.0
nanjing,bgp_peer_up,cr,40320,40320,1.0
shanghai,bgp_peer_up,cr,40320,40320,1.0
shenyang,bgp_peer_up,cr,40320,40320,1.0
wuhan,bgp_peer_up,cr,40320,40320,1.0
xian,bgp_peer_up,cr,40320,40320,1.0
beida,bgp_peer_uptime_seconds,br,161216,0,0.0
chengdu,bgp_peer_uptime_seconds,br,80540,0,0.0
guangzhou,bgp_peer_uptime_seconds,br,80580,0,0.0
nanjing,bgp_peer_uptime_seconds,br,80604,0,0.0
shanghai,bgp_peer_uptime_seconds,br,201055,0,0.0
shenyang,bgp_peer_uptime_seconds,br,80552,0,0.0
wuhan,bgp_peer_uptime_seconds,br,241464,0,0.0
xian,bgp_peer_uptime_seconds,br,120690,0,0.0
beida,bgp_peer_uptime_seconds,cr,40320,40320,1.0
chengdu,bgp_peer_uptime_seconds,cr,40304,40304,1.0
guangzhou,bgp_peer_uptime_seconds,cr,40320,40320,1.0
nanjing,bgp_peer_uptime_seconds,cr,40320,40320,1.0
shanghai,bgp_peer_uptime_seconds,cr,40320,40320,1.0
shenyang,bgp_peer_uptime_seconds,cr,40320,40320,1.0
wuhan,bgp_peer_uptime_seconds,cr,40320,40320,1.0
xian,bgp_peer_uptime_seconds,cr,40320,40320,1.0
beida,ipv6_default_route_changed_total,br,40304,0,0.0
chengdu,ipv6_default_route_changed_total,br,40270,0,0.0
guangzhou,ipv6_default_route_changed_total,br,40290,0,0.0
nanjing,ipv6_default_route_changed_total,br,40302,0,0.0
shanghai,ipv6_default_route_changed_total,br,40211,0,0.0
shenyang,ipv6_default_route_changed_total,br,40276,0,0.0
wuhan,ipv6_default_route_changed_total,br,40244,0,0.0
xian,ipv6_default_route_changed_total,br,40230,0,0.0
beida,ipv6_default_route_changed_total,cr,40320,0,0.0
chengdu,ipv6_default_route_changed_total,cr,40304,0,0.0
guangzhou,ipv6_default_route_changed_total,cr,40320,0,0.0
nanjing,ipv6_default_route_changed_total,cr,40320,0,0.0
shanghai,ipv6_default_route_changed_total,cr,40320,0,0.0
shenyang,ipv6_default_route_changed_total,cr,40320,0,0.0
wuhan,ipv6_default_route_changed_total,cr,40320,0,0.0
xian,ipv6_default_route_changed_total,cr,40320,0,0.0
beida,ipv6_default_route_info,br,40304,0,0.0
chengdu,ipv6_default_route_info,br,40270,0,0.0
guangzhou,ipv6_default_route_info,br,40290,0,0.0
nanjing,ipv6_default_route_info,br,40302,0,0.0
shanghai,ipv6_default_route_info,br,40211,0,0.0
shenyang,ipv6_default_route_info,br,40276,0,0.0
wuhan,ipv6_default_route_info,br,40244,0,0.0
xian,ipv6_default_route_info,br,40230,0,0.0
beida,ipv6_default_route_info,cr,80640,0,0.0
chengdu,ipv6_default_route_info,cr,80608,0,0.0
guangzhou,ipv6_default_route_info,cr,80640,0,0.0
nanjing,ipv6_default_route_info,cr,80640,0,0.0
shanghai,ipv6_default_route_info,cr,80640,0,0.0
shenyang,ipv6_default_route_info,cr,80640,0,0.0
wuhan,ipv6_default_route_info,cr,80640,0,0.0
xian,ipv6_default_route_info,cr,80640,0,0.0
beida,ipv6_route_change_total,br,362736,0,0.0
chengdu,ipv6_route_change_total,br,362430,0,0.0
guangzhou,ipv6_route_change_total,br,362610,0,0.0
nanjing,ipv6_route_change_total,br,362718,0,0.0
shanghai,ipv6_route_change_total,br,361899,0,0.0
shenyang,ipv6_route_change_total,br,362484,0,0.0
wuhan,ipv6_route_change_total,br,362196,0,0.0
xian,ipv6_route_change_total,br,362070,0,0.0
beida,ipv6_route_change_total,cr,362880,0,0.0
chengdu,ipv6_route_change_total,cr,362736,0,0.0
guangzhou,ipv6_route_change_total,cr,362880,0,0.0
nanjing,ipv6_route_change_total,cr,362880,0,0.0
shanghai,ipv6_route_change_total,cr,362880,0,0.0
shenyang,ipv6_route_change_total,cr,362880,0,0.0
wuhan,ipv6_route_change_total,cr,362880,0,0.0
xian,ipv6_route_change_total,cr,362880,0,0.0
beida,ipv6_route_count,br,201520,0,0.0
chengdu,ipv6_route_count,br,201350,0,0.0
guangzhou,ipv6_route_count,br,201450,0,0.0
nanjing,ipv6_route_count,br,201510,0,0.0
shanghai,ipv6_route_count,br,201055,0,0.0
shenyang,ipv6_route_count,br,201380,0,0.0
wuhan,ipv6_route_count,br,201220,0,0.0
xian,ipv6_route_count,br,201150,0,0.0
beida,ipv6_route_count,cr,161312,0,0.0
chengdu,ipv6_route_count,cr,161278,0,0.0
guangzhou,ipv6_route_count,cr,161293,0,0.0
nanjing,ipv6_route_count,cr,161298,0,0.0
shanghai,ipv6_route_count,cr,161280,0,0.0
shenyang,ipv6_route_count,cr,161304,0,0.0
wuhan,ipv6_route_count,cr,161286,0,0.0
xian,ipv6_route_count,cr,181460,0,0.0
beida,ipv6_route_exists,br,362736,0,0.0
chengdu,ipv6_route_exists,br,362430,0,0.0
guangzhou,ipv6_route_exists,br,362610,0,0.0
nanjing,ipv6_route_exists,br,362718,0,0.0
shanghai,ipv6_route_exists,br,361899,0,0.0
shenyang,ipv6_route_exists,br,362484,0,0.0
wuhan,ipv6_route_exists,br,362196,0,0.0
xian,ipv6_route_exists,br,362070,0,0.0
beida,ipv6_route_exists,cr,362880,0,0.0
chengdu,ipv6_route_exists,cr,362736,0,0.0
guangzhou,ipv6_route_exists,cr,362880,0,0.0
nanjing,ipv6_route_exists,cr,362880,0,0.0
shanghai,ipv6_route_exists,cr,362880,0,0.0
shenyang,ipv6_route_exists,cr,362880,0,0.0
wuhan,ipv6_route_exists,cr,362880,0,0.0
xian,ipv6_route_exists,cr,362880,0,0.0
beida,ipv6_route_nexthop_info,br,403040,0,0.0
chengdu,ipv6_route_nexthop_info,br,402700,0,0.0
guangzhou,ipv6_route_nexthop_info,br,402900,0,0.0
nanjing,ipv6_route_nexthop_info,br,403020,0,0.0
shanghai,ipv6_route_nexthop_info,br,402110,0,0.0
shenyang,ipv6_route_nexthop_info,br,402760,0,0.0
wuhan,ipv6_route_nexthop_info,br,402440,0,0.0
xian,ipv6_route_nexthop_info,br,402300,0,0.0
beida,ipv6_route_nexthop_info,cr,685440,0,0.0
chengdu,ipv6_route_nexthop_info,cr,685168,0,0.0
guangzhou,ipv6_route_nexthop_info,cr,581020,0,0.0
nanjing,ipv6_route_nexthop_info,cr,685440,0,0.0
shanghai,ipv6_route_nexthop_info,cr,524160,0,0.0
shenyang,ipv6_route_nexthop_info,cr,725760,0,0.0
wuhan,ipv6_route_nexthop_info,cr,685440,0,0.0
xian,ipv6_route_nexthop_info,cr,604800,0,0.0
beida,ospf6_interface_cost,br,40304,0,0.0
chengdu,ospf6_interface_cost,br,40270,0,0.0
guangzhou,ospf6_interface_cost,br,40290,0,0.0
nanjing,ospf6_interface_cost,br,40302,0,0.0
shanghai,ospf6_interface_cost,br,40211,0,0.0
shenyang,ospf6_interface_cost,br,40276,0,0.0
wuhan,ospf6_interface_cost,br,40244,0,0.0
xian,ospf6_interface_cost,br,40230,0,0.0
beida,ospf6_interface_cost,cr,80640,0,0.0
chengdu,ospf6_interface_cost,cr,80608,0,0.0
guangzhou,ospf6_interface_cost,cr,80640,0,0.0
nanjing,ospf6_interface_cost,cr,80640,0,0.0
shanghai,ospf6_interface_cost,cr,80640,0,0.0
shenyang,ospf6_interface_cost,cr,80640,0,0.0
wuhan,ospf6_interface_cost,cr,80640,0,0.0
xian,ospf6_interface_cost,cr,60480,0,0.0
beida,ospf6_interface_enabled,br,483648,0,0.0
chengdu,ospf6_interface_enabled,br,483240,0,0.0
guangzhou,ospf6_interface_enabled,br,483480,0,0.0
nanjing,ospf6_interface_enabled,br,483624,0,0.0
shanghai,ospf6_interface_enabled,br,482532,0,0.0
shenyang,ospf6_interface_enabled,br,483312,0,0.0
wuhan,ospf6_interface_enabled,br,482928,0,0.0
xian,ospf6_interface_enabled,br,482760,0,0.0
beida,ospf6_interface_enabled,cr,483840,0,0.0
chengdu,ospf6_interface_enabled,cr,483648,0,0.0
guangzhou,ospf6_interface_enabled,cr,483840,0,0.0
nanjing,ospf6_interface_enabled,cr,504000,0,0.0
shanghai,ospf6_interface_enabled,cr,483840,0,0.0
shenyang,ospf6_interface_enabled,cr,483840,0,0.0
wuhan,ospf6_interface_enabled,cr,483840,0,0.0
xian,ospf6_interface_enabled,cr,483840,0,0.0
beida,ospf6_neighbor_state_code,br,120912,0,0.0
chengdu,ospf6_neighbor_state_code,br,120810,0,0.0
guangzhou,ospf6_neighbor_state_code,br,120870,0,0.0
nanjing,ospf6_neighbor_state_code,br,120906,0,0.0
shanghai,ospf6_neighbor_state_code,br,120633,0,0.0
shenyang,ospf6_neighbor_state_code,br,120828,0,0.0
wuhan,ospf6_neighbor_state_code,br,120732,0,0.0
xian,ospf6_neighbor_state_code,br,80460,0,0.0
beida,ospf6_neighbor_state_code,cr,161246,0,0.0
chengdu,ospf6_neighbor_state_code,cr,161162,0,0.0
guangzhou,ospf6_neighbor_state_code,cr,161234,0,0.0
nanjing,ospf6_neighbor_state_code,cr,161220,0,0.0
shanghai,ospf6_neighbor_state_code,cr,161208,0,0.0
shenyang,ospf6_neighbor_state_code,cr,161232,0,0.0
wuhan,ospf6_neighbor_state_code,cr,161178,0,0.0
xian,ospf6_neighbor_state_code,cr,80640,0,0.0
