city,metric_name,rows,value_missing,value_missing_fraction,label_missing,label_missing_fraction
beida,bgp_command_success,80624,40320,0.50009923,40320,0.50009923
chengdu,bgp_command_success,80574,40304,0.50021099,40304,0.50021099
guangzhou,bgp_command_success,80610,40320,0.50018608,40320,0.50018608
nanjing,bgp_command_success,80622,40320,0.50011163,40320,0.50011163
shanghai,bgp_command_success,80531,40320,0.50067676,40320,0.50067676
shenyang,bgp_command_success,80596,40320,0.50027297,40320,0.50027297
wuhan,bgp_command_success,80564,40320,0.50047167,40320,0.50047167
xian,bgp_command_success,80550,40320,0.50055866,40320,0.50055866
beida,bgp_peer_count,80624,40320,0.50009923,80624,1.0
chengdu,bgp_peer_count,80574,40304,0.50021099,80574,1.0
guangzhou,bgp_peer_count,80610,40320,0.50018608,80610,1.0
nanjing,bgp_peer_count,80622,40320,0.50011163,80622,1.0
shanghai,bgp_peer_count,80531,40320,0.50067676,80531,1.0
shenyang,bgp_peer_count,80596,40320,0.50027297,80596,1.0
wuhan,bgp_peer_count,80564,40320,0.50047167,80564,1.0
xian,bgp_peer_count,80550,40320,0.50055866,80550,1.0
beida,bgp_peer_prefix_received,201536,40320,0.20006351,40320,0.20006351
chengdu,bgp_peer_prefix_received,120844,40304,0.3335209,40304,0.3335209
guangzhou,bgp_peer_prefix_received,120900,40320,0.33349876,40320,0.33349876
nanjing,bgp_peer_prefix_received,120924,40320,0.33343257,40320,0.33343257
shanghai,bgp_peer_prefix_received,241375,40320,0.16704298,40320,0.16704298
shenyang,bgp_peer_prefix_received,120872,40320,0.33357601,40320,0.33357601
wuhan,bgp_peer_prefix_received,281784,40320,0.14308832,40320,0.14308832
xian,bgp_peer_prefix_received,161010,40320,0.25041923,40320,0.25041923
beida,bgp_peer_prefix_sent,201500,40320,0.20009926,40320,0.20009926
chengdu,bgp_peer_prefix_sent,120809,40304,0.33361753,40304,0.33361753
guangzhou,bgp_peer_prefix_sent,120820,40320,0.33371958,40320,0.33371958
nanjing,bgp_peer_prefix_sent,120863,40320,0.33360085,40320,0.33360085
shanghai,bgp_peer_prefix_sent,241290,40320,0.16710183,40320,0.16710183
shenyang,bgp_peer_prefix_sent,120834,40320,0.33368092,40320,0.33368092
wuhan,bgp_peer_prefix_sent,281692,40320,0.14313506,40320,0.14313506
xian,bgp_peer_prefix_sent,160940,40320,0.25052815,40320,0.25052815
beida,bgp_peer_up,201536,40320,0.20006351,40320,0.20006351
chengdu,bgp_peer_up,120844,40304,0.3335209,40304,0.3335209
guangzhou,bgp_peer_up,120900,40320,0.33349876,40320,0.33349876
nanjing,bgp_peer_up,120924,40320,0.33343257,40320,0.33343257
shanghai,bgp_peer_up,241375,40320,0.16704298,40320,0.16704298
shenyang,bgp_peer_up,120872,40320,0.33357601,40320,0.33357601
wuhan,bgp_peer_up,281784,40320,0.14308832,40320,0.14308832
xian,bgp_peer_up,161010,40320,0.25041923,40320,0.25041923
beida,bgp_peer_uptime_seconds,201536,40320,0.20006351,40320,0.20006351
chengdu,bgp_peer_uptime_seconds,120844,40304,0.3335209,40304,0.3335209
guangzhou,bgp_peer_uptime_seconds,120900,40320,0.33349876,40320,0.33349876
nanjing,bgp_peer_uptime_seconds,120924,40320,0.33343257,40320,0.33343257
shanghai,bgp_peer_uptime_seconds,241375,40320,0.16704298,40320,0.16704298
shenyang,bgp_peer_uptime_seconds,120872,40320,0.33357601,40320,0.33357601
wuhan,bgp_peer_uptime_seconds,281784,40320,0.14308832,40320,0.14308832
xian,bgp_peer_uptime_seconds,161010,40320,0.25041923,40320,0.25041923
beida,ipv6_default_route_changed_total,80624,0,0.0,80624,1.0
chengdu,ipv6_default_route_changed_total,80574,0,0.0,80574,1.0
guangzhou,ipv6_default_route_changed_total,80610,0,0.0,80610,1.0
nanjing,ipv6_default_route_changed_total,80622,0,0.0,80622,1.0
shanghai,ipv6_default_route_changed_total,80531,0,0.0,80531,1.0
shenyang,ipv6_default_route_changed_total,80596,0,0.0,80596,1.0
wuhan,ipv6_default_route_changed_total,80564,0,0.0,80564,1.0
xian,ipv6_default_route_changed_total,80550,0,0.0,80550,1.0
beida,ipv6_default_route_info,120944,0,0.0,0,0.0
chengdu,ipv6_default_route_info,120878,0,0.0,0,0.0
guangzhou,ipv6_default_route_info,120930,0,0.0,0,0.0
nanjing,ipv6_default_route_info,120942,0,0.0,0,0.0
shanghai,ipv6_default_route_info,120851,0,0.0,0,0.0
shenyang,ipv6_default_route_info,120916,0,0.0,0,0.0
wuhan,ipv6_default_route_info,120884,0,0.0,0,0.0
xian,ipv6_default_route_info,120870,0,0.0,0,0.0
beida,ipv6_route_change_total,725616,0,0.0,0,0.0
chengdu,ipv6_route_change_total,725166,0,0.0,0,0.0
guangzhou,ipv6_route_change_total,725490,0,0.0,0,0.0
nanjing,ipv6_route_change_total,725598,0,0.0,0,0.0
shanghai,ipv6_route_change_total,724779,0,0.0,0,0.0
shenyang,ipv6_route_change_total,725364,0,0.0,0,0.0
wuhan,ipv6_route_change_total,725076,0,0.0,0,0.0
xian,ipv6_route_change_total,724950,0,0.0,0,0.0
beida,ipv6_route_count,362832,0,0.0,0,0.0
chengdu,ipv6_route_count,362628,0,0.0,0,0.0
guangzhou,ipv6_route_count,362743,0,0.0,0,0.0
nanjing,ipv6_route_count,362808,0,0.0,0,0.0
shanghai,ipv6_route_count,362335,0,0.0,0,0.0
shenyang,ipv6_route_count,362684,0,0.0,0,0.0
wuhan,ipv6_route_count,362506,0,0.0,0,0.0
xian,ipv6_route_count,382610,0,0.0,0,0.0
beida,ipv6_route_exists,725616,0,0.0,0,0.0
chengdu,ipv6_route_exists,725166,0,0.0,0,0.0
guangzhou,ipv6_route_exists,725490,0,0.0,0,0.0
nanjing,ipv6_route_exists,725598,0,0.0,0,0.0
shanghai,ipv6_route_exists,724779,0,0.0,0,0.0
shenyang,ipv6_route_exists,725364,0,0.0,0,0.0
wuhan,ipv6_route_exists,725076,0,0.0,0,0.0
xian,ipv6_route_exists,724950,0,0.0,0,0.0
beida,ipv6_route_nexthop_info,1088480,0,0.0,0,0.0
chengdu,ipv6_route_nexthop_info,1087868,0,0.0,0,0.0
guangzhou,ipv6_route_nexthop_info,983920,0,0.0,0,0.0
nanjing,ipv6_route_nexthop_info,1088460,0,0.0,0,0.0
shanghai,ipv6_route_nexthop_info,926270,0,0.0,0,0.0
shenyang,ipv6_route_nexthop_info,1128520,0,0.0,0,0.0
wuhan,ipv6_route_nexthop_info,1087880,0,0.0,0,0.0
xian,ipv6_route_nexthop_info,1007100,0,0.0,0,0.0
beida,ospf6_interface_cost,120944,0,0.0,0,0.0
chengdu,ospf6_interface_cost,120878,0,0.0,0,0.0
guangzhou,ospf6_interface_cost,120930,0,0.0,0,0.0
nanjing,ospf6_interface_cost,120942,0,0.0,0,0.0
shanghai,ospf6_interface_cost,120851,0,0.0,0,0.0
shenyang,ospf6_interface_cost,120916,0,0.0,0,0.0
wuhan,ospf6_interface_cost,120884,0,0.0,0,0.0
xian,ospf6_interface_cost,100710,0,0.0,0,0.0
beida,ospf6_interface_enabled,967488,0,0.0,0,0.0
chengdu,ospf6_interface_enabled,966888,0,0.0,0,0.0
guangzhou,ospf6_interface_enabled,967320,0,0.0,0,0.0
nanjing,ospf6_interface_enabled,987624,0,0.0,0,0.0
shanghai,ospf6_interface_enabled,966372,0,0.0,0,0.0
shenyang,ospf6_interface_enabled,967152,0,0.0,0,0.0
wuhan,ospf6_interface_enabled,966768,0,0.0,0,0.0
xian,ospf6_interface_enabled,966600,0,0.0,0,0.0
beida,ospf6_neighbor_state_code,282158,0,0.0,0,0.0
chengdu,ospf6_neighbor_state_code,281972,0,0.0,0,0.0
guangzhou,ospf6_neighbor_state_code,282104,0,0.0,0,0.0
nanjing,ospf6_neighbor_state_code,282126,0,0.0,0,0.0
shanghai,ospf6_neighbor_state_code,281841,0,0.0,0,0.0
shenyang,ospf6_neighbor_state_code,282060,0,0.0,0,0.0
wuhan,ospf6_neighbor_state_code,281910,0,0.0,0,0.0
xian,ospf6_neighbor_state_code,161100,0,0.0,0,0.0
