metric_name,rows,value_missing,value_missing_fraction,label_missing,label_missing_fraction
bgp_command_success,644671,322544,0.50032342,322544,0.50032342
bgp_peer_count,644671,322544,0.50032342,644671,1.0
bgp_peer_prefix_received,1369245,322544,0.23556339,322544,0.23556339
bgp_peer_prefix_sent,1368748,322544,0.23564893,322544,0.23564893
bgp_peer_up,1369245,322544,0.23556339,322544,0.23556339
bgp_peer_uptime_seconds,1369245,322544,0.23556339,322544,0.23556339
ipv6_default_route_changed_total,644671,0,0.0,644671,1.0
ipv6_default_route_info,967215,0,0.0,0,0.0
ipv6_route_change_total,5802039,0,0.0,0,0.0
ipv6_route_count,2921146,0,0.0,0,0.0
ipv6_route_exists,5802039,0,0.0,0,0.0
ipv6_route_nexthop_info,8398498,0,0.0,0,0.0
ospf6_interface_cost,947055,0,0.0,0,0.0
ospf6_interface_enabled,7756212,0,0.0,0,0.0
ospf6_neighbor_state_code,2135271,0,0.0,0,0.0
