flow_type,target_region,target_domain,source_regions,metric_count,verified_service_node_id,valid_from,valid_to,mapping_evidence
auth,wuhan,auth01.wuhan.aiops.local,beida;chengdu;guangzhou;nanjing;shanghai;shenyang;wuhan;xian,33,,,,
dns,beida,dns.beida.aiops.local,beida;chengdu;guangzhou;nanjing;shanghai;shenyang;wuhan;xian,33,,,,
elephant,beida,elephant02.beida.aiops.local,beida;chengdu;guangzhou;nanjing;shanghai;shenyang;wuhan;xian,17,,,,
elephant,beida,elephant03.beida.aiops.local,beida;chengdu;guangzhou;nanjing;shanghai;shenyang;wuhan;xian,17,,,,
elephant,chengdu,elephant01.chengdu.aiops.local,beida;chengdu;guangzhou;nanjing;shanghai;shenyang;wuhan;xian,22,,,,
elephant,chengdu,elephant02.chengdu.aiops.local,beida;chengdu;guangzhou;nanjing;shanghai;shenyang;wuhan;xian,22,,,,
elephant,chengdu,elephant03.chengdu.aiops.local,beida;chengdu;guangzhou;nanjing;shanghai;shenyang;wuhan;xian,22,,,,
elephant,guangzhou,elephant01.guangzhou.aiops.local,beida;chengdu;guangzhou;nanjing;shanghai;shenyang;wuhan;xian,22,,,,
elephant,guangzhou,elephant02.guangzhou.aiops.local,beida;chengdu;guangzhou;nanjing;shanghai;shenyang;wuhan;xian,22,,,,
elephant,guangzhou,elephant03.guangzhou.aiops.local,beida;chengdu;guangzhou;nanjing;shanghai;shenyang;wuhan;xian,22,,,,
elephant,nanjing,elephant01.nanjing.aiops.local,beida;chengdu;guangzhou;nanjing;shanghai;shenyang;wuhan;xian,22,,,,
elephant,nanjing,elephant02.nanjing.aiops.local,beida;chengdu;guangzhou;nanjing;shanghai;shenyang;wuhan;xian,22,,,,
elephant,nanjing,elephant03.nanjing.aiops.local,beida;chengdu;guangzhou;nanjing;shanghai;shenyang;wuhan;xian,17,,,,
elephant,shanghai,elephant02.shanghai.aiops.local,beida;chengdu;guangzhou;nanjing;shanghai;shenyang;wuhan;xian,17,,,,
elephant,shanghai,elephant03.shanghai.aiops.local,beida;chengdu;guangzhou;nanjing;shanghai;shenyang;wuhan;xian,17,,,,
elephant,shenyang,elephant01.shenyang.aiops.local,beida;chengdu;guangzhou;nanjing;shanghai;shenyang;wuhan;xian,22,,,,
elephant,shenyang,elephant02.shenyang.aiops.local,beida;chengdu;guangzhou;nanjing;shanghai;shenyang;wuhan;xian,22,,,,
elephant,shenyang,elephant03.shenyang.aiops.local,beida;chengdu;guangzhou;nanjing;shanghai;shenyang;wuhan;xian,22,,,,
elephant,wuhan,elephant02.wuhan.aiops.local,beida;chengdu;guangzhou;nanjing;shanghai;shenyang;wuhan;xian,22,,,,
elephant,wuhan,elephant03.wuhan.aiops.local,beida;chengdu;guangzhou;nanjing;shanghai;shenyang;wuhan;xian,17,,,,
elephant,xian,elephant01.xian.aiops.local,beida;chengdu;guangzhou;nanjing;shanghai;shenyang;wuhan;xian,22,,,,
elephant,xian,elephant02.xian.aiops.local,beida;chengdu;guangzhou;nanjing;shanghai;shenyang;wuhan;xian,22,,,,
elephant,xian,elephant03.xian.aiops.local,beida;chengdu;guangzhou;nanjing;shanghai;shenyang;wuhan;xian,22,,,,
web,shanghai,web01.shanghai.aiops.local,beida;chengdu;guangzhou;nanjing;shanghai;shenyang;wuhan;xian,33,,,,
