city,flow_type,field,active_flow_rows,missing_on_active_flow_rows,conditional_missing_fraction
beida,auth,auth_flow_active,13098,0,0.0
chengdu,auth,auth_flow_active,13098,0,0.0
guangzhou,auth,auth_flow_active,13121,0,0.0
nanjing,auth,auth_flow_active,13100,0,0.0
shanghai,auth,auth_flow_active,13241,0,0.0
shenyang,auth,auth_flow_active,13102,0,0.0
wuhan,auth,auth_flow_active,13122,0,0.0
xian,auth,auth_flow_active,13264,0,0.0
beida,auth,auth_flow_active_seconds_total,13098,0,0.0
chengdu,auth,auth_flow_active_seconds_total,13098,0,0.0
guangzhou,auth,auth_flow_active_seconds_total,13121,0,0.0
nanjing,auth,auth_flow_active_seconds_total,13100,0,0.0
shanghai,auth,auth_flow_active_seconds_total,13241,0,0.0
shenyang,auth,auth_flow_active_seconds_total,13102,0,0.0
wuhan,auth,auth_flow_active_seconds_total,13122,0,0.0
xian,auth,auth_flow_active_seconds_total,13264,0,0.0
beida,auth,auth_flow_batch_concurrency,13098,0,0.0
chengdu,auth,auth_flow_batch_concurrency,13098,0,0.0
guangzhou,auth,auth_flow_batch_concurrency,13121,0,0.0
nanjing,auth,auth_flow_batch_concurrency,13100,0,0.0
shanghai,auth,auth_flow_batch_concurrency,13241,0,0.0
shenyang,auth,auth_flow_batch_concurrency,13102,0,0.0
wuhan,auth,auth_flow_batch_concurrency,13122,0,0.0
xian,auth,auth_flow_batch_concurrency,13264,0,0.0
beida,auth,auth_flow_batch_duration_seconds,13098,0,0.0
chengdu,auth,auth_flow_batch_duration_seconds,13098,0,0.0
guangzhou,auth,auth_flow_batch_duration_seconds,13121,0,0.0
nanjing,auth,auth_flow_batch_duration_seconds,13100,0,0.0
shanghai,auth,auth_flow_batch_duration_seconds,13241,0,0.0
shenyang,auth,auth_flow_batch_duration_seconds,13102,0,0.0
wuhan,auth,auth_flow_batch_duration_seconds,13122,0,0.0
xian,auth,auth_flow_batch_duration_seconds,13264,0,0.0
beida,auth,auth_flow_batches_completed_total,13098,0,0.0
chengdu,auth,auth_flow_batches_completed_total,13098,0,0.0
guangzhou,auth,auth_flow_batches_completed_total,13121,0,0.0
nanjing,auth,auth_flow_batches_completed_total,13100,0,0.0
shanghai,auth,auth_flow_batches_completed_total,13241,0,0.0
shenyang,auth,auth_flow_batches_completed_total,13102,0,0.0
wuhan,auth,auth_flow_batches_completed_total,13122,0,0.0
xian,auth,auth_flow_batches_completed_total,13264,0,0.0
beida,auth,auth_flow_batches_failed_total,13098,0,0.0
chengdu,auth,auth_flow_batches_failed_total,13098,0,0.0
guangzhou,auth,auth_flow_batches_failed_total,13121,0,0.0
nanjing,auth,auth_flow_batches_failed_total,13100,0,0.0
shanghai,auth,auth_flow_batches_failed_total,13241,0,0.0
shenyang,auth,auth_flow_batches_failed_total,13102,0,0.0
wuhan,auth,auth_flow_batches_failed_total,13122,0,0.0
xian,auth,auth_flow_batches_failed_total,13264,0,0.0
beida,auth,auth_flow_batches_started_total,13098,0,0.0
chengdu,auth,auth_flow_batches_started_total,13098,0,0.0
guangzhou,auth,auth_flow_batches_started_total,13121,0,0.0
nanjing,auth,auth_flow_batches_started_total,13100,0,0.0
shanghai,auth,auth_flow_batches_started_total,13241,0,0.0
shenyang,auth,auth_flow_batches_started_total,13102,0,0.0
wuhan,auth,auth_flow_batches_started_total,13122,0,0.0
xian,auth,auth_flow_batches_started_total,13264,0,0.0
beida,auth,auth_flow_batches_timeout_total,13098,0,0.0
chengdu,auth,auth_flow_batches_timeout_total,13098,0,0.0
guangzhou,auth,auth_flow_batches_timeout_total,13121,0,0.0
nanjing,auth,auth_flow_batches_timeout_total,13100,0,0.0
shanghai,auth,auth_flow_batches_timeout_total,13241,0,0.0
shenyang,auth,auth_flow_batches_timeout_total,13102,0,0.0
wuhan,auth,auth_flow_batches_timeout_total,13122,0,0.0
xian,auth,auth_flow_batches_timeout_total,13264,0,0.0
beida,auth,auth_flow_bytes_received_total,13098,0,0.0
chengdu,auth,auth_flow_bytes_received_total,13098,0,0.0
guangzhou,auth,auth_flow_bytes_received_total,13121,0,0.0
nanjing,auth,auth_flow_bytes_received_total,13100,0,0.0
shanghai,auth,auth_flow_bytes_received_total,13241,0,0.0
shenyang,auth,auth_flow_bytes_received_total,13102,0,0.0
wuhan,auth,auth_flow_bytes_received_total,13122,0,0.0
xian,auth,auth_flow_bytes_received_total,13264,0,0.0
beida,auth,auth_flow_bytes_sent_total,13098,0,0.0
chengdu,auth,auth_flow_bytes_sent_total,13098,0,0.0
guangzhou,auth,auth_flow_bytes_sent_total,13121,0,0.0
nanjing,auth,auth_flow_bytes_sent_total,13100,0,0.0
shanghai,auth,auth_flow_bytes_sent_total,13241,0,0.0
shenyang,auth,auth_flow_bytes_sent_total,13102,0,0.0
wuhan,auth,auth_flow_bytes_sent_total,13122,0,0.0
xian,auth,auth_flow_bytes_sent_total,13264,0,0.0
beida,auth,auth_flow_duration_seconds_count,13098,0,0.0
chengdu,auth,auth_flow_duration_seconds_count,13098,0,0.0
guangzhou,auth,auth_flow_duration_seconds_count,13121,0,0.0
nanjing,auth,auth_flow_duration_seconds_count,13100,0,0.0
shanghai,auth,auth_flow_duration_seconds_count,13241,0,0.0
shenyang,auth,auth_flow_duration_seconds_count,13102,0,0.0
wuhan,auth,auth_flow_duration_seconds_count,13122,0,0.0
xian,auth,auth_flow_duration_seconds_count,13264,0,0.0
beida,auth,auth_flow_duration_seconds_sum,13098,0,0.0
chengdu,auth,auth_flow_duration_seconds_sum,13098,0,0.0
guangzhou,auth,auth_flow_duration_seconds_sum,13121,0,0.0
nanjing,auth,auth_flow_duration_seconds_sum,13100,0,0.0
shanghai,auth,auth_flow_duration_seconds_sum,13241,0,0.0
shenyang,auth,auth_flow_duration_seconds_sum,13102,0,0.0
wuhan,auth,auth_flow_duration_seconds_sum,13122,0,0.0
xian,auth,auth_flow_duration_seconds_sum,13264,0,0.0
beida,auth,auth_flow_error_total,13098,0,0.0
chengdu,auth,auth_flow_error_total,13098,0,0.0
guangzhou,auth,auth_flow_error_total,13121,0,0.0
nanjing,auth,auth_flow_error_total,13100,0,0.0
shanghai,auth,auth_flow_error_total,13241,0,0.0
shenyang,auth,auth_flow_error_total,13102,0,0.0
wuhan,auth,auth_flow_error_total,13122,0,0.0
xian,auth,auth_flow_error_total,13264,0,0.0
beida,auth,auth_flow_last_batch_timestamp_seconds,13098,0,0.0
chengdu,auth,auth_flow_last_batch_timestamp_seconds,13098,0,0.0
guangzhou,auth,auth_flow_last_batch_timestamp_seconds,13121,0,0.0
nanjing,auth,auth_flow_last_batch_timestamp_seconds,13100,0,0.0
shanghai,auth,auth_flow_last_batch_timestamp_seconds,13241,0,0.0
shenyang,auth,auth_flow_last_batch_timestamp_seconds,13102,0,0.0
wuhan,auth,auth_flow_last_batch_timestamp_seconds,13122,0,0.0
xian,auth,auth_flow_last_batch_timestamp_seconds,13264,0,0.0
beida,auth,auth_flow_latency_mean_seconds,13098,0,0.0
chengdu,auth,auth_flow_latency_mean_seconds,13098,0,0.0
guangzhou,auth,auth_flow_latency_mean_seconds,13121,0,0.0
nanjing,auth,auth_flow_latency_mean_seconds,13100,0,0.0
shanghai,auth,auth_flow_latency_mean_seconds,13241,0,0.0
shenyang,auth,auth_flow_latency_mean_seconds,13102,0,0.0
wuhan,auth,auth_flow_latency_mean_seconds,13122,0,0.0
xian,auth,auth_flow_latency_mean_seconds,13264,0,0.0
beida,auth,auth_flow_latency_p95_seconds,13098,0,0.0
chengdu,auth,auth_flow_latency_p95_seconds,13098,0,0.0
guangzhou,auth,auth_flow_latency_p95_seconds,13121,0,0.0
nanjing,auth,auth_flow_latency_p95_seconds,13100,0,0.0
shanghai,auth,auth_flow_latency_p95_seconds,13241,0,0.0
shenyang,auth,auth_flow_latency_p95_seconds,13102,0,0.0
wuhan,auth,auth_flow_latency_p95_seconds,13122,0,0.0
xian,auth,auth_flow_latency_p95_seconds,13264,0,0.0
beida,auth,auth_flow_observed_qps,13098,0,0.0
chengdu,auth,auth_flow_observed_qps,13098,0,0.0
guangzhou,auth,auth_flow_observed_qps,13121,0,0.0
nanjing,auth,auth_flow_observed_qps,13100,0,0.0
shanghai,auth,auth_flow_observed_qps,13241,0,0.0
shenyang,auth,auth_flow_observed_qps,13102,0,0.0
wuhan,auth,auth_flow_observed_qps,13122,0,0.0
xian,auth,auth_flow_observed_qps,13264,0,0.0
beida,auth,auth_flow_request_latency_seconds_bucket_le_0_01,13098,0,0.0
chengdu,auth,auth_flow_request_latency_seconds_bucket_le_0_01,13098,0,0.0
guangzhou,auth,auth_flow_request_latency_seconds_bucket_le_0_01,13121,0,0.0
nanjing,auth,auth_flow_request_latency_seconds_bucket_le_0_01,13100,0,0.0
shanghai,auth,auth_flow_request_latency_seconds_bucket_le_0_01,13241,0,0.0
shenyang,auth,auth_flow_request_latency_seconds_bucket_le_0_01,13102,0,0.0
wuhan,auth,auth_flow_request_latency_seconds_bucket_le_0_01,13122,0,0.0
xian,auth,auth_flow_request_latency_seconds_bucket_le_0_01,13264,0,0.0
beida,auth,auth_flow_request_latency_seconds_bucket_le_0_025,13098,0,0.0
chengdu,auth,auth_flow_request_latency_seconds_bucket_le_0_025,13098,0,0.0
guangzhou,auth,auth_flow_request_latency_seconds_bucket_le_0_025,13121,0,0.0
nanjing,auth,auth_flow_request_latency_seconds_bucket_le_0_025,13100,0,0.0
shanghai,auth,auth_flow_request_latency_seconds_bucket_le_0_025,13241,0,0.0
shenyang,auth,auth_flow_request_latency_seconds_bucket_le_0_025,13102,0,0.0
wuhan,auth,auth_flow_request_latency_seconds_bucket_le_0_025,13122,0,0.0
xian,auth,auth_flow_request_latency_seconds_bucket_le_0_025,13264,0,0.0
beida,auth,auth_flow_request_latency_seconds_bucket_le_0_05,13098,0,0.0
chengdu,auth,auth_flow_request_latency_seconds_bucket_le_0_05,13098,0,0.0
guangzhou,auth,auth_flow_request_latency_seconds_bucket_le_0_05,13121,0,0.0
nanjing,auth,auth_flow_request_latency_seconds_bucket_le_0_05,13100,0,0.0
shanghai,auth,auth_flow_request_latency_seconds_bucket_le_0_05,13241,0,0.0
shenyang,auth,auth_flow_request_latency_seconds_bucket_le_0_05,13102,0,0.0
wuhan,auth,auth_flow_request_latency_seconds_bucket_le_0_05,13122,0,0.0
xian,auth,auth_flow_request_latency_seconds_bucket_le_0_05,13264,0,0.0
beida,auth,auth_flow_request_latency_seconds_bucket_le_0_1,13098,0,0.0
chengdu,auth,auth_flow_request_latency_seconds_bucket_le_0_1,13098,0,0.0
guangzhou,auth,auth_flow_request_latency_seconds_bucket_le_0_1,13121,0,0.0
nanjing,auth,auth_flow_request_latency_seconds_bucket_le_0_1,13100,0,0.0
shanghai,auth,auth_flow_request_latency_seconds_bucket_le_0_1,13241,0,0.0
shenyang,auth,auth_flow_request_latency_seconds_bucket_le_0_1,13102,0,0.0
wuhan,auth,auth_flow_request_latency_seconds_bucket_le_0_1,13122,0,0.0
xian,auth,auth_flow_request_latency_seconds_bucket_le_0_1,13264,0,0.0
beida,auth,auth_flow_request_latency_seconds_bucket_le_0_25,13098,0,0.0
chengdu,auth,auth_flow_request_latency_seconds_bucket_le_0_25,13098,0,0.0
guangzhou,auth,auth_flow_request_latency_seconds_bucket_le_0_25,13121,0,0.0
nanjing,auth,auth_flow_request_latency_seconds_bucket_le_0_25,13100,0,0.0
shanghai,auth,auth_flow_request_latency_seconds_bucket_le_0_25,13241,0,0.0
shenyang,auth,auth_flow_request_latency_seconds_bucket_le_0_25,13102,0,0.0
wuhan,auth,auth_flow_request_latency_seconds_bucket_le_0_25,13122,0,0.0
xian,auth,auth_flow_request_latency_seconds_bucket_le_0_25,13264,0,0.0
beida,auth,auth_flow_request_latency_seconds_bucket_le_0_5,13098,0,0.0
chengdu,auth,auth_flow_request_latency_seconds_bucket_le_0_5,13098,0,0.0
guangzhou,auth,auth_flow_request_latency_seconds_bucket_le_0_5,13121,0,0.0
nanjing,auth,auth_flow_request_latency_seconds_bucket_le_0_5,13100,0,0.0
shanghai,auth,auth_flow_request_latency_seconds_bucket_le_0_5,13241,0,0.0
shenyang,auth,auth_flow_request_latency_seconds_bucket_le_0_5,13102,0,0.0
wuhan,auth,auth_flow_request_latency_seconds_bucket_le_0_5,13122,0,0.0
xian,auth,auth_flow_request_latency_seconds_bucket_le_0_5,13264,0,0.0
beida,auth,auth_flow_request_latency_seconds_bucket_le_1,13098,0,0.0
chengdu,auth,auth_flow_request_latency_seconds_bucket_le_1,13098,0,0.0
guangzhou,auth,auth_flow_request_latency_seconds_bucket_le_1,13121,0,0.0
nanjing,auth,auth_flow_request_latency_seconds_bucket_le_1,13100,0,0.0
shanghai,auth,auth_flow_request_latency_seconds_bucket_le_1,13241,0,0.0
shenyang,auth,auth_flow_request_latency_seconds_bucket_le_1,13102,0,0.0
wuhan,auth,auth_flow_request_latency_seconds_bucket_le_1,13122,0,0.0
xian,auth,auth_flow_request_latency_seconds_bucket_le_1,13264,0,0.0
beida,auth,auth_flow_request_latency_seconds_bucket_le_2_5,13098,0,0.0
chengdu,auth,auth_flow_request_latency_seconds_bucket_le_2_5,13098,0,0.0
guangzhou,auth,auth_flow_request_latency_seconds_bucket_le_2_5,13121,0,0.0
nanjing,auth,auth_flow_request_latency_seconds_bucket_le_2_5,13100,0,0.0
shanghai,auth,auth_flow_request_latency_seconds_bucket_le_2_5,13241,0,0.0
shenyang,auth,auth_flow_request_latency_seconds_bucket_le_2_5,13102,0,0.0
wuhan,auth,auth_flow_request_latency_seconds_bucket_le_2_5,13122,0,0.0
xian,auth,auth_flow_request_latency_seconds_bucket_le_2_5,13264,0,0.0
beida,auth,auth_flow_request_latency_seconds_bucket_le_5,13098,0,0.0
chengdu,auth,auth_flow_request_latency_seconds_bucket_le_5,13098,0,0.0
guangzhou,auth,auth_flow_request_latency_seconds_bucket_le_5,13121,0,0.0
nanjing,auth,auth_flow_request_latency_seconds_bucket_le_5,13100,0,0.0
shanghai,auth,auth_flow_request_latency_seconds_bucket_le_5,13241,0,0.0
shenyang,auth,auth_flow_request_latency_seconds_bucket_le_5,13102,0,0.0
wuhan,auth,auth_flow_request_latency_seconds_bucket_le_5,13122,0,0.0
xian,auth,auth_flow_request_latency_seconds_bucket_le_5,13264,0,0.0
beida,auth,auth_flow_request_latency_seconds_bucket_le_plus_inf,13098,0,0.0
chengdu,auth,auth_flow_request_latency_seconds_bucket_le_plus_inf,13098,0,0.0
guangzhou,auth,auth_flow_request_latency_seconds_bucket_le_plus_inf,13121,0,0.0
nanjing,auth,auth_flow_request_latency_seconds_bucket_le_plus_inf,13100,0,0.0
shanghai,auth,auth_flow_request_latency_seconds_bucket_le_plus_inf,13241,0,0.0
shenyang,auth,auth_flow_request_latency_seconds_bucket_le_plus_inf,13102,0,0.0
wuhan,auth,auth_flow_request_latency_seconds_bucket_le_plus_inf,13122,0,0.0
xian,auth,auth_flow_request_latency_seconds_bucket_le_plus_inf,13264,0,0.0
beida,auth,auth_flow_request_latency_seconds_count,13098,0,0.0
chengdu,auth,auth_flow_request_latency_seconds_count,13098,0,0.0
guangzhou,auth,auth_flow_request_latency_seconds_count,13121,0,0.0
nanjing,auth,auth_flow_request_latency_seconds_count,13100,0,0.0
shanghai,auth,auth_flow_request_latency_seconds_count,13241,0,0.0
shenyang,auth,auth_flow_request_latency_seconds_count,13102,0,0.0
wuhan,auth,auth_flow_request_latency_seconds_count,13122,0,0.0
xian,auth,auth_flow_request_latency_seconds_count,13264,0,0.0
beida,auth,auth_flow_request_latency_seconds_sum,13098,0,0.0
chengdu,auth,auth_flow_request_latency_seconds_sum,13098,0,0.0
guangzhou,auth,auth_flow_request_latency_seconds_sum,13121,0,0.0
nanjing,auth,auth_flow_request_latency_seconds_sum,13100,0,0.0
shanghai,auth,auth_flow_request_latency_seconds_sum,13241,0,0.0
shenyang,auth,auth_flow_request_latency_seconds_sum,13102,0,0.0
wuhan,auth,auth_flow_request_latency_seconds_sum,13122,0,0.0
xian,auth,auth_flow_request_latency_seconds_sum,13264,0,0.0
beida,auth,auth_flow_requests_total,13098,0,0.0
chengdu,auth,auth_flow_requests_total,13098,0,0.0
guangzhou,auth,auth_flow_requests_total,13121,0,0.0
nanjing,auth,auth_flow_requests_total,13100,0,0.0
shanghai,auth,auth_flow_requests_total,13241,0,0.0
shenyang,auth,auth_flow_requests_total,13102,0,0.0
wuhan,auth,auth_flow_requests_total,13122,0,0.0
xian,auth,auth_flow_requests_total,13264,0,0.0
beida,auth,auth_flow_success_total,13098,0,0.0
chengdu,auth,auth_flow_success_total,13098,0,0.0
guangzhou,auth,auth_flow_success_total,13121,0,0.0
nanjing,auth,auth_flow_success_total,13100,0,0.0
shanghai,auth,auth_flow_success_total,13241,0,0.0
shenyang,auth,auth_flow_success_total,13102,0,0.0
wuhan,auth,auth_flow_success_total,13122,0,0.0
xian,auth,auth_flow_success_total,13264,0,0.0
beida,dns,dns_flow_active,19973,0,0.0
chengdu,dns,dns_flow_active,19923,0,0.0
guangzhou,dns,dns_flow_active,19953,0,0.0
nanjing,dns,dns_flow_active,19963,0,0.0
shanghai,dns,dns_flow_active,19945,0,0.0
shenyang,dns,dns_flow_active,19956,0,0.0
wuhan,dns,dns_flow_active,19969,0,0.0
xian,dns,dns_flow_active,19960,0,0.0
beida,dns,dns_flow_active_seconds_total,19973,0,0.0
chengdu,dns,dns_flow_active_seconds_total,19923,0,0.0
guangzhou,dns,dns_flow_active_seconds_total,19953,0,0.0
nanjing,dns,dns_flow_active_seconds_total,19963,0,0.0
shanghai,dns,dns_flow_active_seconds_total,19945,0,0.0
shenyang,dns,dns_flow_active_seconds_total,19956,0,0.0
wuhan,dns,dns_flow_active_seconds_total,19969,0,0.0
xian,dns,dns_flow_active_seconds_total,19960,0,0.0
beida,dns,dns_flow_batch_concurrency,19973,0,0.0
chengdu,dns,dns_flow_batch_concurrency,19923,0,0.0
guangzhou,dns,dns_flow_batch_concurrency,19953,0,0.0
nanjing,dns,dns_flow_batch_concurrency,19963,0,0.0
shanghai,dns,dns_flow_batch_concurrency,19945,0,0.0
shenyang,dns,dns_flow_batch_concurrency,19956,0,0.0
wuhan,dns,dns_flow_batch_concurrency,19969,0,0.0
xian,dns,dns_flow_batch_concurrency,19960,0,0.0
beida,dns,dns_flow_batch_duration_seconds,19973,0,0.0
chengdu,dns,dns_flow_batch_duration_seconds,19923,0,0.0
guangzhou,dns,dns_flow_batch_duration_seconds,19953,0,0.0
nanjing,dns,dns_flow_batch_duration_seconds,19963,0,0.0
shanghai,dns,dns_flow_batch_duration_seconds,19945,0,0.0
shenyang,dns,dns_flow_batch_duration_seconds,19956,0,0.0
wuhan,dns,dns_flow_batch_duration_seconds,19969,0,0.0
xian,dns,dns_flow_batch_duration_seconds,19960,0,0.0
beida,dns,dns_flow_batches_completed_total,19973,0,0.0
chengdu,dns,dns_flow_batches_completed_total,19923,0,0.0
guangzhou,dns,dns_flow_batches_completed_total,19953,0,0.0
nanjing,dns,dns_flow_batches_completed_total,19963,0,0.0
shanghai,dns,dns_flow_batches_completed_total,19945,0,0.0
shenyang,dns,dns_flow_batches_completed_total,19956,0,0.0
wuhan,dns,dns_flow_batches_completed_total,19969,0,0.0
xian,dns,dns_flow_batches_completed_total,19960,0,0.0
beida,dns,dns_flow_batches_failed_total,19973,0,0.0
chengdu,dns,dns_flow_batches_failed_total,19923,0,0.0
guangzhou,dns,dns_flow_batches_failed_total,19953,0,0.0
nanjing,dns,dns_flow_batches_failed_total,19963,0,0.0
shanghai,dns,dns_flow_batches_failed_total,19945,0,0.0
shenyang,dns,dns_flow_batches_failed_total,19956,0,0.0
wuhan,dns,dns_flow_batches_failed_total,19969,0,0.0
xian,dns,dns_flow_batches_failed_total,19960,0,0.0
beida,dns,dns_flow_batches_started_total,19973,0,0.0
chengdu,dns,dns_flow_batches_started_total,19923,0,0.0
guangzhou,dns,dns_flow_batches_started_total,19953,0,0.0
nanjing,dns,dns_flow_batches_started_total,19963,0,0.0
shanghai,dns,dns_flow_batches_started_total,19945,0,0.0
shenyang,dns,dns_flow_batches_started_total,19956,0,0.0
wuhan,dns,dns_flow_batches_started_total,19969,0,0.0
xian,dns,dns_flow_batches_started_total,19960,0,0.0
beida,dns,dns_flow_batches_timeout_total,19973,0,0.0
chengdu,dns,dns_flow_batches_timeout_total,19923,0,0.0
guangzhou,dns,dns_flow_batches_timeout_total,19953,0,0.0
nanjing,dns,dns_flow_batches_timeout_total,19963,0,0.0
shanghai,dns,dns_flow_batches_timeout_total,19945,0,0.0
shenyang,dns,dns_flow_batches_timeout_total,19956,0,0.0
wuhan,dns,dns_flow_batches_timeout_total,19969,0,0.0
xian,dns,dns_flow_batches_timeout_total,19960,0,0.0
beida,dns,dns_flow_bytes_received_total,19973,0,0.0
chengdu,dns,dns_flow_bytes_received_total,19923,0,0.0
guangzhou,dns,dns_flow_bytes_received_total,19953,0,0.0
nanjing,dns,dns_flow_bytes_received_total,19963,0,0.0
shanghai,dns,dns_flow_bytes_received_total,19945,0,0.0
shenyang,dns,dns_flow_bytes_received_total,19956,0,0.0
wuhan,dns,dns_flow_bytes_received_total,19969,0,0.0
xian,dns,dns_flow_bytes_received_total,19960,0,0.0
beida,dns,dns_flow_bytes_sent_total,19973,0,0.0
chengdu,dns,dns_flow_bytes_sent_total,19923,0,0.0
guangzhou,dns,dns_flow_bytes_sent_total,19953,0,0.0
nanjing,dns,dns_flow_bytes_sent_total,19963,0,0.0
shanghai,dns,dns_flow_bytes_sent_total,19945,0,0.0
shenyang,dns,dns_flow_bytes_sent_total,19956,0,0.0
wuhan,dns,dns_flow_bytes_sent_total,19969,0,0.0
xian,dns,dns_flow_bytes_sent_total,19960,0,0.0
beida,dns,dns_flow_duration_seconds_count,19973,0,0.0
chengdu,dns,dns_flow_duration_seconds_count,19923,0,0.0
guangzhou,dns,dns_flow_duration_seconds_count,19953,0,0.0
nanjing,dns,dns_flow_duration_seconds_count,19963,0,0.0
shanghai,dns,dns_flow_duration_seconds_count,19945,0,0.0
shenyang,dns,dns_flow_duration_seconds_count,19956,0,0.0
wuhan,dns,dns_flow_duration_seconds_count,19969,0,0.0
xian,dns,dns_flow_duration_seconds_count,19960,0,0.0
beida,dns,dns_flow_duration_seconds_sum,19973,0,0.0
chengdu,dns,dns_flow_duration_seconds_sum,19923,0,0.0
guangzhou,dns,dns_flow_duration_seconds_sum,19953,0,0.0
nanjing,dns,dns_flow_duration_seconds_sum,19963,0,0.0
shanghai,dns,dns_flow_duration_seconds_sum,19945,0,0.0
shenyang,dns,dns_flow_duration_seconds_sum,19956,0,0.0
wuhan,dns,dns_flow_duration_seconds_sum,19969,0,0.0
xian,dns,dns_flow_duration_seconds_sum,19960,0,0.0
beida,dns,dns_flow_error_total,19973,0,0.0
chengdu,dns,dns_flow_error_total,19923,0,0.0
guangzhou,dns,dns_flow_error_total,19953,0,0.0
nanjing,dns,dns_flow_error_total,19963,0,0.0
shanghai,dns,dns_flow_error_total,19945,0,0.0
shenyang,dns,dns_flow_error_total,19956,0,0.0
wuhan,dns,dns_flow_error_total,19969,0,0.0
xian,dns,dns_flow_error_total,19960,0,0.0
beida,dns,dns_flow_last_batch_timestamp_seconds,19973,0,0.0
chengdu,dns,dns_flow_last_batch_timestamp_seconds,19923,0,0.0
guangzhou,dns,dns_flow_last_batch_timestamp_seconds,19953,0,0.0
nanjing,dns,dns_flow_last_batch_timestamp_seconds,19963,0,0.0
shanghai,dns,dns_flow_last_batch_timestamp_seconds,19945,0,0.0
shenyang,dns,dns_flow_last_batch_timestamp_seconds,19956,0,0.0
wuhan,dns,dns_flow_last_batch_timestamp_seconds,19969,0,0.0
xian,dns,dns_flow_last_batch_timestamp_seconds,19960,0,0.0
beida,dns,dns_flow_latency_mean_seconds,19973,0,0.0
chengdu,dns,dns_flow_latency_mean_seconds,19923,0,0.0
guangzhou,dns,dns_flow_latency_mean_seconds,19953,0,0.0
nanjing,dns,dns_flow_latency_mean_seconds,19963,0,0.0
shanghai,dns,dns_flow_latency_mean_seconds,19945,0,0.0
shenyang,dns,dns_flow_latency_mean_seconds,19956,0,0.0
wuhan,dns,dns_flow_latency_mean_seconds,19969,0,0.0
xian,dns,dns_flow_latency_mean_seconds,19960,0,0.0
beida,dns,dns_flow_latency_p95_seconds,19973,0,0.0
chengdu,dns,dns_flow_latency_p95_seconds,19923,0,0.0
guangzhou,dns,dns_flow_latency_p95_seconds,19953,0,0.0
nanjing,dns,dns_flow_latency_p95_seconds,19963,0,0.0
shanghai,dns,dns_flow_latency_p95_seconds,19945,0,0.0
shenyang,dns,dns_flow_latency_p95_seconds,19956,0,0.0
wuhan,dns,dns_flow_latency_p95_seconds,19969,0,0.0
xian,dns,dns_flow_latency_p95_seconds,19960,0,0.0
beida,dns,dns_flow_observed_qps,19973,0,0.0
chengdu,dns,dns_flow_observed_qps,19923,0,0.0
guangzhou,dns,dns_flow_observed_qps,19953,0,0.0
nanjing,dns,dns_flow_observed_qps,19963,0,0.0
shanghai,dns,dns_flow_observed_qps,19945,0,0.0
shenyang,dns,dns_flow_observed_qps,19956,0,0.0
wuhan,dns,dns_flow_observed_qps,19969,0,0.0
xian,dns,dns_flow_observed_qps,19960,0,0.0
beida,dns,dns_flow_request_latency_seconds_bucket_le_0_01,19973,0,0.0
chengdu,dns,dns_flow_request_latency_seconds_bucket_le_0_01,19923,0,0.0
guangzhou,dns,dns_flow_request_latency_seconds_bucket_le_0_01,19953,0,0.0
nanjing,dns,dns_flow_request_latency_seconds_bucket_le_0_01,19963,0,0.0
shanghai,dns,dns_flow_request_latency_seconds_bucket_le_0_01,19945,0,0.0
shenyang,dns,dns_flow_request_latency_seconds_bucket_le_0_01,19956,0,0.0
wuhan,dns,dns_flow_request_latency_seconds_bucket_le_0_01,19969,0,0.0
xian,dns,dns_flow_request_latency_seconds_bucket_le_0_01,19960,0,0.0
beida,dns,dns_flow_request_latency_seconds_bucket_le_0_025,19973,0,0.0
chengdu,dns,dns_flow_request_latency_seconds_bucket_le_0_025,19923,0,0.0
guangzhou,dns,dns_flow_request_latency_seconds_bucket_le_0_025,19953,0,0.0
nanjing,dns,dns_flow_request_latency_seconds_bucket_le_0_025,19963,0,0.0
shanghai,dns,dns_flow_request_latency_seconds_bucket_le_0_025,19945,0,0.0
shenyang,dns,dns_flow_request_latency_seconds_bucket_le_0_025,19956,0,0.0
wuhan,dns,dns_flow_request_latency_seconds_bucket_le_0_025,19969,0,0.0
xian,dns,dns_flow_request_latency_seconds_bucket_le_0_025,19960,0,0.0
beida,dns,dns_flow_request_latency_seconds_bucket_le_0_05,19973,0,0.0
chengdu,dns,dns_flow_request_latency_seconds_bucket_le_0_05,19923,0,0.0
guangzhou,dns,dns_flow_request_latency_seconds_bucket_le_0_05,19953,0,0.0
nanjing,dns,dns_flow_request_latency_seconds_bucket_le_0_05,19963,0,0.0
shanghai,dns,dns_flow_request_latency_seconds_bucket_le_0_05,19945,0,0.0
shenyang,dns,dns_flow_request_latency_seconds_bucket_le_0_05,19956,0,0.0
wuhan,dns,dns_flow_request_latency_seconds_bucket_le_0_05,19969,0,0.0
xian,dns,dns_flow_request_latency_seconds_bucket_le_0_05,19960,0,0.0
beida,dns,dns_flow_request_latency_seconds_bucket_le_0_1,19973,0,0.0
chengdu,dns,dns_flow_request_latency_seconds_bucket_le_0_1,19923,0,0.0
guangzhou,dns,dns_flow_request_latency_seconds_bucket_le_0_1,19953,0,0.0
nanjing,dns,dns_flow_request_latency_seconds_bucket_le_0_1,19963,0,0.0
shanghai,dns,dns_flow_request_latency_seconds_bucket_le_0_1,19945,0,0.0
shenyang,dns,dns_flow_request_latency_seconds_bucket_le_0_1,19956,0,0.0
wuhan,dns,dns_flow_request_latency_seconds_bucket_le_0_1,19969,0,0.0
xian,dns,dns_flow_request_latency_seconds_bucket_le_0_1,19960,0,0.0
beida,dns,dns_flow_request_latency_seconds_bucket_le_0_25,19973,0,0.0
chengdu,dns,dns_flow_request_latency_seconds_bucket_le_0_25,19923,0,0.0
guangzhou,dns,dns_flow_request_latency_seconds_bucket_le_0_25,19953,0,0.0
nanjing,dns,dns_flow_request_latency_seconds_bucket_le_0_25,19963,0,0.0
shanghai,dns,dns_flow_request_latency_seconds_bucket_le_0_25,19945,0,0.0
shenyang,dns,dns_flow_request_latency_seconds_bucket_le_0_25,19956,0,0.0
wuhan,dns,dns_flow_request_latency_seconds_bucket_le_0_25,19969,0,0.0
xian,dns,dns_flow_request_latency_seconds_bucket_le_0_25,19960,0,0.0
beida,dns,dns_flow_request_latency_seconds_bucket_le_0_5,19973,0,0.0
chengdu,dns,dns_flow_request_latency_seconds_bucket_le_0_5,19923,0,0.0
guangzhou,dns,dns_flow_request_latency_seconds_bucket_le_0_5,19953,0,0.0
nanjing,dns,dns_flow_request_latency_seconds_bucket_le_0_5,19963,0,0.0
shanghai,dns,dns_flow_request_latency_seconds_bucket_le_0_5,19945,0,0.0
shenyang,dns,dns_flow_request_latency_seconds_bucket_le_0_5,19956,0,0.0
wuhan,dns,dns_flow_request_latency_seconds_bucket_le_0_5,19969,0,0.0
xian,dns,dns_flow_request_latency_seconds_bucket_le_0_5,19960,0,0.0
beida,dns,dns_flow_request_latency_seconds_bucket_le_1,19973,0,0.0
chengdu,dns,dns_flow_request_latency_seconds_bucket_le_1,19923,0,0.0
guangzhou,dns,dns_flow_request_latency_seconds_bucket_le_1,19953,0,0.0
nanjing,dns,dns_flow_request_latency_seconds_bucket_le_1,19963,0,0.0
shanghai,dns,dns_flow_request_latency_seconds_bucket_le_1,19945,0,0.0
shenyang,dns,dns_flow_request_latency_seconds_bucket_le_1,19956,0,0.0
wuhan,dns,dns_flow_request_latency_seconds_bucket_le_1,19969,0,0.0
xian,dns,dns_flow_request_latency_seconds_bucket_le_1,19960,0,0.0
beida,dns,dns_flow_request_latency_seconds_bucket_le_2_5,19973,0,0.0
chengdu,dns,dns_flow_request_latency_seconds_bucket_le_2_5,19923,0,0.0
guangzhou,dns,dns_flow_request_latency_seconds_bucket_le_2_5,19953,0,0.0
nanjing,dns,dns_flow_request_latency_seconds_bucket_le_2_5,19963,0,0.0
shanghai,dns,dns_flow_request_latency_seconds_bucket_le_2_5,19945,0,0.0
shenyang,dns,dns_flow_request_latency_seconds_bucket_le_2_5,19956,0,0.0
wuhan,dns,dns_flow_request_latency_seconds_bucket_le_2_5,19969,0,0.0
xian,dns,dns_flow_request_latency_seconds_bucket_le_2_5,19960,0,0.0
beida,dns,dns_flow_request_latency_seconds_bucket_le_5,19973,0,0.0
chengdu,dns,dns_flow_request_latency_seconds_bucket_le_5,19923,0,0.0
guangzhou,dns,dns_flow_request_latency_seconds_bucket_le_5,19953,0,0.0
nanjing,dns,dns_flow_request_latency_seconds_bucket_le_5,19963,0,0.0
shanghai,dns,dns_flow_request_latency_seconds_bucket_le_5,19945,0,0.0
shenyang,dns,dns_flow_request_latency_seconds_bucket_le_5,19956,0,0.0
wuhan,dns,dns_flow_request_latency_seconds_bucket_le_5,19969,0,0.0
xian,dns,dns_flow_request_latency_seconds_bucket_le_5,19960,0,0.0
beida,dns,dns_flow_request_latency_seconds_bucket_le_plus_inf,19973,0,0.0
chengdu,dns,dns_flow_request_latency_seconds_bucket_le_plus_inf,19923,0,0.0
guangzhou,dns,dns_flow_request_latency_seconds_bucket_le_plus_inf,19953,0,0.0
nanjing,dns,dns_flow_request_latency_seconds_bucket_le_plus_inf,19963,0,0.0
shanghai,dns,dns_flow_request_latency_seconds_bucket_le_plus_inf,19945,0,0.0
shenyang,dns,dns_flow_request_latency_seconds_bucket_le_plus_inf,19956,0,0.0
wuhan,dns,dns_flow_request_latency_seconds_bucket_le_plus_inf,19969,0,0.0
xian,dns,dns_flow_request_latency_seconds_bucket_le_plus_inf,19960,0,0.0
beida,dns,dns_flow_request_latency_seconds_count,19973,0,0.0
chengdu,dns,dns_flow_request_latency_seconds_count,19923,0,0.0
guangzhou,dns,dns_flow_request_latency_seconds_count,19953,0,0.0
nanjing,dns,dns_flow_request_latency_seconds_count,19963,0,0.0
shanghai,dns,dns_flow_request_latency_seconds_count,19945,0,0.0
shenyang,dns,dns_flow_request_latency_seconds_count,19956,0,0.0
wuhan,dns,dns_flow_request_latency_seconds_count,19969,0,0.0
xian,dns,dns_flow_request_latency_seconds_count,19960,0,0.0
beida,dns,dns_flow_request_latency_seconds_sum,19973,0,0.0
chengdu,dns,dns_flow_request_latency_seconds_sum,19923,0,0.0
guangzhou,dns,dns_flow_request_latency_seconds_sum,19953,0,0.0
nanjing,dns,dns_flow_request_latency_seconds_sum,19963,0,0.0
shanghai,dns,dns_flow_request_latency_seconds_sum,19945,0,0.0
shenyang,dns,dns_flow_request_latency_seconds_sum,19956,0,0.0
wuhan,dns,dns_flow_request_latency_seconds_sum,19969,0,0.0
xian,dns,dns_flow_request_latency_seconds_sum,19960,0,0.0
beida,dns,dns_flow_requests_total,19973,0,0.0
chengdu,dns,dns_flow_requests_total,19923,0,0.0
guangzhou,dns,dns_flow_requests_total,19953,0,0.0
nanjing,dns,dns_flow_requests_total,19963,0,0.0
shanghai,dns,dns_flow_requests_total,19945,0,0.0
shenyang,dns,dns_flow_requests_total,19956,0,0.0
wuhan,dns,dns_flow_requests_total,19969,0,0.0
xian,dns,dns_flow_requests_total,19960,0,0.0
beida,dns,dns_flow_success_total,19973,0,0.0
chengdu,dns,dns_flow_success_total,19923,0,0.0
guangzhou,dns,dns_flow_success_total,19953,0,0.0
nanjing,dns,dns_flow_success_total,19963,0,0.0
shanghai,dns,dns_flow_success_total,19945,0,0.0
shenyang,dns,dns_flow_success_total,19956,0,0.0
wuhan,dns,dns_flow_success_total,19969,0,0.0
xian,dns,dns_flow_success_total,19960,0,0.0
beida,elephant,elephant_flow_active,843,0,0.0
chengdu,elephant,elephant_flow_active,740,0,0.0
guangzhou,elephant,elephant_flow_active,808,0,0.0
nanjing,elephant,elephant_flow_active,769,0,0.0
shanghai,elephant,elephant_flow_active,761,0,0.0
shenyang,elephant,elephant_flow_active,823,0,0.0
wuhan,elephant,elephant_flow_active,813,0,0.0
xian,elephant,elephant_flow_active,744,0,0.0
beida,elephant,elephant_flow_active_seconds_total,843,0,0.0
chengdu,elephant,elephant_flow_active_seconds_total,740,0,0.0
guangzhou,elephant,elephant_flow_active_seconds_total,808,0,0.0
nanjing,elephant,elephant_flow_active_seconds_total,769,0,0.0
shanghai,elephant,elephant_flow_active_seconds_total,761,0,0.0
shenyang,elephant,elephant_flow_active_seconds_total,823,0,0.0
wuhan,elephant,elephant_flow_active_seconds_total,813,0,0.0
xian,elephant,elephant_flow_active_seconds_total,744,0,0.0
beida,elephant,elephant_flow_batch_concurrency,843,0,0.0
chengdu,elephant,elephant_flow_batch_concurrency,740,0,0.0
guangzhou,elephant,elephant_flow_batch_concurrency,808,0,0.0
nanjing,elephant,elephant_flow_batch_concurrency,769,0,0.0
shanghai,elephant,elephant_flow_batch_concurrency,761,0,0.0
shenyang,elephant,elephant_flow_batch_concurrency,823,0,0.0
wuhan,elephant,elephant_flow_batch_concurrency,813,0,0.0
xian,elephant,elephant_flow_batch_concurrency,744,0,0.0
beida,elephant,elephant_flow_batch_duration_seconds,843,0,0.0
chengdu,elephant,elephant_flow_batch_duration_seconds,740,0,0.0
guangzhou,elephant,elephant_flow_batch_duration_seconds,808,0,0.0
nanjing,elephant,elephant_flow_batch_duration_seconds,769,0,0.0
shanghai,elephant,elephant_flow_batch_duration_seconds,761,0,0.0
shenyang,elephant,elephant_flow_batch_duration_seconds,823,0,0.0
wuhan,elephant,elephant_flow_batch_duration_seconds,813,0,0.0
xian,elephant,elephant_flow_batch_duration_seconds,744,0,0.0
beida,elephant,elephant_flow_batches_completed_total,843,0,0.0
chengdu,elephant,elephant_flow_batches_completed_total,740,0,0.0
guangzhou,elephant,elephant_flow_batches_completed_total,808,0,0.0
nanjing,elephant,elephant_flow_batches_completed_total,769,0,0.0
shanghai,elephant,elephant_flow_batches_completed_total,761,0,0.0
shenyang,elephant,elephant_flow_batches_completed_total,823,0,0.0
wuhan,elephant,elephant_flow_batches_completed_total,813,0,0.0
xian,elephant,elephant_flow_batches_completed_total,744,0,0.0
beida,elephant,elephant_flow_batches_failed_total,843,0,0.0
chengdu,elephant,elephant_flow_batches_failed_total,740,0,0.0
guangzhou,elephant,elephant_flow_batches_failed_total,808,0,0.0
nanjing,elephant,elephant_flow_batches_failed_total,769,0,0.0
shanghai,elephant,elephant_flow_batches_failed_total,761,0,0.0
shenyang,elephant,elephant_flow_batches_failed_total,823,0,0.0
wuhan,elephant,elephant_flow_batches_failed_total,813,0,0.0
xian,elephant,elephant_flow_batches_failed_total,744,0,0.0
beida,elephant,elephant_flow_batches_started_total,843,0,0.0
chengdu,elephant,elephant_flow_batches_started_total,740,0,0.0
guangzhou,elephant,elephant_flow_batches_started_total,808,0,0.0
nanjing,elephant,elephant_flow_batches_started_total,769,0,0.0
shanghai,elephant,elephant_flow_batches_started_total,761,0,0.0
shenyang,elephant,elephant_flow_batches_started_total,823,0,0.0
wuhan,elephant,elephant_flow_batches_started_total,813,0,0.0
xian,elephant,elephant_flow_batches_started_total,744,0,0.0
beida,elephant,elephant_flow_batches_timeout_total,843,0,0.0
chengdu,elephant,elephant_flow_batches_timeout_total,740,0,0.0
guangzhou,elephant,elephant_flow_batches_timeout_total,808,0,0.0
nanjing,elephant,elephant_flow_batches_timeout_total,769,0,0.0
shanghai,elephant,elephant_flow_batches_timeout_total,761,0,0.0
shenyang,elephant,elephant_flow_batches_timeout_total,823,0,0.0
wuhan,elephant,elephant_flow_batches_timeout_total,813,0,0.0
xian,elephant,elephant_flow_batches_timeout_total,744,0,0.0
beida,elephant,elephant_flow_bytes_received_total,843,0,0.0
chengdu,elephant,elephant_flow_bytes_received_total,740,0,0.0
guangzhou,elephant,elephant_flow_bytes_received_total,808,0,0.0
nanjing,elephant,elephant_flow_bytes_received_total,769,0,0.0
shanghai,elephant,elephant_flow_bytes_received_total,761,0,0.0
shenyang,elephant,elephant_flow_bytes_received_total,823,0,0.0
wuhan,elephant,elephant_flow_bytes_received_total,813,0,0.0
xian,elephant,elephant_flow_bytes_received_total,744,0,0.0
beida,elephant,elephant_flow_bytes_sent_total,843,0,0.0
chengdu,elephant,elephant_flow_bytes_sent_total,740,0,0.0
guangzhou,elephant,elephant_flow_bytes_sent_total,808,0,0.0
nanjing,elephant,elephant_flow_bytes_sent_total,769,0,0.0
shanghai,elephant,elephant_flow_bytes_sent_total,761,0,0.0
shenyang,elephant,elephant_flow_bytes_sent_total,823,0,0.0
wuhan,elephant,elephant_flow_bytes_sent_total,813,0,0.0
xian,elephant,elephant_flow_bytes_sent_total,744,0,0.0
beida,elephant,elephant_flow_duration_seconds_count,843,0,0.0
chengdu,elephant,elephant_flow_duration_seconds_count,740,0,0.0
guangzhou,elephant,elephant_flow_duration_seconds_count,808,0,0.0
nanjing,elephant,elephant_flow_duration_seconds_count,769,0,0.0
shanghai,elephant,elephant_flow_duration_seconds_count,761,0,0.0
shenyang,elephant,elephant_flow_duration_seconds_count,823,0,0.0
wuhan,elephant,elephant_flow_duration_seconds_count,813,0,0.0
xian,elephant,elephant_flow_duration_seconds_count,744,0,0.0
beida,elephant,elephant_flow_duration_seconds_sum,843,0,0.0
chengdu,elephant,elephant_flow_duration_seconds_sum,740,0,0.0
guangzhou,elephant,elephant_flow_duration_seconds_sum,808,0,0.0
nanjing,elephant,elephant_flow_duration_seconds_sum,769,0,0.0
shanghai,elephant,elephant_flow_duration_seconds_sum,761,0,0.0
shenyang,elephant,elephant_flow_duration_seconds_sum,823,0,0.0
wuhan,elephant,elephant_flow_duration_seconds_sum,813,0,0.0
xian,elephant,elephant_flow_duration_seconds_sum,744,0,0.0
beida,elephant,elephant_flow_error_total,843,0,0.0
chengdu,elephant,elephant_flow_error_total,740,0,0.0
guangzhou,elephant,elephant_flow_error_total,808,0,0.0
nanjing,elephant,elephant_flow_error_total,769,0,0.0
shanghai,elephant,elephant_flow_error_total,761,0,0.0
shenyang,elephant,elephant_flow_error_total,823,0,0.0
wuhan,elephant,elephant_flow_error_total,813,0,0.0
xian,elephant,elephant_flow_error_total,744,0,0.0
beida,elephant,elephant_flow_jitter_seconds,843,108,0.12811388
chengdu,elephant,elephant_flow_jitter_seconds,740,134,0.18108108
guangzhou,elephant,elephant_flow_jitter_seconds,808,113,0.13985149
nanjing,elephant,elephant_flow_jitter_seconds,769,106,0.13784135
shanghai,elephant,elephant_flow_jitter_seconds,761,107,0.14060447
shenyang,elephant,elephant_flow_jitter_seconds,823,111,0.13487242
wuhan,elephant,elephant_flow_jitter_seconds,813,120,0.14760148
xian,elephant,elephant_flow_jitter_seconds,744,113,0.15188172
beida,elephant,elephant_flow_last_batch_timestamp_seconds,843,0,0.0
chengdu,elephant,elephant_flow_last_batch_timestamp_seconds,740,0,0.0
guangzhou,elephant,elephant_flow_last_batch_timestamp_seconds,808,0,0.0
nanjing,elephant,elephant_flow_last_batch_timestamp_seconds,769,0,0.0
shanghai,elephant,elephant_flow_last_batch_timestamp_seconds,761,0,0.0
shenyang,elephant,elephant_flow_last_batch_timestamp_seconds,823,0,0.0
wuhan,elephant,elephant_flow_last_batch_timestamp_seconds,813,0,0.0
xian,elephant,elephant_flow_last_batch_timestamp_seconds,744,0,0.0
beida,elephant,elephant_flow_latency_mean_seconds,843,843,1.0
chengdu,elephant,elephant_flow_latency_mean_seconds,740,740,1.0
guangzhou,elephant,elephant_flow_latency_mean_seconds,808,808,1.0
nanjing,elephant,elephant_flow_latency_mean_seconds,769,769,1.0
shanghai,elephant,elephant_flow_latency_mean_seconds,761,761,1.0
shenyang,elephant,elephant_flow_latency_mean_seconds,823,823,1.0
wuhan,elephant,elephant_flow_latency_mean_seconds,813,813,1.0
xian,elephant,elephant_flow_latency_mean_seconds,744,744,1.0
beida,elephant,elephant_flow_latency_p95_seconds,843,843,1.0
chengdu,elephant,elephant_flow_latency_p95_seconds,740,740,1.0
guangzhou,elephant,elephant_flow_latency_p95_seconds,808,808,1.0
nanjing,elephant,elephant_flow_latency_p95_seconds,769,769,1.0
shanghai,elephant,elephant_flow_latency_p95_seconds,761,761,1.0
shenyang,elephant,elephant_flow_latency_p95_seconds,823,823,1.0
wuhan,elephant,elephant_flow_latency_p95_seconds,813,813,1.0
xian,elephant,elephant_flow_latency_p95_seconds,744,744,1.0
beida,elephant,elephant_flow_loss_rate,843,108,0.12811388
chengdu,elephant,elephant_flow_loss_rate,740,134,0.18108108
guangzhou,elephant,elephant_flow_loss_rate,808,113,0.13985149
nanjing,elephant,elephant_flow_loss_rate,769,106,0.13784135
shanghai,elephant,elephant_flow_loss_rate,761,107,0.14060447
shenyang,elephant,elephant_flow_loss_rate,823,111,0.13487242
wuhan,elephant,elephant_flow_loss_rate,813,120,0.14760148
xian,elephant,elephant_flow_loss_rate,744,113,0.15188172
beida,elephant,elephant_flow_observed_qps,843,843,1.0
chengdu,elephant,elephant_flow_observed_qps,740,740,1.0
guangzhou,elephant,elephant_flow_observed_qps,808,808,1.0
nanjing,elephant,elephant_flow_observed_qps,769,769,1.0
shanghai,elephant,elephant_flow_observed_qps,761,761,1.0
shenyang,elephant,elephant_flow_observed_qps,823,823,1.0
wuhan,elephant,elephant_flow_observed_qps,813,813,1.0
xian,elephant,elephant_flow_observed_qps,744,744,1.0
beida,elephant,elephant_flow_requests_total,843,0,0.0
chengdu,elephant,elephant_flow_requests_total,740,0,0.0
guangzhou,elephant,elephant_flow_requests_total,808,0,0.0
nanjing,elephant,elephant_flow_requests_total,769,0,0.0
shanghai,elephant,elephant_flow_requests_total,761,0,0.0
shenyang,elephant,elephant_flow_requests_total,823,0,0.0
wuhan,elephant,elephant_flow_requests_total,813,0,0.0
xian,elephant,elephant_flow_requests_total,744,0,0.0
beida,elephant,elephant_flow_retransmits_total,843,0,0.0
chengdu,elephant,elephant_flow_retransmits_total,740,0,0.0
guangzhou,elephant,elephant_flow_retransmits_total,808,0,0.0
nanjing,elephant,elephant_flow_retransmits_total,769,0,0.0
shanghai,elephant,elephant_flow_retransmits_total,761,0,0.0
shenyang,elephant,elephant_flow_retransmits_total,823,0,0.0
wuhan,elephant,elephant_flow_retransmits_total,813,0,0.0
xian,elephant,elephant_flow_retransmits_total,744,0,0.0
beida,elephant,elephant_flow_success_total,843,0,0.0
chengdu,elephant,elephant_flow_success_total,740,0,0.0
guangzhou,elephant,elephant_flow_success_total,808,0,0.0
nanjing,elephant,elephant_flow_success_total,769,0,0.0
shanghai,elephant,elephant_flow_success_total,761,0,0.0
shenyang,elephant,elephant_flow_success_total,823,0,0.0
wuhan,elephant,elephant_flow_success_total,813,0,0.0
xian,elephant,elephant_flow_success_total,744,0,0.0
beida,elephant,elephant_flow_throughput_bps,843,108,0.12811388
chengdu,elephant,elephant_flow_throughput_bps,740,134,0.18108108
guangzhou,elephant,elephant_flow_throughput_bps,808,113,0.13985149
nanjing,elephant,elephant_flow_throughput_bps,769,106,0.13784135
shanghai,elephant,elephant_flow_throughput_bps,761,107,0.14060447
shenyang,elephant,elephant_flow_throughput_bps,823,111,0.13487242
wuhan,elephant,elephant_flow_throughput_bps,813,120,0.14760148
xian,elephant,elephant_flow_throughput_bps,744,113,0.15188172
beida,web,web_flow_active,18717,0,0.0
chengdu,web,web_flow_active,18727,0,0.0
guangzhou,web,web_flow_active,18841,0,0.0
nanjing,web,web_flow_active,18733,0,0.0
shanghai,web,web_flow_active,18807,0,0.0
shenyang,web,web_flow_active,18805,0,0.0
wuhan,web,web_flow_active,18802,0,0.0
xian,web,web_flow_active,18706,0,0.0
beida,web,web_flow_active_seconds_total,18717,0,0.0
chengdu,web,web_flow_active_seconds_total,18727,0,0.0
guangzhou,web,web_flow_active_seconds_total,18841,0,0.0
nanjing,web,web_flow_active_seconds_total,18733,0,0.0
shanghai,web,web_flow_active_seconds_total,18807,0,0.0
shenyang,web,web_flow_active_seconds_total,18805,0,0.0
wuhan,web,web_flow_active_seconds_total,18802,0,0.0
xian,web,web_flow_active_seconds_total,18706,0,0.0
beida,web,web_flow_batch_concurrency,18717,0,0.0
chengdu,web,web_flow_batch_concurrency,18727,0,0.0
guangzhou,web,web_flow_batch_concurrency,18841,0,0.0
nanjing,web,web_flow_batch_concurrency,18733,0,0.0
shanghai,web,web_flow_batch_concurrency,18807,0,0.0
shenyang,web,web_flow_batch_concurrency,18805,0,0.0
wuhan,web,web_flow_batch_concurrency,18802,0,0.0
xian,web,web_flow_batch_concurrency,18706,0,0.0
beida,web,web_flow_batch_duration_seconds,18717,0,0.0
chengdu,web,web_flow_batch_duration_seconds,18727,0,0.0
guangzhou,web,web_flow_batch_duration_seconds,18841,0,0.0
nanjing,web,web_flow_batch_duration_seconds,18733,0,0.0
shanghai,web,web_flow_batch_duration_seconds,18807,0,0.0
shenyang,web,web_flow_batch_duration_seconds,18805,0,0.0
wuhan,web,web_flow_batch_duration_seconds,18802,0,0.0
xian,web,web_flow_batch_duration_seconds,18706,0,0.0
beida,web,web_flow_batches_completed_total,18717,0,0.0
chengdu,web,web_flow_batches_completed_total,18727,0,0.0
guangzhou,web,web_flow_batches_completed_total,18841,0,0.0
nanjing,web,web_flow_batches_completed_total,18733,0,0.0
shanghai,web,web_flow_batches_completed_total,18807,0,0.0
shenyang,web,web_flow_batches_completed_total,18805,0,0.0
wuhan,web,web_flow_batches_completed_total,18802,0,0.0
xian,web,web_flow_batches_completed_total,18706,0,0.0
beida,web,web_flow_batches_failed_total,18717,0,0.0
chengdu,web,web_flow_batches_failed_total,18727,0,0.0
guangzhou,web,web_flow_batches_failed_total,18841,0,0.0
nanjing,web,web_flow_batches_failed_total,18733,0,0.0
shanghai,web,web_flow_batches_failed_total,18807,0,0.0
shenyang,web,web_flow_batches_failed_total,18805,0,0.0
wuhan,web,web_flow_batches_failed_total,18802,0,0.0
xian,web,web_flow_batches_failed_total,18706,0,0.0
beida,web,web_flow_batches_started_total,18717,0,0.0
chengdu,web,web_flow_batches_started_total,18727,0,0.0
guangzhou,web,web_flow_batches_started_total,18841,0,0.0
nanjing,web,web_flow_batches_started_total,18733,0,0.0
shanghai,web,web_flow_batches_started_total,18807,0,0.0
shenyang,web,web_flow_batches_started_total,18805,0,0.0
wuhan,web,web_flow_batches_started_total,18802,0,0.0
xian,web,web_flow_batches_started_total,18706,0,0.0
beida,web,web_flow_batches_timeout_total,18717,0,0.0
chengdu,web,web_flow_batches_timeout_total,18727,0,0.0
guangzhou,web,web_flow_batches_timeout_total,18841,0,0.0
nanjing,web,web_flow_batches_timeout_total,18733,0,0.0
shanghai,web,web_flow_batches_timeout_total,18807,0,0.0
shenyang,web,web_flow_batches_timeout_total,18805,0,0.0
wuhan,web,web_flow_batches_timeout_total,18802,0,0.0
xian,web,web_flow_batches_timeout_total,18706,0,0.0
beida,web,web_flow_bytes_received_total,18717,0,0.0
chengdu,web,web_flow_bytes_received_total,18727,0,0.0
guangzhou,web,web_flow_bytes_received_total,18841,0,0.0
nanjing,web,web_flow_bytes_received_total,18733,0,0.0
shanghai,web,web_flow_bytes_received_total,18807,0,0.0
shenyang,web,web_flow_bytes_received_total,18805,0,0.0
wuhan,web,web_flow_bytes_received_total,18802,0,0.0
xian,web,web_flow_bytes_received_total,18706,0,0.0
beida,web,web_flow_bytes_sent_total,18717,0,0.0
chengdu,web,web_flow_bytes_sent_total,18727,0,0.0
guangzhou,web,web_flow_bytes_sent_total,18841,0,0.0
nanjing,web,web_flow_bytes_sent_total,18733,0,0.0
shanghai,web,web_flow_bytes_sent_total,18807,0,0.0
shenyang,web,web_flow_bytes_sent_total,18805,0,0.0
wuhan,web,web_flow_bytes_sent_total,18802,0,0.0
xian,web,web_flow_bytes_sent_total,18706,0,0.0
beida,web,web_flow_duration_seconds_count,18717,0,0.0
chengdu,web,web_flow_duration_seconds_count,18727,0,0.0
guangzhou,web,web_flow_duration_seconds_count,18841,0,0.0
nanjing,web,web_flow_duration_seconds_count,18733,0,0.0
shanghai,web,web_flow_duration_seconds_count,18807,0,0.0
shenyang,web,web_flow_duration_seconds_count,18805,0,0.0
wuhan,web,web_flow_duration_seconds_count,18802,0,0.0
xian,web,web_flow_duration_seconds_count,18706,0,0.0
beida,web,web_flow_duration_seconds_sum,18717,0,0.0
chengdu,web,web_flow_duration_seconds_sum,18727,0,0.0
guangzhou,web,web_flow_duration_seconds_sum,18841,0,0.0
nanjing,web,web_flow_duration_seconds_sum,18733,0,0.0
shanghai,web,web_flow_duration_seconds_sum,18807,0,0.0
shenyang,web,web_flow_duration_seconds_sum,18805,0,0.0
wuhan,web,web_flow_duration_seconds_sum,18802,0,0.0
xian,web,web_flow_duration_seconds_sum,18706,0,0.0
beida,web,web_flow_error_total,18717,0,0.0
chengdu,web,web_flow_error_total,18727,0,0.0
guangzhou,web,web_flow_error_total,18841,0,0.0
nanjing,web,web_flow_error_total,18733,0,0.0
shanghai,web,web_flow_error_total,18807,0,0.0
shenyang,web,web_flow_error_total,18805,0,0.0
wuhan,web,web_flow_error_total,18802,0,0.0
xian,web,web_flow_error_total,18706,0,0.0
beida,web,web_flow_last_batch_timestamp_seconds,18717,0,0.0
chengdu,web,web_flow_last_batch_timestamp_seconds,18727,0,0.0
guangzhou,web,web_flow_last_batch_timestamp_seconds,18841,0,0.0
nanjing,web,web_flow_last_batch_timestamp_seconds,18733,0,0.0
shanghai,web,web_flow_last_batch_timestamp_seconds,18807,0,0.0
shenyang,web,web_flow_last_batch_timestamp_seconds,18805,0,0.0
wuhan,web,web_flow_last_batch_timestamp_seconds,18802,0,0.0
xian,web,web_flow_last_batch_timestamp_seconds,18706,0,0.0
beida,web,web_flow_latency_mean_seconds,18717,0,0.0
chengdu,web,web_flow_latency_mean_seconds,18727,0,0.0
guangzhou,web,web_flow_latency_mean_seconds,18841,0,0.0
nanjing,web,web_flow_latency_mean_seconds,18733,0,0.0
shanghai,web,web_flow_latency_mean_seconds,18807,0,0.0
shenyang,web,web_flow_latency_mean_seconds,18805,0,0.0
wuhan,web,web_flow_latency_mean_seconds,18802,0,0.0
xian,web,web_flow_latency_mean_seconds,18706,0,0.0
beida,web,web_flow_latency_p95_seconds,18717,0,0.0
chengdu,web,web_flow_latency_p95_seconds,18727,0,0.0
guangzhou,web,web_flow_latency_p95_seconds,18841,0,0.0
nanjing,web,web_flow_latency_p95_seconds,18733,0,0.0
shanghai,web,web_flow_latency_p95_seconds,18807,0,0.0
shenyang,web,web_flow_latency_p95_seconds,18805,0,0.0
wuhan,web,web_flow_latency_p95_seconds,18802,0,0.0
xian,web,web_flow_latency_p95_seconds,18706,0,0.0
beida,web,web_flow_observed_qps,18717,0,0.0
chengdu,web,web_flow_observed_qps,18727,0,0.0
guangzhou,web,web_flow_observed_qps,18841,0,0.0
nanjing,web,web_flow_observed_qps,18733,0,0.0
shanghai,web,web_flow_observed_qps,18807,0,0.0
shenyang,web,web_flow_observed_qps,18805,0,0.0
wuhan,web,web_flow_observed_qps,18802,0,0.0
xian,web,web_flow_observed_qps,18706,0,0.0
beida,web,web_flow_request_latency_seconds_bucket_le_0_01,18717,0,0.0
chengdu,web,web_flow_request_latency_seconds_bucket_le_0_01,18727,0,0.0
guangzhou,web,web_flow_request_latency_seconds_bucket_le_0_01,18841,0,0.0
nanjing,web,web_flow_request_latency_seconds_bucket_le_0_01,18733,0,0.0
shanghai,web,web_flow_request_latency_seconds_bucket_le_0_01,18807,0,0.0
shenyang,web,web_flow_request_latency_seconds_bucket_le_0_01,18805,0,0.0
wuhan,web,web_flow_request_latency_seconds_bucket_le_0_01,18802,0,0.0
xian,web,web_flow_request_latency_seconds_bucket_le_0_01,18706,0,0.0
beida,web,web_flow_request_latency_seconds_bucket_le_0_025,18717,0,0.0
chengdu,web,web_flow_request_latency_seconds_bucket_le_0_025,18727,0,0.0
guangzhou,web,web_flow_request_latency_seconds_bucket_le_0_025,18841,0,0.0
nanjing,web,web_flow_request_latency_seconds_bucket_le_0_025,18733,0,0.0
shanghai,web,web_flow_request_latency_seconds_bucket_le_0_025,18807,0,0.0
shenyang,web,web_flow_request_latency_seconds_bucket_le_0_025,18805,0,0.0
wuhan,web,web_flow_request_latency_seconds_bucket_le_0_025,18802,0,0.0
xian,web,web_flow_request_latency_seconds_bucket_le_0_025,18706,0,0.0
beida,web,web_flow_request_latency_seconds_bucket_le_0_05,18717,0,0.0
chengdu,web,web_flow_request_latency_seconds_bucket_le_0_05,18727,0,0.0
guangzhou,web,web_flow_request_latency_seconds_bucket_le_0_05,18841,0,0.0
nanjing,web,web_flow_request_latency_seconds_bucket_le_0_05,18733,0,0.0
shanghai,web,web_flow_request_latency_seconds_bucket_le_0_05,18807,0,0.0
shenyang,web,web_flow_request_latency_seconds_bucket_le_0_05,18805,0,0.0
wuhan,web,web_flow_request_latency_seconds_bucket_le_0_05,18802,0,0.0
xian,web,web_flow_request_latency_seconds_bucket_le_0_05,18706,0,0.0
beida,web,web_flow_request_latency_seconds_bucket_le_0_1,18717,0,0.0
chengdu,web,web_flow_request_latency_seconds_bucket_le_0_1,18727,0,0.0
guangzhou,web,web_flow_request_latency_seconds_bucket_le_0_1,18841,0,0.0
nanjing,web,web_flow_request_latency_seconds_bucket_le_0_1,18733,0,0.0
shanghai,web,web_flow_request_latency_seconds_bucket_le_0_1,18807,0,0.0
shenyang,web,web_flow_request_latency_seconds_bucket_le_0_1,18805,0,0.0
wuhan,web,web_flow_request_latency_seconds_bucket_le_0_1,18802,0,0.0
xian,web,web_flow_request_latency_seconds_bucket_le_0_1,18706,0,0.0
beida,web,web_flow_request_latency_seconds_bucket_le_0_25,18717,0,0.0
chengdu,web,web_flow_request_latency_seconds_bucket_le_0_25,18727,0,0.0
guangzhou,web,web_flow_request_latency_seconds_bucket_le_0_25,18841,0,0.0
nanjing,web,web_flow_request_latency_seconds_bucket_le_0_25,18733,0,0.0
shanghai,web,web_flow_request_latency_seconds_bucket_le_0_25,18807,0,0.0
shenyang,web,web_flow_request_latency_seconds_bucket_le_0_25,18805,0,0.0
wuhan,web,web_flow_request_latency_seconds_bucket_le_0_25,18802,0,0.0
xian,web,web_flow_request_latency_seconds_bucket_le_0_25,18706,0,0.0
beida,web,web_flow_request_latency_seconds_bucket_le_0_5,18717,0,0.0
chengdu,web,web_flow_request_latency_seconds_bucket_le_0_5,18727,0,0.0
guangzhou,web,web_flow_request_latency_seconds_bucket_le_0_5,18841,0,0.0
nanjing,web,web_flow_request_latency_seconds_bucket_le_0_5,18733,0,0.0
shanghai,web,web_flow_request_latency_seconds_bucket_le_0_5,18807,0,0.0
shenyang,web,web_flow_request_latency_seconds_bucket_le_0_5,18805,0,0.0
wuhan,web,web_flow_request_latency_seconds_bucket_le_0_5,18802,0,0.0
xian,web,web_flow_request_latency_seconds_bucket_le_0_5,18706,0,0.0
beida,web,web_flow_request_latency_seconds_bucket_le_1,18717,0,0.0
chengdu,web,web_flow_request_latency_seconds_bucket_le_1,18727,0,0.0
guangzhou,web,web_flow_request_latency_seconds_bucket_le_1,18841,0,0.0
nanjing,web,web_flow_request_latency_seconds_bucket_le_1,18733,0,0.0
shanghai,web,web_flow_request_latency_seconds_bucket_le_1,18807,0,0.0
shenyang,web,web_flow_request_latency_seconds_bucket_le_1,18805,0,0.0
wuhan,web,web_flow_request_latency_seconds_bucket_le_1,18802,0,0.0
xian,web,web_flow_request_latency_seconds_bucket_le_1,18706,0,0.0
beida,web,web_flow_request_latency_seconds_bucket_le_2_5,18717,0,0.0
chengdu,web,web_flow_request_latency_seconds_bucket_le_2_5,18727,0,0.0
guangzhou,web,web_flow_request_latency_seconds_bucket_le_2_5,18841,0,0.0
nanjing,web,web_flow_request_latency_seconds_bucket_le_2_5,18733,0,0.0
shanghai,web,web_flow_request_latency_seconds_bucket_le_2_5,18807,0,0.0
shenyang,web,web_flow_request_latency_seconds_bucket_le_2_5,18805,0,0.0
wuhan,web,web_flow_request_latency_seconds_bucket_le_2_5,18802,0,0.0
xian,web,web_flow_request_latency_seconds_bucket_le_2_5,18706,0,0.0
beida,web,web_flow_request_latency_seconds_bucket_le_5,18717,0,0.0
chengdu,web,web_flow_request_latency_seconds_bucket_le_5,18727,0,0.0
guangzhou,web,web_flow_request_latency_seconds_bucket_le_5,18841,0,0.0
nanjing,web,web_flow_request_latency_seconds_bucket_le_5,18733,0,0.0
shanghai,web,web_flow_request_latency_seconds_bucket_le_5,18807,0,0.0
shenyang,web,web_flow_request_latency_seconds_bucket_le_5,18805,0,0.0
wuhan,web,web_flow_request_latency_seconds_bucket_le_5,18802,0,0.0
xian,web,web_flow_request_latency_seconds_bucket_le_5,18706,0,0.0
beida,web,web_flow_request_latency_seconds_bucket_le_plus_inf,18717,0,0.0
chengdu,web,web_flow_request_latency_seconds_bucket_le_plus_inf,18727,0,0.0
guangzhou,web,web_flow_request_latency_seconds_bucket_le_plus_inf,18841,0,0.0
nanjing,web,web_flow_request_latency_seconds_bucket_le_plus_inf,18733,0,0.0
shanghai,web,web_flow_request_latency_seconds_bucket_le_plus_inf,18807,0,0.0
shenyang,web,web_flow_request_latency_seconds_bucket_le_plus_inf,18805,0,0.0
wuhan,web,web_flow_request_latency_seconds_bucket_le_plus_inf,18802,0,0.0
xian,web,web_flow_request_latency_seconds_bucket_le_plus_inf,18706,0,0.0
beida,web,web_flow_request_latency_seconds_count,18717,0,0.0
chengdu,web,web_flow_request_latency_seconds_count,18727,0,0.0
guangzhou,web,web_flow_request_latency_seconds_count,18841,0,0.0
nanjing,web,web_flow_request_latency_seconds_count,18733,0,0.0
shanghai,web,web_flow_request_latency_seconds_count,18807,0,0.0
shenyang,web,web_flow_request_latency_seconds_count,18805,0,0.0
wuhan,web,web_flow_request_latency_seconds_count,18802,0,0.0
xian,web,web_flow_request_latency_seconds_count,18706,0,0.0
beida,web,web_flow_request_latency_seconds_sum,18717,0,0.0
chengdu,web,web_flow_request_latency_seconds_sum,18727,0,0.0
guangzhou,web,web_flow_request_latency_seconds_sum,18841,0,0.0
nanjing,web,web_flow_request_latency_seconds_sum,18733,0,0.0
shanghai,web,web_flow_request_latency_seconds_sum,18807,0,0.0
shenyang,web,web_flow_request_latency_seconds_sum,18805,0,0.0
wuhan,web,web_flow_request_latency_seconds_sum,18802,0,0.0
xian,web,web_flow_request_latency_seconds_sum,18706,0,0.0
beida,web,web_flow_requests_total,18717,0,0.0
chengdu,web,web_flow_requests_total,18727,0,0.0
guangzhou,web,web_flow_requests_total,18841,0,0.0
nanjing,web,web_flow_requests_total,18733,0,0.0
shanghai,web,web_flow_requests_total,18807,0,0.0
shenyang,web,web_flow_requests_total,18805,0,0.0
wuhan,web,web_flow_requests_total,18802,0,0.0
xian,web,web_flow_requests_total,18706,0,0.0
beida,web,web_flow_success_total,18717,0,0.0
chengdu,web,web_flow_success_total,18727,0,0.0
guangzhou,web,web_flow_success_total,18841,0,0.0
nanjing,web,web_flow_success_total,18733,0,0.0
shanghai,web,web_flow_success_total,18807,0,0.0
shenyang,web,web_flow_success_total,18805,0,0.0
wuhan,web,web_flow_success_total,18802,0,0.0
xian,web,web_flow_success_total,18706,0,0.0
