flow_type,field,active_flow_rows,missing_on_active_flow_rows,conditional_missing_fraction
auth,auth_flow_active,105146,0,0.0
auth,auth_flow_active_seconds_total,105146,0,0.0
auth,auth_flow_batch_concurrency,105146,0,0.0
auth,auth_flow_batch_duration_seconds,105146,0,0.0
auth,auth_flow_batches_completed_total,105146,0,0.0
auth,auth_flow_batches_failed_total,105146,0,0.0
auth,auth_flow_batches_started_total,105146,0,0.0
auth,auth_flow_batches_timeout_total,105146,0,0.0
auth,auth_flow_bytes_received_total,105146,0,0.0
auth,auth_flow_bytes_sent_total,105146,0,0.0
auth,auth_flow_duration_seconds_count,105146,0,0.0
auth,auth_flow_duration_seconds_sum,105146,0,0.0
auth,auth_flow_error_total,105146,0,0.0
auth,auth_flow_last_batch_timestamp_seconds,105146,0,0.0
auth,auth_flow_latency_mean_seconds,105146,0,0.0
auth,auth_flow_latency_p95_seconds,105146,0,0.0
auth,auth_flow_observed_qps,105146,0,0.0
auth,auth_flow_request_latency_seconds_bucket_le_0_01,105146,0,0.0
auth,auth_flow_request_latency_seconds_bucket_le_0_025,105146,0,0.0
auth,auth_flow_request_latency_seconds_bucket_le_0_05,105146,0,0.0
auth,auth_flow_request_latency_seconds_bucket_le_0_1,105146,0,0.0
auth,auth_flow_request_latency_seconds_bucket_le_0_25,105146,0,0.0
auth,auth_flow_request_latency_seconds_bucket_le_0_5,105146,0,0.0
auth,auth_flow_request_latency_seconds_bucket_le_1,105146,0,0.0
auth,auth_flow_request_latency_seconds_bucket_le_2_5,105146,0,0.0
auth,auth_flow_request_latency_seconds_bucket_le_5,105146,0,0.0
auth,auth_flow_request_latency_seconds_bucket_le_plus_inf,105146,0,0.0
auth,auth_flow_request_latency_seconds_count,105146,0,0.0
auth,auth_flow_request_latency_seconds_sum,105146,0,0.0
auth,auth_flow_requests_total,105146,0,0.0
auth,auth_flow_success_total,105146,0,0.0
dns,dns_flow_active,159642,0,0.0
dns,dns_flow_active_seconds_total,159642,0,0.0
dns,dns_flow_batch_concurrency,159642,0,0.0
dns,dns_flow_batch_duration_seconds,159642,0,0.0
dns,dns_flow_batches_completed_total,159642,0,0.0
dns,dns_flow_batches_failed_total,159642,0,0.0
dns,dns_flow_batches_started_total,159642,0,0.0
dns,dns_flow_batches_timeout_total,159642,0,0.0
dns,dns_flow_bytes_received_total,159642,0,0.0
dns,dns_flow_bytes_sent_total,159642,0,0.0
dns,dns_flow_duration_seconds_count,159642,0,0.0
dns,dns_flow_duration_seconds_sum,159642,0,0.0
dns,dns_flow_error_total,159642,0,0.0
dns,dns_flow_last_batch_timestamp_seconds,159642,0,0.0
dns,dns_flow_latency_mean_seconds,159642,0,0.0
dns,dns_flow_latency_p95_seconds,159642,0,0.0
dns,dns_flow_observed_qps,159642,0,0.0
dns,dns_flow_request_latency_seconds_bucket_le_0_01,159642,0,0.0
dns,dns_flow_request_latency_seconds_bucket_le_0_025,159642,0,0.0
dns,dns_flow_request_latency_seconds_bucket_le_0_05,159642,0,0.0
dns,dns_flow_request_latency_seconds_bucket_le_0_1,159642,0,0.0
dns,dns_flow_request_latency_seconds_bucket_le_0_25,159642,0,0.0
dns,dns_flow_request_latency_seconds_bucket_le_0_5,159642,0,0.0
dns,dns_flow_request_latency_seconds_bucket_le_1,159642,0,0.0
dns,dns_flow_request_latency_seconds_bucket_le_2_5,159642,0,0.0
dns,dns_flow_request_latency_seconds_bucket_le_5,159642,0,0.0
dns,dns_flow_request_latency_seconds_bucket_le_plus_inf,159642,0,0.0
dns,dns_flow_request_latency_seconds_count,159642,0,0.0
dns,dns_flow_request_latency_seconds_sum,159642,0,0.0
dns,dns_flow_requests_total,159642,0,0.0
dns,dns_flow_success_total,159642,0,0.0
elephant,elephant_flow_active,6301,0,0.0
elephant,elephant_flow_active_seconds_total,6301,0,0.0
elephant,elephant_flow_batch_concurrency,6301,0,0.0
elephant,elephant_flow_batch_duration_seconds,6301,0,0.0
elephant,elephant_flow_batches_completed_total,6301,0,0.0
elephant,elephant_flow_batches_failed_total,6301,0,0.0
elephant,elephant_flow_batches_started_total,6301,0,0.0
elephant,elephant_flow_batches_timeout_total,6301,0,0.0
elephant,elephant_flow_bytes_received_total,6301,0,0.0
elephant,elephant_flow_bytes_sent_total,6301,0,0.0
elephant,elephant_flow_duration_seconds_count,6301,0,0.0
elephant,elephant_flow_duration_seconds_sum,6301,0,0.0
elephant,elephant_flow_error_total,6301,0,0.0
elephant,elephant_flow_jitter_seconds,6301,912,0.14473893
elephant,elephant_flow_last_batch_timestamp_seconds,6301,0,0.0
elephant,elephant_flow_latency_mean_seconds,6301,6301,1.0
elephant,elephant_flow_latency_p95_seconds,6301,6301,1.0
elephant,elephant_flow_loss_rate,6301,912,0.14473893
elephant,elephant_flow_observed_qps,6301,6301,1.0
elephant,elephant_flow_requests_total,6301,0,0.0
elephant,elephant_flow_retransmits_total,6301,0,0.0
elephant,elephant_flow_success_total,6301,0,0.0
elephant,elephant_flow_throughput_bps,6301,912,0.14473893
web,web_flow_active,150138,0,0.0
web,web_flow_active_seconds_total,150138,0,0.0
web,web_flow_batch_concurrency,150138,0,0.0
web,web_flow_batch_duration_seconds,150138,0,0.0
web,web_flow_batches_completed_total,150138,0,0.0
web,web_flow_batches_failed_total,150138,0,0.0
web,web_flow_batches_started_total,150138,0,0.0
web,web_flow_batches_timeout_total,150138,0,0.0
web,web_flow_bytes_received_total,150138,0,0.0
web,web_flow_bytes_sent_total,150138,0,0.0
web,web_flow_duration_seconds_count,150138,0,0.0
web,web_flow_duration_seconds_sum,150138,0,0.0
web,web_flow_error_total,150138,0,0.0
web,web_flow_last_batch_timestamp_seconds,150138,0,0.0
web,web_flow_latency_mean_seconds,150138,0,0.0
web,web_flow_latency_p95_seconds,150138,0,0.0
web,web_flow_observed_qps,150138,0,0.0
web,web_flow_request_latency_seconds_bucket_le_0_01,150138,0,0.0
web,web_flow_request_latency_seconds_bucket_le_0_025,150138,0,0.0
web,web_flow_request_latency_seconds_bucket_le_0_05,150138,0,0.0
web,web_flow_request_latency_seconds_bucket_le_0_1,150138,0,0.0
web,web_flow_request_latency_seconds_bucket_le_0_25,150138,0,0.0
web,web_flow_request_latency_seconds_bucket_le_0_5,150138,0,0.0
web,web_flow_request_latency_seconds_bucket_le_1,150138,0,0.0
web,web_flow_request_latency_seconds_bucket_le_2_5,150138,0,0.0
web,web_flow_request_latency_seconds_bucket_le_5,150138,0,0.0
web,web_flow_request_latency_seconds_bucket_le_plus_inf,150138,0,0.0
web,web_flow_request_latency_seconds_count,150138,0,0.0
web,web_flow_request_latency_seconds_sum,150138,0,0.0
web,web_flow_requests_total,150138,0,0.0
web,web_flow_success_total,150138,0,0.0
